headline,pub_date
"To get young students back in classrooms, California plans to offer a financial incentive to districts to reopen.",2020-12-30 23:49:13
Iran Approves Payments for Shooting Down Ukraine Airliner,2020-12-30 22:16:07
Indian State Ruled by Modi’s Party Bans Islamic Schools,2020-12-30 21:10:34
"Brexit, Lockdown and a Vaccine: A Head-Spinning Day of Change in U.K.",2020-12-30 20:42:43
"As the U.S. vaccine drive lags, a fast-moving coronavirus variant reaches a second state.",2020-12-30 19:37:21
"The World Starts Saying Goodbye, at Long Last, to 2020",2020-12-30 19:00:16
Norway Landslide Injures 10 and Leaves 10 Missing,2020-12-30 16:27:07
How Argentina Bucked Tradition in Latin America and Legalized Abortion,2020-12-30 16:06:10
England moves closer to full lockdown with millions more placed under the country’s tightest restrictions.,2020-12-30 16:04:37
"As Aftershocks Rattle Croatia, Quake Recovery Is Slow and Perilous",2020-12-30 15:25:54
Yemen Airport Is Attacked as New Government Arrives,2020-12-30 13:13:03
U.K. Parliament Approves Post-Brexit Trade Deal,2020-12-30 13:11:30
She Mocked Men’s Bluster. Then Came the Complaints.,2020-12-30 12:52:49
Estimates put the number of infections in Wuhan far above official counts.,2020-12-30 12:16:36
Indonesia Disbands Radical Islamic Group Over Charges of Violence,2020-12-30 10:43:18
Mexico’s drug cartels have adapted quickly to the pandemic world.,2020-12-30 10:08:16
Prisoners in Oregon can sue state officials in federal court over their handling of the pandemic.,2020-12-30 10:08:16
Long-term symptoms can send virus patients back to overburdened hospitals.,2020-12-30 10:08:15
The pandemic has been devastating for children from low-income families.,2020-12-30 10:08:15
‘I’ve come from 2020 to remind you not to forget.’ A 12-year-old writes a letter to her post-pandemic self.,2020-12-30 10:08:15
"Yes, the Times Square ball will drop this New Year’s. But you need an invitation.",2020-12-30 10:08:15
25 Days That Changed the World: How Covid-19 Slipped China’s Grasp,2020-12-30 10:03:18
"Jonathan Pollard, Spy for Israel, Gets Hero’s Welcome From Netanyahu: ‘You’re Home’",2020-12-30 08:27:31
"Vaccine announcements from Britain, China and other countries bolster the push for inoculations.",2020-12-30 07:59:49
"Argentina Legalizes Abortion, a Milestone in a Conservative Region",2020-12-30 07:16:37
U.K. Authorizes Covid-19 Vaccine From Oxford and AstraZeneca,2020-12-30 07:07:33
"A Chinese coronavirus vaccine has proved effective, its maker said.",2020-12-30 05:44:52
Hong Kong Protesters Who Fled by Boat Are Sentenced to Prison in China,2020-12-30 03:33:16
"China is set to vaccinate millions, but without much proof that its vaccines work.",2020-12-30 00:48:21
"Moderna will give its Covid-19 vaccine to its workers, board members and some relatives.",2020-12-29 23:59:47
Arrest of Cameraman in Ethiopia Signals Wider Crackdown,2020-12-29 23:15:53
"Hit Hard by the Pandemic, Mexico’s Drug Cartels Tweaked Their Playbook",2020-12-29 22:57:41
Two million children in the U.S. have tested positive.,2020-12-29 22:18:58
The first confirmed U.S. case of the more contagious British variant has been found in Colorado.,2020-12-29 21:58:25
Egypt Court Sentences Ex-Student to 3 Years in #MeToo Case,2020-12-29 21:10:27
Bulgaria uses hot dog trucks to deliver its first shipment of the vaccine.,2020-12-29 20:49:55
Britain Mourns a Cherished Education Exchange Program Ended by Brexit,2020-12-29 19:15:35
The grandmother who was the first to get the vaccine in Britain gets her second dose.,2020-12-29 18:44:05
U.K. Says It Can’t Guarantee Assistance for Citizen Held in Iran,2020-12-29 17:51:28
U.K. Virus Surge Surpasses Spring Peak as Lockdown Choices Loom,2020-12-29 16:06:44
New data triples Russia’s death toll.,2020-12-29 15:08:25
New Data Triples Russia’s Covid-19 Death Toll,2020-12-29 15:06:36
"The coronavirus pandemic is “not necessarily the big one,” senior W.H.O. official says.",2020-12-29 14:44:30
"Legal Abortion, Once a Long Shot in Catholic Argentina, Now Within Reach",2020-12-29 13:56:58
The Netherlands sees its highest number of excess deaths since World War II.,2020-12-29 13:32:52
"In 2020, We Were There: The Year’s 13 Most Popular Dispatches",2020-12-29 13:32:31
Strong Earthquake Strikes Central Croatia,2020-12-29 12:52:40
The retail industry’s tumultuous year began before the pandemic.,2020-12-29 10:11:12
"Hospital and case numbers in England surpass the first peak, despite lockdowns.",2020-12-29 10:11:12
Remote schooling brings bigger losses for children still learning to speak English.,2020-12-29 10:11:12
Employers are struggling to manage unused vacation days.,2020-12-29 10:11:12
South Africa will make plenty of vaccine. But its citizens are at the back of the line.,2020-12-29 10:11:12
How much coronavirus a person carries could predict how sick they’ll get.,2020-12-29 10:11:11
A Far-Right Terrorism Suspect With a Refugee Disguise: The Tale of Franco A.,2020-12-29 05:12:08
Pope Francis Strips Powerful Vatican Office of Its Financial Assets,2020-12-28 21:26:32
"For Covid-19 Vaccines, Some Are Too Rich — and Too Poor",2020-12-28 20:56:04
More people were screened at U.S. airports on Sunday than on any other day since mid-March.,2020-12-28 20:18:08
New York State’s positive test rate reaches its highest point since May: 8.3%.,2020-12-28 19:49:45
"Austrian Lockdown Covers Schools and Stores, but Not Ski Hills",2020-12-28 19:15:50
"Spain will register those who choose not to get vaccinated, and will share the information with the E.U.",2020-12-28 18:55:38
"Spain surpasses 50,000 virus deaths, and other news from around the world.",2020-12-28 18:52:45
A small number of Covid patients with no history of mental illness are developing severe psychosis.,2020-12-28 17:49:03
New York bans most evictions as tenants struggle to pay rent.,2020-12-28 17:07:31
"Outside a New Mexico hospital, two pizzas from a stranger said it all.",2020-12-28 16:07:03
Saudi Activist Who Fought for Women’s Right to Drive Is Sentenced to Prison,2020-12-28 14:26:14
It’s been a year since the virus first emerged. Here’s how things unfolded.,2020-12-28 14:20:52
Novavax is starting the final stage of testing for its vaccine.,2020-12-28 14:15:16
Some doses of Pfizer’s vaccine are slightly delayed over cold-storage concerns.,2020-12-28 11:41:55
What it feels like to get the vaccine.,2020-12-28 10:02:43
"For Americans, the stimulus promises a bit of financial help after a tough holiday season.",2020-12-28 10:00:25
China warns against Lunar New Year travel after finding cases in two cities.,2020-12-28 10:00:22
Italy uses flowers to help spread a vaccine message.,2020-12-28 10:00:21
Refugees Come Under Fire as Old Foes Fight in Concert in Ethiopia,2020-12-28 08:00:09
Chinese Citizen Journalist Sentenced to 4 Years for Covid Reporting,2020-12-28 06:55:10
South Africa records one million infections.,2020-12-28 06:38:47
Italy Turns to Flower Power to Help Spread Vaccine Message,2020-12-28 06:00:09
Israel begins its third lockdown.,2020-12-27 23:19:31
Did a network of New York clinics ignore rules on who gets vaccinated first?,2020-12-27 22:49:20
The big question for the U.S. vaccine campaign: Who’s next?,2020-12-27 20:56:13
The pandemic is accelerating Turkey’s economic tailspin.,2020-12-27 18:48:10
Battered Turkish Economy Puts a Powerful Erdogan to the Test,2020-12-27 17:18:42
Ex-Military Officers Criticize Spain’s Government and Praise Franco,2020-12-27 15:31:39
"In a Village of Widows, the Opium Trade Has Taken a Deadly Toll",2020-12-27 13:56:33
"Pope Francis welcomed a vaccine’s arrival in Italy, where nearly 10,000 doses were given on Sunday.",2020-12-27 13:29:03
Some E.U. countries will start vaccinations within days. The Dutch are waiting till Jan. 8.,2020-12-27 13:09:58
"In efforts to vaccinate Europeans, a push to overcome skepticism.",2020-12-27 12:52:30
Germany’s vaccine rollout comes after months of preparation.,2020-12-27 11:08:35
"‘The second wave is here,’ and African doctors fear it will be worse than the first.",2020-12-27 10:48:54
"E.U.’s Mass Vaccination Campaign Starts, With Nursing Homes as Focus",2020-12-27 08:33:31
"Canada, France, Japan, Spain, Sweden and Norway find cases of the new coronavirus variant.",2020-12-27 08:20:23
"The E.U. begins its vaccine rollout, aiming to inoculate more than 450 million people.",2020-12-27 08:20:19
Welcoming a New Year at an Ancient Festival in Pakistan,2020-12-27 08:00:15
"Central and Southern California have 0 percent I.C.U. capacity, in a state already low on hospital beds.",2020-12-26 23:29:34
Unemployment aid set to lapse Saturday as Trump resists signing relief bill.,2020-12-26 22:04:49
"Even as health workers receive the vaccine, their family members must wait.",2020-12-26 21:42:17
Thanksgiving travel swelled caseloads less than expected. Could a Christmas surge also be muted?,2020-12-26 20:42:35
A Beloved World War II Photo Comes to Life in a Virtual Reunion,2020-12-26 19:51:28
"The E.U.’s vaccinations are set to begin Sunday, but a few places have jumped the gun.",2020-12-26 19:16:39
The pandemic’s blow to performing artists may create a ‘great cultural depression.’,2020-12-26 18:10:52
"In its first wave, New York City was overwhelmed by a crush of bodies. Now it’s better prepared.",2020-12-26 16:38:10
"Japan, Spain, France, Sweden and Canada find cases of the new coronavirus variant.",2020-12-26 16:15:56
Austria enters its third lockdown. Israel is set to follow suit.,2020-12-26 16:04:41
"Snail, Fish and Sheep Soup, Anyone? Savory New Finds at Pompeii",2020-12-26 15:51:07
A nurse recalls 10 grueling months: ‘That’s how we took care of Louisiana.’,2020-12-26 15:20:39
"The truck jam at a U.K. port is easing, days after France reopened its border.",2020-12-26 14:53:08
"‘The second wave is here,’ and African doctors fear it will hit the continent harder than the first.",2020-12-26 14:53:08
A citizen journalist who chronicled Wuhan’s epidemic is going on trial.,2020-12-26 14:53:07
"In a shift, more Americans say they are eager to get vaccinated.",2020-12-26 14:53:07
A teacher in Iran bought hundreds of tablets for schoolchildren who could not afford them.,2020-12-26 14:53:06
"Vaccines promise an end to the pandemic, but that future will not be evenly distributed.",2020-12-26 14:53:06
"It’s lonely on the top, and in the lodge, as ski resorts struggle.",2020-12-26 14:53:05
Truck Jam Eases at U.K. Port Days After France Reopens Border,2020-12-26 14:07:29
"George Blake, British Spy Who Betrayed the West, Dies at 98",2020-12-26 12:29:04
Brazil Is Famous for Its Meat. But Vegetarianism Is Soaring.,2020-12-26 10:00:18
1895: Wretched Weather Mars Christmas in London,2020-12-26 09:00:03
"As Virus Resurges in Africa, Doctors Fear the Worst Is Yet to Come",2020-12-26 08:00:19
France and Japan report cases of the virus variant that prompted lockdowns in Britain.,2020-12-26 05:08:31
She Chronicled China’s Crisis. Now She Is Accused of Spreading Lies.,2020-12-26 02:33:15
Duke women’s basketball is ending its season early because of Covid concerns.,2020-12-26 00:16:37
The relief bill’s fate is uncertain as the clock runs down on unemployment aid.,2020-12-25 23:54:01
"Brexit Deal Done, Britain Now Scrambles to See How It Will Work",2020-12-25 21:45:03
Images of Light: Christmas Services Penetrate Darkness Around the World,2020-12-25 21:40:52
"Turkey announces a good result for a Chinese vaccine, but with little backup data.",2020-12-25 21:08:27
"London is giving homeless people shelter, and the ability to avoid the coronavirus.",2020-12-25 20:09:34
"In a first for the Moderna vaccine, a doctor in Boston reported suffering a severe allergic reaction.",2020-12-25 19:17:22
A Texas funeral home director learns the hard way to ‘never let your guard down.’,2020-12-25 18:57:41
"With Pandemic Raging, London Homeless Take Shelter in Hotels for a While",2020-12-25 18:23:55
‘Box’ or Gem? A Scramble to Save Asia’s Modernist Buildings,2020-12-25 18:10:04
‘It’s OK to let go’: A nurse’s goodbye to her father.,2020-12-25 16:45:39
Russian Police Arrest a Top Navalny Ally,2020-12-25 16:17:05
"In his annual Christmas address, Pope Francis urges equitable vaccine access for ‘the health of humanity.’",2020-12-25 16:05:39
The U.S. requirement of a negative test for all U.K. travelers adds to Britain’s isolation.,2020-12-25 16:00:08
Pope Francis Makes Christmas Appeal for Nations to Share Vaccines,2020-12-25 15:41:32
‘Just maintain status quo and survive’: U.S. ski resorts brace for another season of big losses.,2020-12-25 15:01:04
Boris Johnson Delivered on Brexit. It May Not Soothe His Unruly Party.,2020-12-25 14:53:35
An Italian bookstore asked for a few volunteers to read to people in lockdown. The response was overwhelming.,2020-12-25 14:28:12
A new vaccine brings back memories of an old one that rescued childhood.,2020-12-25 14:28:11
"In Southern California’s hospitals, Christmas this year is anything but a silent night.",2020-12-25 14:28:11
Remote learning risks widening the achievement gap for disadvantaged U.S. students.,2020-12-25 14:28:11
"Calling on Yankee grit, New England governors urge residents to be cautious ‘a little bit longer.’",2020-12-25 14:28:10
U.K. Increasingly Isolated as U.S. Restricts Travel,2020-12-25 13:51:46
"Stateless, She Became the Face of a Largely Invisible Plight",2020-12-25 10:00:15
Adapting to a Holiday Season Stripped of Its Essence,2020-12-25 10:00:06
"Calling on Yankee grit, New England governors urge residents to be cautious ‘a little bit longer.’",2020-12-25 01:33:58
"Iran gets clearance to buy vaccine, despite sanctions.",2020-12-25 00:26:25
Singapore Airlines rolls out a new digital health passport for passengers.,2020-12-24 23:57:19
"A few N.Y.C. hospitals fumble the vaccine rollout, with lower-risk workers cutting in line.",2020-12-24 23:33:22
Six states in the South are overwhelmed by virus cases after dodging the fall surge.,2020-12-24 18:58:46
"For the E.U., It’s a Pretty Good Deal",2020-12-24 17:47:32
Don’t trust a drop in coronavirus case numbers over the next week.,2020-12-24 17:43:18
"Trucks Stuck at U.K. Port Begin Moving, but Many Face a Roadside Christmas",2020-12-24 17:33:38
U.S. pastors are trying to reconcile the hope of Christmas with a desolate year.,2020-12-24 17:17:09
"After a season of administering last rites, a Boston priest still finds much to be grateful for.",2020-12-24 17:16:02
"U.S. inoculations are moving more slowly than expected, with 1 million vaccinated so far.",2020-12-24 17:12:39
"Mexico begins its mass vaccination campaign, becoming the first Latin American country to do so.",2020-12-24 16:51:30
Mexico Begins Vaccinations Amid Virus Surge,2020-12-24 16:36:30
‘Schitt’s Creek’ Fans Arrive in Goodwood,2020-12-24 16:16:47
"An Irish boy writes to Pfizer requesting a vaccination for Santa, and receives a reply from its C.E.O.",2020-12-24 15:48:53
What Is Brexit? And How Is It Going?,2020-12-24 15:47:14
Pakistani Court Orders Men Released in Daniel Pearl Case,2020-12-24 15:37:50
"Brexit Is Finally Done, but It Already Seems Out of Date",2020-12-24 15:35:35
Biden Is Expected to Expand U.S.-India Relations While Stressing Human Rights,2020-12-24 15:20:06
"Macron stops isolating, saying he is no longer showing Covid symptoms.",2020-12-24 15:18:56
Britain and E.U. Reach Landmark Deal on Brexit,2020-12-24 14:56:34
"Answering Trump, Democrats try and fail to jam $2,000 payments through the House.",2020-12-24 14:46:14
"Emmanuel Macron, Free of Covid-19 Symptoms, Leaves Isolation",2020-12-24 13:24:31
A garden leads to a magical friendship.,2020-12-24 13:17:30
Nigeria investigates a new coronavirus variant.,2020-12-24 12:51:51
Japan’s Prime Minister Apologizes Over Scandal Tarring His Term,2020-12-24 12:12:00
"A freight traffic logjam eases at British ports, and other news from around the world.",2020-12-24 10:14:28
"In a lonely time, a teacher in Brazil creates a ‘hugging kit’ for her students.",2020-12-24 10:12:17
Death comes in multiples in a close-knit valley on the Mexican border.,2020-12-24 10:11:46
"Air travel is down 60 percent from last Christmas, but many people are still flying.",2020-12-24 10:11:18
A Covid Christmas comes to Bethlehem.,2020-12-24 10:11:00
How much herd immunity is enough?,2020-12-24 10:10:45
Influencers May Face Fines as China Tackles Obesity and Food Waste,2020-12-24 09:42:37
A Covid Christmas Comes to Bethlehem,2020-12-24 08:00:10
"A Flying Elephant, a Teacher’s Hugs: 12 Tales of Pandemic Resilience",2020-12-24 05:05:13
Additional modeling shows the British variant’s high transmissibility.,2020-12-24 01:46:16
Tennessee cases surge while officials put local health boards in the cross hairs.,2020-12-24 00:49:12
Britain and E.U. Scramble to Reach Brexit Deal Before Christmas,2020-12-24 00:43:15
"Israeli Election, Take Four: Conservatives vs. Conservatives",2020-12-23 23:28:47
"As Evidence Mounts that Navalny Was Poisoned by State, Russians Just Sigh",2020-12-23 23:18:26
Blackwater’s Bullets Scarred Iraqis. Trump’s Pardon Renewed the Pain.,2020-12-23 22:38:10
Vaccines are in the works for mink and others in the weasel family.,2020-12-23 22:24:47
"Argentina will use Russia’s Sputnik V vaccine, while Europe and the Mideast begin inoculations.",2020-12-23 22:13:07
U.K. Tightens Restrictions as Alarm About Virus Variant Grows,2020-12-23 20:02:32
"Canada approves the Moderna vaccine, paving the way for inoculations in its vast Far North.",2020-12-23 18:40:02
An Ohio county battles a ‘perfect storm’ of two epidemics: drug abuse and Covid.,2020-12-23 18:12:38
"Salt Lake City says it will reopen schools, which had been all-remote, once teachers are vaccinated.",2020-12-23 17:58:39
"Even as infections rise, antibody drugs are going unused.",2020-12-23 17:02:57
Switzerland begins Covid-19 vaccinations.,2020-12-23 16:36:58
"The U.K. imposes tighter virus rules on much of England, citing concern about the spread of a new variant.",2020-12-23 16:33:21
Indian airports are struggling with the ban on flights from Britain.,2020-12-23 14:46:34
Why Israel Faces a Fourth Election in Just Two Years,2020-12-23 14:05:27
Pfizer and the U.S. reach an agreement on additional vaccine doses.,2020-12-23 13:25:19
"No Tweets, No Interviews: Jimmy Lai’s Unusual Bail Conditions",2020-12-23 13:17:14
Isolation appears to have helped homeless populations avoid the worst of the pandemic.,2020-12-23 11:25:45
‘Covid conga line’ with Queens Republicans prompts criticism and an investigation.,2020-12-23 10:14:07
"In Italy, the virus that stole most of 2020 takes Christmas, too.",2020-12-23 10:13:19
"Even after border reopens, truckers stuck at British ports scuffle with the police.",2020-12-23 10:13:05
"As at-home rapid tests enter the market, remember that ‘negative’ doesn’t always mean negative.",2020-12-23 10:12:58
Police Took Their Son Away. Then the Merchants of Hope Showed Up.,2020-12-23 10:00:32
"The Virus That Stole Most of 2020 Now Steals Christmas, Too",2020-12-23 10:00:32
3 Police Officers in France Are Killed After Responding to Domestic Abuse Report,2020-12-23 07:15:45
"Xin Xing, Giant Panda With Progeny Around the Globe, Dies at 38",2020-12-23 06:20:17
Four Charged Over Blaze That Devastated Australia’s Fraser Island,2020-12-23 04:35:36
"Trump demands changes to coronavirus relief bill, calling it a ‘disgrace.’",2020-12-23 02:33:58
Birx says she will retire after Biden transition.,2020-12-23 01:16:04
"Ezra F. Vogel, Eminent Scholar of China and Japan, Dies at 90",2020-12-23 00:49:08
"Some staff members at a Texas hospital were hesitant to be vaccinated, so others got a chance.",2020-12-23 00:10:39
British royals photographed breaking rules as England endures virus variant.,2020-12-22 23:49:17
The U.K. gets a Brexit preview as borders are shut to slow the coronavirus variant.,2020-12-22 22:37:46
Pfizer nears a deal with the Trump administration to provide more vaccine doses.,2020-12-22 22:03:22
The Cayman Islands reduces the sentence of a U.S. college student who broke quarantine.,2020-12-22 22:00:25
They Helped France Fight the Virus. Now France Is Fast-Tracking Their Citizenship.,2020-12-22 21:35:12
Key West is facing a legal challenge to its 10 p.m. New Year’s weekend curfew.,2020-12-22 20:13:21
A study finds that pulse oximeters are less reliable when used on Black patients.,2020-12-22 19:22:00
"Tennessee is ‘ground zero’ in the nation’s virus surge, and Christmas could make it worse, the governor warns.",2020-12-22 18:59:55
Spain approves legislation bringing some rent relief to stricken bars and restaurants.,2020-12-22 18:51:03
Can Travel Bans Really Stop the Spread of Coronavirus Variants? Experts Are Skeptical,2020-12-22 18:28:23
France and Britain Strike Deal to Reopen Border for Freight and Some Travel,2020-12-22 18:02:35
California hospitals face twin crises of capacity and ‘moral distress.’,2020-12-22 17:27:26
"Kashmir Votes, and India Hails It as Normalcy in a Dominated Region",2020-12-22 17:17:53
"With first positive tests in Antarctica, no continent is untouched by the virus.",2020-12-22 17:04:05
Poor Maintenance and Construction Flaws Are Cited in Italy Bridge Collapse,2020-12-22 16:35:45
"Israeli Government Collapses, Forcing 4th Election in 2 Years",2020-12-22 15:30:51
France fast-tracks citizenship for frontline workers.,2020-12-22 15:08:21
Norway’s Supreme Court Makes Way for More Arctic Drilling,2020-12-22 14:59:03
Congress passes a $900 billion pandemic relief bill.,2020-12-22 12:26:50
Sentence Is Cut for U.S. Student Who Broke Quarantine,2020-12-22 12:24:22
South Korea is struggling under the strain of a severe outbreak.,2020-12-22 12:13:49
"The virus hits federal death row, prompting calls for delays in executions.",2020-12-22 12:12:03
"For Europe, it’s wave after wave.",2020-12-22 11:53:14
‘Each Day Is Critical’: South Korea’s 11th-Hour Battle With Covid,2020-12-22 11:28:32
What we know about the new British variant.,2020-12-22 10:18:31
Young and unemployed service-industry workers face bleak prospects.,2020-12-22 10:18:26
"Mexico misled the public about an outbreak in the capital, a Times investigation finds.",2020-12-22 10:18:01
Taiwan records its first locally transmitted case since April.,2020-12-22 10:17:44
France begins to allow some travel from the U.K. as the E.U. urges countries to lift bans.,2020-12-22 10:17:08
"For Europe, It’s Wave After Wave",2020-12-22 10:00:04
"After Bars and Beaches, Gibbons Await a New Home in Thailand",2020-12-22 05:13:15
Number of Journalists Killed for Their Reporting Doubled in 2020,2020-12-22 05:02:06
"A Hong Kong Activist, Nathan Law, Seeks Political Asylum in Britain",2020-12-22 01:28:50
California builds field hospitals and considers rationing care as virus spreads unabated.,2020-12-22 00:46:11
A Florida scientist has sued state law enforcement in an ongoing battle over Covid-19 data.,2020-12-21 23:49:50
The Vatican says it is ‘morally acceptable’ to get a vaccine tied to fetal tissue.,2020-12-21 23:41:38
"For U.K., an Early Taste of Brexit as Borders Are Sealed",2020-12-21 23:22:29
Governors impose new restrictions on travelers from Britain as holiday travel ratchets up.,2020-12-21 22:36:28
"As the world tries to contain a new strain of the virus, questions arise about how far it has already spread.",2020-12-21 21:40:27
Ontario announces sweeping new restrictions ahead of Boxing Day.,2020-12-21 21:24:19
Navalny Says Russian Agent Confessed to Plot to Poison Him,2020-12-21 20:59:46
The arrival of the Moderna vaccine brings hope to rural areas.,2020-12-21 20:20:46
Armed protesters angry over virus restrictions try to force their way into the Oregon Statehouse.,2020-12-21 18:55:23
German airports scrambled Sunday to detain passengers from Britain.,2020-12-21 18:45:29
Israel will close its skies to foreign nationals and require Israeli travelers to quarantine.,2020-12-21 18:21:40
Concerns About Coronavirus Variant Cut Off U.K. From Europe,2020-12-21 17:29:56
House Democrats investigating political meddling in virus response issue subpoenas for Azar and Redfield.,2020-12-21 16:15:31
2 People-Smugglers Are Convicted of Manslaughter in U.K. Truck Deaths,2020-12-21 16:08:01
"Millions are traveling in the U.S., despite warnings.",2020-12-21 15:25:27
Mexico Misled Citizens About the Severity of Coronavirus in Its Capital,2020-12-21 15:10:20
‘The Whole City Was Dark’: China Rations Electricity for Millions,2020-12-21 14:08:26
"In a locked-down Germany, animal advocates worry that city pigeons will starve.",2020-12-21 13:38:28
Hong Kong police arrest a coronavirus patient who fled the hospital.,2020-12-21 12:06:32
Doctors in Kenya go on strike as virus cases rise.,2020-12-21 11:21:58
German White Supremacist Is Sentenced to Life for Synagogue Attack,2020-12-21 11:13:48
A Brazen Police Shooting Caught on Video Sparks Anger in the Philippines,2020-12-21 10:12:09
"China aims to vaccinate 50 million people by mid-February, and other news from around the world.",2020-12-21 10:07:52
"In Afghanistan, a place mired in war, the virus is an afterthought.",2020-12-21 10:06:02
More nations close their doors to Britain as alarm grows over virus variant.,2020-12-21 10:02:02
China Long Avoided Discussing Mental Health. The Pandemic Changed That.,2020-12-21 10:00:39
Moderna’s vaccine rolls out in the U.S.,2020-12-21 09:58:37
"E.U. regulators approve the Pfizer-BioNTech vaccine, clearing the way for distribution.",2020-12-21 09:57:03
"After striking a stimulus deal, Congress faces yet another midnight deadline to approve it.",2020-12-21 09:56:31
"E.U. Approves Pfizer Vaccine, Setting Stage for High-Stakes Rollout",2020-12-21 07:26:33
She Called Police Over a Neo-Nazi Threat. But the Neo-Nazis Were Inside the Police.,2020-12-21 05:01:11
"As vaccines arrive in the U.S., health care workers warn of P.P.E. shortages.",2020-12-21 03:35:36
A C.D.C. panel says frontline workers and people over 74 should get vaccines next.,2020-12-20 22:07:17
"Thailand announces its biggest outbreak to date, linked to a shrimp market.",2020-12-20 19:37:22
The official leading Operation Warp Speed pins the blame for vaccine shortfalls on an administrative error.,2020-12-20 19:18:29
"‘Covid Can’t Compete.’ In a Place Mired in War, the Virus Is an Afterthought.",2020-12-20 18:14:32
"Brinkmanship or Bluster? On Brexit and Pandemic, Boris Johnson Leaves It Late",2020-12-20 17:19:01
Countries begin barring travelers from the U.K. over concerns of a new coronavirus variant.,2020-12-20 15:46:09
"In New York and beyond, interest groups lobby furiously to get their workers vaccinated early.",2020-12-20 15:04:23
New York City vaccinated six million people in less than a month. In 1947.,2020-12-20 15:04:23
"Scientists urge calm about coronavirus mutations, which are not unexpected.",2020-12-20 15:04:23
"As Christmas approaches, virus experts look for lessons from Thanksgiving.",2020-12-20 15:04:22
A Covid-19 surge and conspiracy theories roil Pakistan.,2020-12-20 15:04:21
"‘I Miss Home’: In Tigray Conflict, Displaced Children Suffer",2020-12-20 14:15:24
Nepal Falls Into Political Turmoil. China and India Are Watching.,2020-12-20 14:12:34
A Company Made P.P.E. for the World. Now Its Workers Have the Virus.,2020-12-20 10:04:32
Netanyahu becomes the first Israeli to be inoculated against Covid-19.,2020-12-20 03:21:55
"As vaccines arrive, the virus continues to ravage the U.S. and Europe.",2020-12-20 00:29:35
"A Minnesota state senator, one of several who contracted the coronavirus after local Republican meetings, has died.",2020-12-20 00:26:35
The C.D.C. advisory panel has endorsed the Moderna vaccine.,2020-12-19 21:33:42
Thousands of internal documents reveal how China censored its internet in the early days of the pandemic.,2020-12-19 19:37:01
The head of Operation Warp Speed apologizes for shortfalls in vaccine deliveries to at least 14 states.,2020-12-19 18:40:57
"With Trump Fading, Ukraine’s President Looks to a Reset With the U.S.",2020-12-19 17:54:31
"Congress, grasping for a stimulus deal, resolves a dispute over the Federal Reserve’s power.",2020-12-19 17:01:39
@TwoShotsInTheArm celebrates the vaccinations of health care workers.,2020-12-19 16:47:50
"Boris Johnson orders a severe lockdown, saying a more infectious variant of the virus is ripping through Britain.",2020-12-19 16:40:42
"Boris Johnson Tightens U.K. Lockdown, Citing Fast-Spreading Version of Virus",2020-12-19 16:35:43
"Emmanuel Macron’s condition is stable ‘compared to Friday,’ according to his doctor.",2020-12-19 16:22:47
Coronavirus cases in Syria go uncounted amid shortages of critical supplies and medical personnel.,2020-12-19 15:36:56
8 nuns died of Covid-19 within a week at a retirement home in Wisconsin.,2020-12-19 14:39:03
The New York City Sheriff’s Office has a crucial role during the pandemic.,2020-12-19 14:39:03
The pandemic pushes the start of a major 9/11 trial past the 20th anniversary of the attacks.,2020-12-19 14:39:03
"The U.S. has recorded over 250,000 cases in a day for the first time.",2020-12-19 14:39:03
"Restaurant chains are struggling to reach a unified approach, with varied rules across the U.S.",2020-12-19 14:39:03
"Greece Wants Him in Prison. Instead, He’s in the E.U. Parliament.",2020-12-19 14:26:09
Epstein Associate Is Charged With Rape of Minors in France,2020-12-19 13:37:36
"Once a Slogan of Unity, ‘Je Suis Charlie’ Now Divides France",2020-12-19 10:02:17
Lebanese Officials Try to Limit Inquiry Into Deadly Beirut Blast,2020-12-19 10:00:21
A Covid-19 Surge and Conspiracy Theories Roil Pakistan,2020-12-19 10:00:11
‘R’ is for Rohingya: Sesame Street Creates New Muppets for Refugees,2020-12-19 07:03:42
A Chinese official confirms that a million citizens received unproven homegrown vaccines.,2020-12-19 06:31:50
"The U.S. has recorded over 250,000 cases in a day for the first time.",2020-12-19 05:28:17
An American student is sentenced to 4 months in prison for violating quarantine rules in the Cayman Islands.,2020-12-19 01:27:38
Frontline workers were left off the vaccine list at Stanford Medical Center in Palo Alto. They fought back.,2020-12-19 01:11:30
"The F.D.A. approves Moderna’s Covid vaccine, adding millions more doses to the U.S. supply.",2020-12-19 00:48:05
The U.S. says employers can require workers to get the Covid-19 vaccine.,2020-12-18 23:28:41
Contact tracing is underway after a possible Covid-19-related death on a United flight.,2020-12-18 23:13:11
A Canadian’s Gripping Tale Withers Under Scrutiny,2020-12-18 22:17:48
"Freed, but Not Yet Home: Nigeria’s Abducted Schoolboys Meet President",2020-12-18 21:50:01
"An Ex-Governor Is Gunned Down, Punctuating a Deadly Year for Mexico",2020-12-18 21:36:11
Protestant Church That Found Refuge in Italy’s Hills Helps Syrians Do the Same,2020-12-18 21:26:37
South Africa announces a new coronavirus variant.,2020-12-18 20:33:42
What people with allergies need to know about the Covid vaccines.,2020-12-18 20:29:28
The F.D.A.’s emergency authorization of Moderna’s vaccine is expected today.,2020-12-18 20:28:31
Suicide Bomber in Somalia Hits Prime Minister’s Rally,2020-12-18 20:15:32
Penn State will delay in-person spring classes after state officials urge keeping students away.,2020-12-18 19:27:52
The death of a sheriff in Detroit underscores the virus’s toll on the ranks of law enforcement.,2020-12-18 19:09:17
"Pence, McConnell and other officials receive vaccinations, but will that close the partisan divide on the shot?",2020-12-18 18:50:22
Brexit Trade Deal Really Is Coming Down to the Wire,2020-12-18 18:05:45
"To Understand Red-State America, He Urges a Look at Red-State Israel",2020-12-18 17:35:21
"Tariffs, Traffic and Red Tape: What a ‘No-Deal’ Brexit Could Mean for Britain",2020-12-18 17:00:07
Emmanuel Macron says Covid-19 symptoms have slowed him down and warns the French to remain vigilant.,2020-12-18 16:59:38
"Covax, an international health group, announces vaccine deals to help less wealthy countries.",2020-12-18 16:37:38
U.K. Lawmaker Under Fire for Calling UNICEF’s Free Meals a ‘Political Stunt’,2020-12-18 15:04:14
Pence receives a coronavirus vaccine in a public White House event.,2020-12-18 13:09:53
"As deaths in Europe pass 500,000, the W.H.O. urges against Christmas festivities.",2020-12-18 12:33:40
"A Riveting ISIS Story, Told in a Times Podcast, Falls Apart",2020-12-18 11:00:24
"Merkel praises BioNTech scientists for their vaccine work, and other news from around the world.",2020-12-18 10:46:38
"Pelosi receives the vaccine, to be followed by other members of Congress and Supreme Court justices.",2020-12-18 10:15:55
"In a Tough Year, a Nativity Scene ‘That Has Had Problems’",2020-12-18 10:00:41
Chinese Journalist Who Documented Communist History Is Detained in Beijing,2020-12-18 09:59:40
One million new cases in five days: The spread of the U.S. outbreak is startling.,2020-12-18 09:55:33
Masks may soon come with labels saying how well they work.,2020-12-18 09:55:32
"A Belgian official reveals what the E.U. will pay for two vaccines, which is notably less than market prices.",2020-12-18 09:55:32
California counts the dead by the hour as its I.C.U.s fill up.,2020-12-18 09:55:31
"Evictions return, and a sheriff in Massachusetts hunts for a humane approach.",2020-12-18 09:55:30
‘A Social Species’: How Kangaroos Communicate With People,2020-12-18 09:04:35
Congress members and Supreme Court justices will get early vaccinations.,2020-12-18 04:09:12
International students in Australia prepare to spend the holidays away from family,2020-12-18 03:41:29
"Weeks before his execution date, a death row inmate tests positive for the virus.",2020-12-18 01:29:12
States are getting smaller-than-expected vaccine shipments next week.,2020-12-17 23:06:17
Spanish Lawmakers Pass Bill Allowing Euthanasia and Assisted Suicide,2020-12-17 21:55:50
Ex-Modeling Agent and Epstein Associate Is Arrested in France,2020-12-17 20:55:36
New York City’s public hospitals cancel elective surgeries as virus cases rise.,2020-12-17 19:30:19
"As California I.C.U.s fill up, the dead are counted by the hour.",2020-12-17 19:18:51
The king of Sweden denounces his country’s response to the virus.,2020-12-17 18:23:44
"An Agonizing Wait After Nigeria Abductions, Then a Flood of Relief",2020-12-17 18:07:24
"As Singapore Ventures Back Out, Migrant Workers Are Kept In",2020-12-17 17:34:21
Gunman Sentenced to Life in Prison for 2015 Attack on Paris-Bound Train,2020-12-17 17:17:24
Denmark Toughens Rape Law to Include Sex Without Consent,2020-12-17 16:26:57
"With initial vaccine doses limited, health workers ask where they fall in the line.",2020-12-17 16:02:24
"We looked inside Britain’s pandemic spending, and found waste, negligence and cronyism.",2020-12-17 15:55:42
"Putin says Russians may get one vaccine shot, not two, to speed things up.",2020-12-17 15:41:18
Emmanuel Macron Tests Positive for the Coronavirus,2020-12-17 15:00:01
Indian Call-Center Plot Fooled Americans Into Paying Over $14 Million,2020-12-17 14:40:18
‘Nightmare’ lockdown in Australian towers is called a breach of human rights.,2020-12-17 14:30:33
A second vaccine moves closer to U.S. authorization.,2020-12-17 12:34:41
"He Spent 20 Years in Prison, Until a Serial Killer Confessed to the Crime",2020-12-17 12:32:49
"Once approved, the E.U.’s vaccine rollout is set to begin on Dec. 27.",2020-12-17 12:24:50
Putin Denies Involvement in Poisoning of Navalny,2020-12-17 11:50:33
"In the U.K., Johnson resists ‘canceling’ Christmas to stem the coronavirus.",2020-12-17 11:13:29
"Pence is to be vaccinated publicly on Friday, and other top Washington figures will soon follow.",2020-12-17 10:09:45
"China places its first order for a foreign-made vaccine, and other news from around the world.",2020-12-17 09:46:15
Nursing home residents rejoice over first coronavirus vaccines.,2020-12-17 09:46:14
President Emmanuel Macron of France self-isolates after testing positive.,2020-12-17 09:46:14
Misinformation peddlers have shifted gears from the election to coronavirus vaccines.,2020-12-17 09:46:14
"A day of hope, and warning, as a vaccine is rolled out in the U.S.",2020-12-17 09:46:14
"Cold storage, crucial to the vaccine, has caught Wall Street’s eye.",2020-12-17 09:46:13
M.T.A. officials breathe a sigh of relief with Biden.,2020-12-17 09:46:11
‘Nightmare’ Australia Housing Lockdown Called Breach of Human Rights,2020-12-17 06:40:39
"Waste, Negligence and Cronyism: Inside Britain’s Pandemic Spending",2020-12-17 05:11:01
Who Gets to Breathe Clean Air in New Delhi?,2020-12-17 05:02:16
A happy surprise as vaccine vials turn out to hold more than thought.,2020-12-17 00:32:04
How good is that mask you’re wearing? You may soon find out.,2020-12-17 00:08:36
Hundreds of Religious Leaders Call for End to L.G.B.T.Q. Conversion Therapy,2020-12-16 23:01:44
"Joseph Safra, Banker Who Was the Richest Brazilian, Dies at 82",2020-12-16 22:24:14
"In Landmark Ruling, Air Pollution Recorded as a Cause of Death for British Girl",2020-12-16 22:05:32
The F.D.A. green lights a $25 at-home antigen virus test.,2020-12-16 21:13:17
A W.H.O. team will travel to China to hunt the source of the coronavirus.,2020-12-16 20:57:54
Nursing homes grapple with logistics as they prepare for vaccinations.,2020-12-16 20:36:15
The clinical trials of a Chinese vaccine resume in Peru after a volunteer’s illness is deemed unrelated.,2020-12-16 20:24:56
"With a surge in cases, hospitals in the Gaza Strip are running short of oxygen supplies.",2020-12-16 19:25:00
No Scrooge Here: Johnson Resists ‘Canceling’ Christmas to Stem Coronavirus,2020-12-16 19:03:22
2 Alaska health care workers had allergic reactions to the vaccine.,2020-12-16 18:42:48
"With 244,365 new cases reported in a single day, the U.S. enters new territory.",2020-12-16 18:42:16
Court Finds 14 Guilty of Aiding Charlie Hebdo and Anti-Semitic Attacks,2020-12-16 18:17:12
"City of Paris Fined Nearly $110,000 for Appointing Too Many Women",2020-12-16 17:31:33
‘Sticky Bombs’ Sow Terror and Chaos in a City on Edge,2020-12-16 17:23:17
Death of Detained Ukrainian Causes Uproar in Portugal,2020-12-16 16:54:27
"‘It doesn’t get better than this,’ N.Y.C.’s mayor says as Elmhurst Hospital workers are vaccinated.",2020-12-16 16:50:01
"Macron, Once a Darling of Liberals, Shows a New Face as Elections Near",2020-12-16 16:15:32
Pompeo is in quarantine after contact with a person who tested positive.,2020-12-16 16:04:40
"Faced With Protests, Pakistan Says Rapists Could Be Chemically Castrated",2020-12-16 14:36:45
China Charges Hong Kong Activists Caught Fleeing to Taiwan,2020-12-16 12:46:41
Go inside the race to offer the first Covid-19 vaccinations in the United States.,2020-12-16 12:44:41
"More than 137,000 received shots in the first week in the U.K., and other news from around the world.",2020-12-16 12:42:53
"China Battles the World’s Biggest Coal Exporter, and Coal Is Losing",2020-12-16 12:37:13
"Turkey’s coffeehouses, a hub of male social life, may not survive the pandemic.",2020-12-16 12:31:09
"Pantomimes, an annual British cultural institution, are canceled.",2020-12-16 11:27:43
Trains and lockdown chaos helped spread the coronavirus across India.,2020-12-16 10:59:22
"Here’s how the Trump administration crushed the C.D.C., according to two who were there.",2020-12-16 10:04:32
The pandemic has forced more military families and veterans to seek food assistance.,2020-12-16 10:02:01
"As cases surge and criticism swells, Sweden rethinks its response.",2020-12-16 10:01:33
Suspect Is Charged With Murder Over Japan Animation Studio Fire,2020-12-16 09:13:54
Tom Cruise erupts at the ‘Mission: Impossible’ crew over a breach of Covid-19 protocols.,2020-12-16 07:19:34
"They finished prison terms in New Zealand, but they’re still in jail waiting to be deported.",2020-12-16 02:56:15
Santa tests positive for virus after a photo session with 50 children.,2020-12-16 01:58:32
A man who rode a Jet Ski across the Irish Sea to see his girlfriend was jailed for defying virus restrictions.,2020-12-16 01:43:05
The U.S. and Pfizer are negotiating a deal for more vaccine doses next year.,2020-12-16 01:19:05
"Mexico, in Rebuke to U.S., Adopts Measure Restricting Foreign Agents",2020-12-16 01:14:04
"In Sweden, Infections and Calls for a Lockdown Are Rising",2020-12-15 21:08:23
Nursing Home Fire in Russia Kills 11,2020-12-15 19:49:37
The F.D.A. greenlights a new at-home virus test.,2020-12-15 19:43:53
The Virus Trains: How Lockdown Chaos Spread Covid-19 Across India,2020-12-15 18:58:14
Fashion Mogul Peter Nygard Indicted on Sex-Trafficking Charges,2020-12-15 18:14:09
Man Is Jailed After Taking Jet Ski Across Irish Sea to See Girlfriend,2020-12-15 17:20:56
"Fauci says Biden and Harris should get vaccinated soon, and Trump and Pence, too.",2020-12-15 17:17:56
South Africa tightens restrictions; officials say student parties are fueling new cases.,2020-12-15 14:31:44
I.C.C. Won’t Investigate China’s Detention of Muslims,2020-12-15 12:54:00
Hungary Passes Laws Curtailing Gay Rights and Expanding Executive Power,2020-12-15 12:33:38
Russia says a trial of the Sputnik vaccine showed a 91.4 percent efficacy rate.,2020-12-15 12:00:09
Somalia Severs Diplomatic Ties With Kenya,2020-12-15 11:53:56
Japan’s ‘Twitter Killer’ Given Death Sentence for 9 Murders,2020-12-15 11:11:53
"A pilot is investigated in China after attending a wedding with hundreds, and other news from around the world.",2020-12-15 10:40:27
Delivery workers in South Korea say they’re dying of ‘overwork.’,2020-12-15 10:20:42
Here’s why Brazil’s Covid-19 vaccine plan is mired in chaos.,2020-12-15 10:07:54
Tighter virus restrictions in London add to pressure on Boris Johnson.,2020-12-15 10:05:11
Court Finds Evidence of Crimes Against Humanity in the Philippines,2020-12-15 10:05:09
"Rich countries have first dibs on vaccines, while poor nations struggle to get enough.",2020-12-15 10:04:59
Delivery Workers in South Korea Say They’re Dying of ‘Overwork’,2020-12-15 10:00:21
Putin Congratulates Biden After Electoral College Vote,2020-12-15 09:23:37
"Turkey’s Coffeehouses, a Hub of Male Social Life, May Not Survive Virus",2020-12-15 08:00:11
"Carol Sutton, an actress devoted to New Orleans, died from Covid-19.",2020-12-15 03:15:55
"In Canada, the first vaccines leave health workers in tears of relief.",2020-12-15 00:45:19
"Attack in Niger Kills 28, and Boko Haram Is Blamed",2020-12-15 00:43:49
‘Our first real hope’: Florida’s health care workers start to get vaccinated.,2020-12-15 00:41:24
The Dutch prime minister orders a five-week lockdown.,2020-12-15 00:12:28
A lawsuit against the Texas governor proceeds despite the vaccine.,2020-12-15 00:00:57
"In Canada, First Vaccines Leave Health Workers in Tears of Relief",2020-12-14 23:54:08
The White House security director had his lower leg amputated as he battled severe Covid-19.,2020-12-14 23:45:12
"After a long tunnel of strain and grief, ‘I definitely see that light.’",2020-12-14 23:33:58
"In South Dakota, Covid-19 vaccine distribution fuels the debate over masks.",2020-12-14 23:03:29
"Russian Officers Were Near Navalny When He Was Poisoned, Report Says",2020-12-14 21:04:46
They spread the virus. Now universities are also rolling out the vaccine.,2020-12-14 20:32:14
Cuomo warns New York State that ‘a shutdown is something to worry about.’,2020-12-14 20:22:09
"For London, Tighter Virus Rules. For Boris Johnson, More Pressure.",2020-12-14 20:00:43
She helped test the vaccine. Now she has taken it herself.,2020-12-14 19:32:10
Canada and the Coronavirus Vaccine: Here’s What It Means,2020-12-14 19:09:44
New Arrests in Killing of White South African Farmer,2020-12-14 17:58:00
New York City restaurants brace for a brutal winter.,2020-12-14 17:21:56
‘Playing With Lives’: Brazil’s Covid Vaccine Plan Is Mired in Chaos,2020-12-14 16:25:26
‘The weapon that will end the war’: Vaccinations begin across virus-ravaged America.,2020-12-14 14:23:44
The first vaccine reached New York on Monday at a fraught moment in the state.,2020-12-14 13:54:28
Bicycling surges in Manila amid coronavirus lockdowns.,2020-12-14 12:54:56
Sudan Celebrates ‘New Era’ as U.S. Drops It From Terrorism List,2020-12-14 11:14:02
U.K. doctors start receiving doses to give to patients as the vaccine effort expands.,2020-12-14 11:13:08
A new study shows an arthritis drug may help Covid-19 patients recover.,2020-12-14 10:01:13
Trump delays a plan to fast-track vaccines for White House staff members.,2020-12-14 10:01:10
Australia and New Zealand plan to ease travel restrictions.,2020-12-14 10:01:09
U.K. to Ease Rules on Blood Donations by Gay and Bisexual Men,2020-12-14 09:49:58
China’s Combative Nationalists See a World Turning Their Way,2020-12-14 08:00:15
Australia and New Zealand plan to ease travel restrictions between their countries.,2020-12-14 02:44:47
Fauci returns to ‘Saturday Night Live.’,2020-12-14 01:20:46
Eswatini’s prime minister dies from Covid-19.,2020-12-13 23:20:16
Hospitals prepare for the first shots in America’s most ambitious vaccination campaign.,2020-12-13 22:33:42
Trump delays a plan to fast track vaccines for White House staff members.,2020-12-13 21:32:07
"Peru halts trials of a Chinese vaccine, citing an adverse event in a volunteer.",2020-12-13 20:01:11
Germany Locks Down Ahead of Christmas as Coronavirus Deaths Rise,2020-12-13 16:43:24
"Facing ‘a tsunami of human need,’ charities adapt holiday giving to the pandemic.",2020-12-13 16:25:11
Hundreds of Students Feared Missing After Attack at Nigeria School,2020-12-13 15:46:41
"Putin Said to Have Two Identical Offices: One in Moscow, the Other at the Beach",2020-12-13 15:41:04
Italy adopts a flower as the symbol of its vaccination campaign.,2020-12-13 15:09:58
"When the Trains Stopped, Cyclists Dodged Manila’s Choking Traffic",2020-12-13 15:02:38
Fears of a ‘twindemic’ recede as the flu lies low.,2020-12-13 15:01:36
Mumbai Police Arrest TV Chief as Media Dispute in India Intensifies,2020-12-13 14:00:17
Germany announces a strict lockdown over Christmas.,2020-12-13 11:25:03
"Bahrain is the second country to approve a Chinese vaccine, and other news around the world.",2020-12-13 10:44:20
"Going ‘the Extra Mile,’ Britain and E.U. Give Brexit Talks More Time",2020-12-13 10:43:53
Vaccine distribution is about to begin in the virus-ravaged U.S.,2020-12-13 10:06:27
"As the U.S. vaccine rollout begins, port workers ask for early access.",2020-12-13 10:06:26
How pharmacies plan to get Pfizer’s vaccine to nursing homes.,2020-12-13 10:06:26
Major airlines will introduce a health passport app to verify passengers’ test results.,2020-12-13 10:06:26
"She Stalked Her Daughter’s Killers Across Mexico, One by One",2020-12-13 08:00:23
"Charley Pride, country music star, dies from complications of Covid-19.",2020-12-12 23:03:34
An outbreak at an Illinois veterans home has killed more than a quarter of residents.,2020-12-12 22:57:36
Nigerian Military in Firefight With Gang That Kidnapped Students,2020-12-12 21:33:57
"Britain, Canada and the U.S. start their vaccination campaigns, and other news from around the world.",2020-12-12 21:01:55
A C.D.C. panel has endorsed the Pfizer vaccine for people 16 and over.,2020-12-12 20:39:03
Deaths from the virus have risen sharply in college towns — but few have been college students.,2020-12-12 20:26:33
Iran Executes Dissident Accused of Stoking Protests,2020-12-12 19:27:05
The largest health care provider in the New York region is frantically prepping for the arrival of the vaccine.,2020-12-12 19:24:29
Federal authorities charge two men with stealing 192 ventilators that were bound for El Salvador.,2020-12-12 18:57:37
How concerned should you be about allergies and the Pfizer vaccine?,2020-12-12 18:04:57
"In Arizona, one of the hardest hit states in the nation, 100 teachers protested by calling in sick.",2020-12-12 17:56:55
"With the first injections expected to be given as early as Monday, this is how states are preparing.",2020-12-12 17:14:16
"As War Goes On in Ethiopia, Ethnic Harassment Is on the Rise",2020-12-12 16:43:09
"A German-Vietnamese social media star dies at 29, and other news from around the world.",2020-12-12 15:39:30
How many vaccine doses will your state get?,2020-12-12 15:19:10
Cuomo tries to jolt New Yorkers by warning of overwhelmed hospitals.,2020-12-12 14:51:18
‘Free Papua Movement’ Intensifies Amid Escalating Violence,2020-12-12 13:33:29
"How the Vaccine Rollout Will Compare in Britain, Canada and the U.S.",2020-12-12 11:51:13
"Treasure Washes Up on Venezuela’s Shore, Bringing Gold and Hope to a Village",2020-12-12 10:00:13
An Epic Israeli TV Drama Exposes War Wounds Old and New,2020-12-12 09:08:46
"As France Shifts Right, a Hard-Line Minister Proves Indispensable to Macron",2020-12-12 08:59:25
Bhutan Becomes Latest Asian Nation to Dial Back Anti-Gay Laws,2020-12-12 08:51:45
Protests Erupt as South Korea’s Most Notorious Rapist Walks Free,2020-12-12 06:45:46
Pregnant and breastfeeding women may opt to receive the vaccine,2020-12-12 04:32:48
A Vaccine Is on Its Way to Canada. Who Will Get It First?,2020-12-12 02:06:11
Devin Nunes said he has tested positive for coronavirus antibodies.,2020-12-12 01:17:04
U.K. to Halt Subsidies for Fossil Fuel Projects Abroad,2020-12-12 00:05:40
Superspreading Boston biotech conference in February is linked to 1.9 percent of all U.S. cases.,2020-12-11 23:49:47
D.H.S. held an indoor party as the administration told Americans to be cautious during coronavirus surge.,2020-12-11 23:18:36
Trump administration to buy another 100 million doses of Moderna’s Covid-19 vaccine.,2020-12-11 23:01:06
"‘For the next 60 to 90 days we’re going to have more deaths per day than we had at 9/11,’ the C.D.C. director warned.",2020-12-11 19:34:39
"To build confidence, Fauci says he’ll ‘get vaccinated publicly.’",2020-12-11 19:02:57
British and Russian vaccine makers are set to begin clinical trials combining two vaccines.,2020-12-11 18:26:52
"After Nagorno-Karabakh War, Trauma, Tragedy and Devastation",2020-12-11 18:02:55
"Indoor dining in N.Y.C. will shut down again, Cuomo says.",2020-12-11 17:02:19
A state scientist questioned Florida’s virus data. Now her home’s been raided.,2020-12-11 14:29:01
Hezbollah Member Sentenced in Absentia Over Killing of Ex-Premier in Lebanon,2020-12-11 13:27:55
"Mexico approves Pfizer vaccine for emergency use, and other news around the world.",2020-12-11 13:20:15
E.U. Agrees to Slash Carbon Emissions by 2030,2020-12-11 12:26:38
Most colleges brought back letter grades this fall. A few are returning to pass/fail.,2020-12-11 12:00:54
Secrecy surrounds the reporting of Covid-19 cases in college athletics.,2020-12-11 11:15:31
Argentina Moves Toward Legal Abortion Amid Push for Women’s Rights,2020-12-11 10:30:20
"With F.D.A. approval, Pfizer will ship millions of vaccine doses immediately.",2020-12-11 09:59:48
Australia scraps a Covid-19 vaccine that produced H.I.V. false positives.,2020-12-11 09:57:25
Australia Scraps Covid-19 Vaccine That Produced H.I.V. False Positives,2020-12-11 08:18:45
Sanofi and GlaxoSmithKline delay plans for a trial after experimental vaccine fails in some older patients.,2020-12-11 06:25:56
"Jimmy Lai, Media Mogul, Is Charged Under Hong Kong’s Security Law",2020-12-11 06:12:33
Reporting on Indigenous Australia,2020-12-11 04:59:48
The Women Faced Off to Play Soccer. One Team Lost Because of Hair Dye.,2020-12-11 03:30:36
Israel-Morocco Deal Follows History of Cooperation on Arms and Spying,2020-12-11 01:58:24
"After more than 3,000 U.S. deaths in a day, a warning: ‘The worst is yet to come.’",2020-12-11 01:38:06
"Already hobbled by remote learning, schools confront a growing problem: hackers.",2020-12-11 01:23:49
How a Long Insurgency Plays Into Trump’s Move on Morocco,2020-12-10 23:20:02
Afghan War Casualty Report: December 2020,2020-12-10 20:12:02
Boris Johnson Once Mocked the Eurocrats of Brussels. They Haven’t Forgotten.,2020-12-10 19:22:34
France will delay easing some virus restrictions.,2020-12-10 19:13:37
"Airlines are preparing to distribute vaccines, and make up for lost business.",2020-12-10 18:50:39
Ellen DeGeneres says she has tested positive for the coronavirus.,2020-12-10 17:48:48
Morocco Joins List of Arab Nations to Begin Normalizing Relations With Israel,2020-12-10 16:58:39
E.U.’s Top Drug Regulator Says It’s ‘Fully Functional’ After Cyberattack,2020-12-10 16:09:08
The next stop for a newly recommended vaccine is the F.D.A.,2020-12-10 15:51:01
A C.D.C. official says she was ordered to destroy an email showing a Trump appointee interfering with a report’s publication.,2020-12-10 15:32:10
"Time Running Out for Brexit Deal, ​E.U. Seeks to Avoid Jan. 1 Chaos",2020-12-10 15:25:50
Lebanon Prime Minister Charged With Negligence in Beirut Blast,2020-12-10 14:54:40
Executed Nigerian Farmers Were Caught Between Boko Haram and the Army,2020-12-10 14:29:54
Italy Charges Egyptian Security Agents in Student’s Killing,2020-12-10 14:03:12
Afghan Journalist Is Killed in Latest Attack on Media Figures,2020-12-10 13:47:08
"To Deter Iranian Attacks on U.S. Troops, Pentagon Orders B-52 Flights to Middle East",2020-12-10 13:45:08
"A man whose positive test forced a cruise ship to return early is actually negative, Singaporean officials say.",2020-12-10 13:40:30
The E.U. agency assessing coronavirus vaccines was hit by a cyberattack.,2020-12-10 12:42:16
Holidays in a pandemic? Here’s what happened in 1918.,2020-12-10 11:56:16
E.U. Reaches Deal on Major Budget and Stimulus Package,2020-12-10 11:42:42
Do you have questions about coronavirus tests? These experts have answers.,2020-12-10 11:18:09
"For Germans, Christmas markets are a beloved fixture. Maybe next year.",2020-12-10 10:42:06
U.S. sets record for daily deaths as hospitals nationwide near or exceed capacity.,2020-12-10 10:02:22
An Unwelcome Silent Night: Germany Without Christmas Markets,2020-12-10 10:00:20
South Korea faces its ‘biggest ever coronavirus crisis’ and other news around the world.,2020-12-10 10:00:19
"Wealthy nations are accused of hoarding vaccines, to the detriment of less developed countries.",2020-12-10 09:59:55
"Cases Surge in South Korea, but Covid Vaccine Is Months Away",2020-12-10 07:48:13
It’s Australia’s First Big Blaze of the Fire Season. How Bad Will the Summer Get?,2020-12-10 05:38:58
"The virus spreads at wildfire speed in tiny Rhode Island, surpassing rates of new cases elsewhere.",2020-12-10 01:47:51
"A grim new record for the U.S. as daily deaths from the virus top 3,000.",2020-12-10 01:44:29
Spain’s Juan Carlos Makes a Big Tax Payment Amid New Financial Probe,2020-12-09 23:52:51
The U.S. will initially hold back half the first vaccine supply.,2020-12-09 23:41:35
"In wary communities, children are left without playmates and parents are concerned.",2020-12-09 22:40:53
Men with the virus are hospitalized and die at higher rates than women.,2020-12-09 20:55:42
"Protesters disrupt a health board meeting in Idaho, massing outside members’ homes.",2020-12-09 20:32:32
Fleeing Ethiopians Tell of Ethnic Massacres in Tigray War,2020-12-09 20:11:15
The U.K. says people with severe allergies should not take the Pfizer-BioNTech vaccine while two reactions are under investigation.,2020-12-09 19:57:42
France Takes On Islamist Extremism With New Bill,2020-12-09 19:42:49
Canada Approves Vaccine and Could Start Shots Next Week,2020-12-09 19:21:18
"For Canadians Held in China, Two Years of Isolation and Uncertainty",2020-12-09 18:56:58
"Guido Goldman, a U.S. Bridge to Germany, Dies at 83",2020-12-09 18:28:54
"Canada approves the vaccine made by Pfizer and BioNTech, and shots may begin next week.",2020-12-09 16:56:09
Here’s how pandemic aid attracted hordes of gleeful and gutsy scammers.,2020-12-09 16:32:40
"‘On Social Media, There Are Thousands’: In Cuba, Internet Fuels Rare Protests",2020-12-09 16:30:32
"Cuomo relents on in-person news briefings in New York, and switches to Zoom.",2020-12-09 16:25:56
Lockdown Gardening in Britain Leads to Archaeological Discoveries,2020-12-09 16:07:39
Boris Johnson Fails to Break Brexit Deadlock in Brussels Talks,2020-12-09 15:57:44
"He broke out of quarantine for 8 seconds, and it cost him a $3,550 fine.",2020-12-09 15:56:46
Just how full are U.S. intensive care units? New data paints an alarming picture.,2020-12-09 15:40:47
"When youth hockey is suspended, it takes with it ‘a way of life.’",2020-12-09 14:37:42
Iran Claims Arrests in Killing of Top Nuclear Scientist,2020-12-09 13:13:01
"Angela Merkel calls for stricter lockdown measures, and other news around the world.",2020-12-09 12:59:06
"Scientists are monitoring New York’s sewers, hoping to identify coronavirus clusters.",2020-12-09 12:12:08
A cruise ship returns to Singapore early after a passenger tests positive.,2020-12-09 11:43:23
Some Los Angeles County officials who oppose restaurant restrictions are forming their own health departments.,2020-12-09 10:48:34
"‘Nothing to do with genes’: Racial gaps in pandemic stem from social inequities, studies find.",2020-12-09 10:07:51
"Iran Is Moving Key Facility at Nuclear Site Underground, Satellite Images Show",2020-12-09 10:00:09
She Accused the Mayor of Sexual Assault. Then the Town Turned on Her.,2020-12-09 09:49:12
"In Russia, vaccines are free. But public distrust is high.",2020-12-09 09:06:32
"He Broke Out of Quarantine for 8 Seconds, and Got a $3,550 Fine",2020-12-09 08:36:09
"A Chinese vaccine wins its first approval in the U.A.E., which says it is 86 percent effective.",2020-12-09 08:10:34
A Year Like No Other: 2020 in Pictures,2020-12-09 03:45:12
"For frontline workers in Britain, a simple ‘jab’ opens a new front in the coronavirus battle.",2020-12-09 00:12:12
"When England’s schools reopened this summer, few students fell ill, a study finds.",2020-12-08 23:59:53
"Cuomo, looking to avoid legal challenges, says electors must meet in person despite the pandemic.",2020-12-08 23:16:10
"18 days after giving birth, a mother died of Covid-19.",2020-12-08 22:58:55
"Left unchecked, the virus infected 70 percent of people in a city in the Brazilian Amazon.",2020-12-08 22:25:11
North Carolina orders a curfew and other restrictions to combat soaring coronavirus cases.,2020-12-08 22:09:52
"In Britain, a Simple ‘Jab’ Opens a New Front in the Coronavirus Battle",2020-12-08 21:50:58
"One pandemic, two presidents: A split-screen moment underscores the clashing approaches of Trump and Biden.",2020-12-08 21:18:45
The Michigan-Ohio State football game gets canceled after Michigan’s virus cases increase.,2020-12-08 19:38:36
"Another lawyer on the Trump team, Jenna Ellis, tests positive for the virus.",2020-12-08 19:18:27
"Doug Scott, Part of First Team to Summit Everest by Southwest Face, Dies at 79",2020-12-08 19:13:18
"As Brexit Talks Stall, Boris Johnson Offers the E.U. an Olive Branch",2020-12-08 19:10:01
India’s Police Detain Opposition Leaders As Farmers’ Agitation Grows,2020-12-08 19:06:11
"As U.K. Begins Vaccinations, a Glimpse of Life After Covid",2020-12-08 18:32:23
Britain is giving vaccinated people a wallet-size card that is raising questions.,2020-12-08 18:07:44
"Tabaré Vázquez, Former President of Uruguay, Dies at 80",2020-12-08 17:23:04
It’s a Lovely Winter in Europe. If You’re Selling Christmas Trees.,2020-12-08 17:00:21
"Pope Francis tones down a normally public ritual, and other world news.",2020-12-08 16:46:56
Here is what the start of a mass vaccine rollout looks like at a center in Wales.,2020-12-08 16:35:26
"William Shakespeare has been vaccinated against the coronavirus. (Yes, you read that right.)",2020-12-08 16:31:03
A new paper from Oxford on the AstraZeneca vaccine does little to answer the most pressing questions about its data.,2020-12-08 16:03:51
"Covid Infections, and Blame, Rise Along Southeast Asian Borders",2020-12-08 15:36:57
Saudi Court Jails Saudi-American Doctor Despite U.S. Pressure,2020-12-08 15:19:48
U.S. Leaves Behind Afghan Bases — and a Legacy of Land Disputes,2020-12-08 15:10:20
"For health care workers in Wales, emotions come to the surface with vaccination shots.",2020-12-08 14:20:30
"Pfizer’s vaccine offers strong protection after the first dose, F.D.A. finds.",2020-12-08 13:48:05
"A Wisconsin senator elevates fringe theories, questioning virus science.",2020-12-08 12:34:33
Nepal and China Say Mount Everest Is Two Feet Higher,2020-12-08 12:18:08
Most families of color have chosen remote learning over an in-person return to NYC schools.,2020-12-08 12:05:02
The C.D.C.’s call for data on vaccine recipients raises an alarm over privacy.,2020-12-08 11:07:16
Here’s why vaccinated people still need to wear a mask.,2020-12-08 10:07:38
"U.K. Coronavirus Vaccine: Side Effects, Safety, and Who Gets It First",2020-12-08 09:14:19
U.S. Imposes Sanctions on Chinese Officials Over Hong Kong Crackdown,2020-12-08 07:57:57
"First Briton to be vaccinated: ‘If I can have it at 90, then you can have it, too!’",2020-12-08 07:15:18
"Britain rolls out the Pfizer vaccine, a huge task but a sign of hope.",2020-12-08 06:04:06
The U.S. has recorded its most deaths in a week.,2020-12-08 06:04:03
"As Britain begins vaccinations, here are answers to some common questions.",2020-12-08 06:04:03
First vaccine recipients hope to set an example and are looking forward to holidays with family.,2020-12-08 06:04:03
"Israeli Soccer Team, Infamous for Anti-Arab Fans, Has New Co-Owner: a Sheikh",2020-12-08 01:16:20
Christchurch Inquiry Says New Zealand Couldn’t Have Prevented Mosque Attacks,2020-12-08 01:00:08
Romania’s Leader Quits After His Party’s Unexpected Election Loss,2020-12-07 22:32:51
"Canada will start receiving vaccine next week, prime minister says.",2020-12-07 22:27:04
"As Brexit Deadline Looms, Boris Johnson Takes Personal Control of Talks",2020-12-07 21:57:53
The governors of New York and California warn of a crisis that is filling up hospitals.,2020-12-07 20:44:36
Christmas Trees — an Elusive Bit of Happiness for Canadians,2020-12-07 20:30:10
"France’s infection numbers remain high, clouding plans to ease its lockdown.",2020-12-07 20:10:44
"The Kremlin Is Offering Russians Free Vaccines, but Will They Take Them?",2020-12-07 19:19:44
"After Botched Covid Response, U.K. Tackles Giant Vaccine Rollout",2020-12-07 18:44:14
"Outlining a new regional restriction plan, Cuomo says indoor dining could be barred in N.Y.C. as soon as Monday.",2020-12-07 17:55:20
The United Kingdom will become first Western nation to launch a vaccine drive on Tuesday.,2020-12-07 15:59:35
"In Australia’s Deadly Year for Shark Attacks, a Surfer Lives to Tell the Tale",2020-12-07 15:20:10
"In Poland, Protests Over Abortion Ban Could Revolutionize Politics",2020-12-07 14:43:24
Officials across Europe implement a wave of varied restrictions for Christmas.,2020-12-07 12:41:32
‘Fishermen’ help fight mental health problems in Britain during the pandemic.,2020-12-07 11:59:40
"China’s ‘King of Vaccines,’ a partner to AstraZeneca, is plagued by scandal.",2020-12-07 10:59:08
Police in Indonesia Kill 6 Followers of Hard-Line Cleric,2020-12-07 10:46:31
A Bronx neighborhood reels with 26 percent unemployment.,2020-12-07 10:29:32
"An Autistic Man Is Killed, Exposing Israel’s Festering Police Brutality Problem",2020-12-07 10:00:24
Australians celebrate as restrictions are lifted ahead of Christmas.,2020-12-07 09:58:32
"Bergamo’s pandemic survivors carry unseen, incalculable scars.",2020-12-07 09:57:45
"Australia Gears Up for the Great Koala Count, Using Drones, Droppings and Dogs",2020-12-07 03:31:50
No. 1 Gonzaga cancels four basketball games because of virus issues.,2020-12-07 01:17:42
"After defying virus rules, a bar manager drove his car into a sheriff’s deputy.",2020-12-06 23:57:12
Romania’s Leader Is Tested by a Close Election,2020-12-06 23:50:07
An anti-vaccine activist has been invited to testify before a Senate committee.,2020-12-06 23:34:43
"As Pandemic Threatens Britain’s Mental Health, These ‘Fishermen’ Fight Back",2020-12-06 21:09:35
"Giuliani has tested positive for the coronavirus, Trump says.",2020-12-06 20:32:20
"Greek Orthodox Church faces criticism, and other news around the world.",2020-12-06 20:00:36
New York City prepares to reopen elementary schools amid surge.,2020-12-06 17:31:22
"In Last-Ditch Bid for Brexit Deal, Leaders’ Theatrics Show the Stakes",2020-12-06 17:24:26
Roald Dahl’s Family Apologizes for His Anti-Semitism,2020-12-06 17:22:04
Many Palestinians disregard safety requirements as coronavirus cases in the West Bank soar.,2020-12-06 16:12:10
"Residents of nursing homes could receive vaccine by the end of December, official says.",2020-12-06 15:59:23
‘Like a Cattle Yard’: How Justice Is Delivered in Australia’s Bush Courts,2020-12-06 15:31:33
A Polarizing Documentary Spurs Debate Over a Violent Time in Quebec,2020-12-06 15:11:45
China peddles falsehoods to push the idea that the virus came from somewhere else.,2020-12-06 14:30:27
Bergamo’s Pandemic Survivors Carry Scars Unseen and Incalculable,2020-12-06 10:00:16
China Peddles Falsehoods to Obscure Origin of Covid Pandemic,2020-12-06 10:00:15
"Suhaila Siddiq, Afghanistan’s First Female General, Is Dead",2020-12-05 22:59:33
"In Somalia, U.S. Troop Withdrawal Is Seen as Badly Timed",2020-12-05 20:42:06
Mass vaccinations are beginning. They’re not all the same.,2020-12-05 20:39:31
"‘Natural immunity’ from Covid is still not as safe as a vaccine, experts say.",2020-12-05 19:57:33
"Russia begins a mass vaccination campaign in Moscow, with a vaccine that is not fully tested.",2020-12-05 19:39:58
"With Covid-19 hospitalizations at a high, Tennessee asks the National Guard for help.",2020-12-05 19:07:13
Venezuela Votes in an Election the Opposition Calls a Charade,2020-12-05 18:56:21
Hawaii hopes its pandemic-battered economy will get a boost from mainlanders working remotely.,2020-12-05 18:29:46
The U.S. debate over which group should get vaccine priority is getting heated.,2020-12-05 17:22:41
"Once a model for how to contain the virus, New Rochelle now mourns its return.",2020-12-05 16:36:30
"As Refugees, Their Options Were Limited. Others Saw a Profit.",2020-12-05 15:09:45
"Britain’s vaccine rollout gives Boris Johnson a chance to improve his reputation, and other news around the world.",2020-12-05 14:45:09
The Midwest is showing signs of progress. Will it last?,2020-12-05 14:44:06
"The virus is devastating the U.S., and leaving an uneven toll.",2020-12-05 14:42:37
"Irina Antonova, a grande dame of the Russian museum world, dies at 98.",2020-12-05 14:42:37
A virologist explains the ‘Swiss cheese model’ of pandemic defense.,2020-12-05 14:42:37
Mystery Couple Found in a Roll of Film From Nearly 70 Years Ago,2020-12-05 14:20:51
Greek Orthodox Church Faces Criticism as Virus Hits Its Ranks,2020-12-05 10:38:49
"After Perilous Atlantic Journey, Migrants Await Their Fate in Canary Island Hotels",2020-12-05 10:00:20
Outbreaks at nursing homes appear to be linked to Washington State wedding. Seven have died.,2020-12-05 02:21:41
Vaccines End the Pandemic’s Political Harmony,2020-12-05 02:04:55
"Sculpture Vanishes From German Mountain, Then Is Replaced",2020-12-04 23:14:38
The San Francisco Bay Area will enact new restrictions before California orders them.,2020-12-04 22:17:04
Restaurants in Washington State defy governor and invite guests inside.,2020-12-04 21:45:01
Trump Orders All American Troops Out of Somalia,2020-12-04 21:38:45
Bahrain follows Britain in approving Pfizer’s vaccine for emergency use before the U.S. does.,2020-12-04 20:55:26
"Irina Antonova, Grande Dame of Russian Museum World, Dies at 98",2020-12-04 20:41:23
Pence says the nation is in a ‘season of hope’ as vaccine development speeds up.,2020-12-04 20:24:02
"As Miami’s cases soar, officials plead with residents to stay home for the holidays, and other news from around the country.",2020-12-04 20:16:46
A former toxic dump in Jersey City will become the site of a park with a Covid memorial.,2020-12-04 20:06:11
"For Boris Johnson, a Week to Exorcise the Demons of 2020",2020-12-04 19:58:46
The C.D.C. urges Americans to wear face masks outside the home.,2020-12-04 19:50:16
"Black Man Is Beaten on Camera, Thrusting French Police Into Spotlight",2020-12-04 19:45:24
"Cases surge in the Northeast and Mid-Atlantic, often exceeding the scale of the spring outbreak.",2020-12-04 19:11:02
Health experts press for new focus on Covid survivors with long-term symptoms.,2020-12-04 18:42:22
‘What Can I Feel? The Most Important Is That We Are Alive’,2020-12-04 17:28:14
Revenue losses in the pandemic are forcing state and local governments to slash their budgets.,2020-12-04 16:38:43
A coronavirus outbreak hobbles an unemployment center in Oregon.,2020-12-04 16:31:03
Bank of England Rebuked Over ‘Missing’ $67 Billion of Cash,2020-12-04 16:25:36
"Ignored and Ridiculed, She Wages a Lonesome Climate Crusade",2020-12-04 14:30:08
‘No one will be sitting on Santa’s lap’ with safety front of mind this Christmas.,2020-12-04 13:02:27
"Indian Farmers’ Protests Spread, in Challenge to Modi",2020-12-04 11:36:12
"Italy bars travel between regions over the holidays, and other news around the world.",2020-12-04 11:04:34
From Crowded Camps to a Remote Island: Rohingya Refugees Move Again,2020-12-04 10:40:43
The Rose Bowl will be played in front of an empty stadium.,2020-12-04 10:34:55
A blood test showing the effectiveness of a vaccine on monkeys has the potential to speed up trials.,2020-12-04 10:03:05
We asked 700 epidemiologists what it would take for their lives to return to normal.,2020-12-04 10:01:57
When the second wave is deadlier than the first: How could Europeans allow this to happen?,2020-12-04 10:00:45
Fauci will return to center stage in a Biden administration.,2020-12-04 10:00:05
2 Hurricanes Devastated Central America. Will the Ruin Spur a Migration Wave?,2020-12-04 08:00:12
"This Time, a Cartoon Depiction of Naomi Osaka Is More True to Life",2020-12-04 05:44:46
Why Is Australia Still Part of the British Monarchy?,2020-12-04 04:20:38
Biden says he will ask Americans to wear masks for 100 days.,2020-12-04 03:44:01
"Stay home this Christmas, a Canadian premier begs citizens.",2020-12-04 03:01:23
"From Shelled Ethiopian City, Doctors Tally Deaths and Plead for Help",2020-12-03 23:35:56
"A couple were arrested after boarding a plane knowing they were infected, the police say.",2020-12-03 23:18:57
"Feeling Spurned by Trump, U.N. Sees Redemption in Biden and Team",2020-12-03 22:46:18
"Moderna’s vaccine provides protection against Covid-19 for at least three months, a study finds.",2020-12-03 22:26:01
Egypt Frees Human Rights Workers Amid Rising International Pressure,2020-12-03 22:08:22
"Decades Later, Liberian Warlord Faces War Crimes Trial in Switzerland",2020-12-03 21:25:55
At-home saliva kits are the next frontier in virus testing.,2020-12-03 20:09:03
"France announces a free vaccination plan, and other news from around the world.",2020-12-03 19:19:42
"The global economy could suffer without equitable access to vaccines, a report finds.",2020-12-03 18:01:34
Cyberattackers are targeting government and corporate vaccine distribution plans.,2020-12-03 17:28:51
Police in India Make First Arrest Under New Interfaith Marriage Law,2020-12-03 17:18:29
N.Y.C. surpasses a positive test rate last seen at the end of May.,2020-12-03 17:11:57
"Hamish MacInnes, Scotland’s Man of the Mountains, Dies at 90",2020-12-03 16:52:30
"As the U.K. claims bragging rights for the best vaccine regulators (yes, really), U.S. officials beg to differ.",2020-12-03 16:26:32
U.K. and U.S. Officials Spar Over ‘Vaccine Nationalism’,2020-12-03 16:09:05
"Swiss politicians defy warnings against singing, and other news from around the world.",2020-12-03 15:26:47
"Britain approves a vaccine, the first nation in the West to do so.",2020-12-03 12:23:47
The virus has made this nine-hour college entrance exam even more grueling.,2020-12-03 10:08:08
"London’s taxi drivers, confronted with deserted streets, are turning in their rented black cabs.",2020-12-03 10:03:18
‘Field of Broken Dreams’: London’s Growing Taxi Graveyards,2020-12-03 10:00:24
The College-Entrance Exam Is 9 Hours Long. Covid-19 Made It Harder.,2020-12-03 08:09:49
U.S. Tightens Visa Rules for Chinese Communist Party Members,2020-12-03 06:06:43
"Jimmy Lai, Hong Kong Media Tycoon, Is Denied Bail on Fraud Charge",2020-12-03 06:05:31
"He Escaped Death as a Kamikaze Pilot. 70 Years Later, He Told His Story.",2020-12-03 05:12:44
"‘It’s terrible, because it was avoidable’: U.S. virus deaths have passed the spring peak.",2020-12-03 02:44:53
Obama says he is planning to take a Covid-19 vaccine.,2020-12-02 23:55:03
"Valéry Giscard d’Estaing, 94, Is Dead; Struggled to Transform France",2020-12-02 23:14:46
Redfield warns this winter may be ‘the most difficult time in the public health history’ of the U.S.,2020-12-02 21:15:26
U.S. Hopes a Small Step in Easing a Mideast Rivalry Could Further Rattle Iran’s Economy,2020-12-02 20:42:42
"If authorized, vaccine doses for about 170,000 New Yorkers could arrive on Dec. 15, Cuomo says.",2020-12-02 20:10:02
Iran Moves to Increase Uranium Enrichment and Bar Nuclear Inspectors,2020-12-02 19:33:43
Moderna will soon begin testing its coronavirus vaccine in children.,2020-12-02 18:32:15
Europe is divided on how to approach the ski season after resorts bred virus clusters.,2020-12-02 17:57:45
"How did Britain move so fast on a vaccine? It leaned on Pfizer’s own analyses, for starters.",2020-12-02 17:48:22
Brazil will prioritize Indigenous people and the elderly in its vaccine rollout.,2020-12-02 17:42:01
Afghan and Taliban Negotiators Agree on Peace Talks’ Procedures,2020-12-02 17:27:58
CVS will administer a Covid-19 treatment in patients’ homes and in nursing facilities.,2020-12-02 17:15:48
The C.D.C. warns Americans not to travel for the holidays and outlines ways to shorten quarantine times.,2020-12-02 16:19:07
Wondering when you can get a vaccine? Here are answers to some common questions about the rollout.,2020-12-02 15:54:34
Why the U.K. Approved a Coronavirus Vaccine First,2020-12-02 15:30:55
Women and low-income workers have taken the biggest earnings hit in Europe as a result of the pandemic.,2020-12-02 14:45:30
Israel Takes First Step Toward New Election,2020-12-02 13:57:28
"Eight Pakistani cricket players test positive in New Zealand, and other news from around the world.",2020-12-02 11:26:15
U.N. Reclassifies Cannabis as a Less Dangerous Drug,2020-12-02 11:11:55
Killer Robot? Assassination of Iranian Scientist Feeds Conflicting Accounts,2020-12-02 08:45:46
‘He Is a Thug’: Polarizing Muslim Cleric Returns to Indonesia,2020-12-02 08:35:47
Joshua Wong and Agnes Chow Are Sentenced to Prison Over Hong Kong Protest,2020-12-02 07:39:35
"Britain approves a vaccine, the first nation in the West to do so.",2020-12-02 07:25:22
"U.K. Approves Pfizer Coronavirus Vaccine, a First in the West",2020-12-02 07:12:59
"Is China Laying Claim to Kimchi, Too? Some South Koreans Think So",2020-12-02 03:00:40
"Long-term care residents and health workers should get vaccine first, C.D.C. panel says.",2020-12-01 23:06:39
Stanford is taking its football team on the road to avoid virus restrictions.,2020-12-01 20:23:59
"England exits its lockdown but divides into a strict three-tier system, and other news from around the world.",2020-12-01 20:17:26
The U.S. and Britain race to authorize Covid-19 vaccines.,2020-12-01 19:49:19
"With the virus spiking on Capitol Hill, the congressional physician asks for more precautions.",2020-12-01 19:44:36
Hungarian Politician Resigns After Brussels Party Is Raided by Police,2020-12-01 19:34:56
"In England, Rumbles of Discontent as Parliament Votes to Exit Lockdown",2020-12-01 19:27:03
"As officials warn about dangers facing hospitals, N.Y.C. urges older adults and vulnerable people to stay home.",2020-12-01 17:51:51
"The virus may have been in the U.S. in mid-December, but was probably not spreading.",2020-12-01 16:46:45
"Drunken Man Plows Car Into Pedestrians in Germany, Killing 4",2020-12-01 14:08:46
"The chief of Hamas in Gaza tests positive, and other updates from around the world.",2020-12-01 14:05:15
"Pfizer vaccine submitted for E.U. approval, which could come by Dec. 29.",2020-12-01 12:22:22
British Hiker Goes Missing in the Pyrenees,2020-12-01 12:11:23
"The World in a Vise: Sounding the Alarm on China, Then Running for Shelter",2020-12-01 11:48:40
"The pandemic has raised the need for humanitarian aid by 40 percent, the U.N. says.",2020-12-01 11:10:39
"Vaccines are coming, but pandemic experts expect a ‘horrible’ winter.",2020-12-01 10:29:58
"In Nagorno-Karabakh Peace Deal, Putin Applied a Deft New Touch",2020-12-01 10:00:36
"France has kept schools open without driving up infections, and other news from around the world.",2020-12-01 09:56:06
New ‘BTS Law’ Is Passed in South Korea. An Army of Fans Rejoices.,2020-12-01 09:23:52
"Bank Robbers in Brazil Terrorize a Sleepy City, Overpowering Police",2020-12-01 07:07:57
An Oregon nurse is placed on leave for a TikTok video mocking masks.,2020-12-01 04:00:05
Restrictions push the San Francisco 49ers to Arizona for December.,2020-11-30 23:16:32
Brazil Amazon Deforestation Hits 12-Year High Under Bolsonaro,2020-11-30 23:01:10
It may be weeks before we know if Thanksgiving travel fed a virus surge.,2020-11-30 22:30:17
Governor Newsom warns California’s I.C.U. beds could be full before Christmas.,2020-11-30 22:15:06
"Accepting the Danger of Human Rights Work in Egypt, With Food and Humor",2020-11-30 22:13:46
Positive Test Rate of 11 Percent? France’s Schools Remain Open.,2020-11-30 21:57:08
New study gives clues to how Covid-19 can cause neurological problems.,2020-11-30 21:28:05
France’s Major Literary Juries Award Prizes in a Year of Scandal,2020-11-30 21:23:45
Croatia’s prime minister and his wife have tested positive for the virus.,2020-11-30 20:47:43
"NATO Needs to Adapt Quickly to Stay Relevant for 2030, Report Urges",2020-11-30 20:42:20
A humanitarian leader says a ‘pandemic of mistrust’ could torpedo vaccination campaigns.,2020-11-30 20:41:12
Turkey announces its strictest lockdown yet as it passes half a million cases.,2020-11-30 20:10:36
Cuomo announces emergency hospital measures as New York enters ‘a new phase in the war against Covid.’,2020-11-30 17:20:46
"For Japanese Princess, Fairy-Tale Wedding May Be Distant Prospect",2020-11-30 17:01:24
Angry Farmers Choke India’s Capital in Giant Demonstrations,2020-11-30 16:05:41
"‘Trump Is Better’: In Asia, Pro-Democracy Forces Worry About Biden",2020-11-30 15:07:04
"As Iran Mourns Nuclear Scientist, Officials Vow to Find His Killers",2020-11-30 13:53:28
The lockdown is exposing the gender gap in British sports.,2020-11-30 13:47:40
France to Rewrite Contentious Security Bill on Sharing Images of Police,2020-11-30 12:57:55
"Europe’s Christmas markets move festivities online, and other global developments.",2020-11-30 12:50:22
The pandemic has slashed North Korea’s already dwindling trade with China.,2020-11-30 12:35:11
Australia Condemns Lurid Tweet by Chinese Official as ‘Disgusting Slur’,2020-11-30 12:12:07
Moderna applied for emergency F.D.A. vaccine authorization and says first injections could begin by Dec. 21.,2020-11-30 12:02:56
Teachers face a steepening toll during the pandemic.,2020-11-30 11:05:34
"After weeks of lockdown, cases in England drop 30 percent.",2020-11-30 10:03:16
"Food delivery apps are booming, while their workers often struggle.",2020-11-30 10:02:21
Scientists and vaccine trial participants are tackling misinformation on TikTok.,2020-11-30 10:02:03
Hong Kong’s Courts Are Still Independent. Some Want to Rein Them In.,2020-11-30 08:00:09
New Zealand Announces Charges in Deadly White Island Volcano Eruption,2020-11-30 06:50:37
Australia hopes a pilot program for international students can restart its crucial education sector.,2020-11-30 04:14:37
A Baltimore school returned to classrooms. This is what the first week looked like.,2020-11-29 21:58:18
Netanyahu warns Israel may have to return to tighter restrictions.,2020-11-29 21:22:41
Should isolation periods be shorter for people with Covid-19?,2020-11-29 21:10:02
"American mink have coronavirus, but there’s no sign yet of them passing it to humans.",2020-11-29 20:22:29
‘In the fight of our lives’: New Jersey’s governor spotlights his state’s return to crisis.,2020-11-29 20:15:43
‘Because She’s a Girl’: Lockdown Exposes Gender Gap in U.K. Sports,2020-11-29 19:08:07
"Afghan Leader Digs In on Peace Talks Despite Progress, Officials Say",2020-11-29 18:39:02
"Warning of a surge on top of a surge, U.S. health officials caution Thanksgiving travelers.",2020-11-29 17:17:06
‘I Have Never Seen So Many Toadstools.’ A Bumper Crop of Mushrooms in Ukraine.,2020-11-29 17:16:41
Offices of Diego Maradona’s Doctor Raided Over His Death,2020-11-29 16:54:50
"Strained hospitals reflect the virus’s wide reach in Turkey, and other world developments.",2020-11-29 15:56:19
Plan to Hold Corporations Liable for Violations Abroad Fails in Switzerland,2020-11-29 15:44:24
Leadership of U.N. Human Rights Body Becomes Proxy Battle for World Powers,2020-11-29 15:43:02
"With Art Basel canceled, Miami looks inward — and the show goes on.",2020-11-29 14:11:34
The Lost Days That Made Bergamo a Coronavirus Tragedy,2020-11-29 10:19:58
An underground New York club with 400 people was shut down for violating coronavirus restrictions.,2020-11-29 00:41:53
Brazen Killings Expose Iran’s Vulnerabilities as It Struggles to Respond,2020-11-28 23:59:07
The London police arrest over 150 people protesting against England’s coronavirus lockdown and vaccines.,2020-11-28 22:11:11
"When coronavirus concerns emptied Vanderbilt’s kicking roster, Sarah Fuller made college football history.",2020-11-28 20:48:15
Ethiopia Claims Victory in Tigray Conflict After Shelling Restive Region’s Capital,2020-11-28 19:00:50
Daily Covid-19 deaths in the U.S. rise back toward the record level set in April.,2020-11-28 18:45:02
"U.S. coronavirus cases pass 4 million for the month of November, doubling the record set in October.",2020-11-28 18:27:24
Protests Over Security Bill in France Draw Tens of Thousands,2020-11-28 17:38:33
"Ohio State cancels a game after a coronavirus outbreak, potentially imperiling its Big Ten chances.",2020-11-28 17:30:02
Israel’s Pick to Head Holocaust Memorial Stirs International Uproar,2020-11-28 17:29:42
"Guns, Drugs and Viral Content: Welcome to Cartel TikTok",2020-11-28 16:52:44
Assassination in Iran Could Limit Biden’s Options. Was That the Goal?,2020-11-28 16:36:22
A video in a hospital courtyard captures an 81-year-old Italian’s serenade to his dying wife.,2020-11-28 16:23:16
Closing Time for a Village’s Last Pub?,2020-11-28 14:31:58
"In East Africa, rulers crack down on the opposition, citing the coronavirus.",2020-11-28 14:31:24
"To keep up with pandemic boom in online shopping, Amazon hired 427,300 employees in 10 months.",2020-11-28 14:31:23
Cases are rising in South Africa ahead of its peak travel season.,2020-11-28 14:31:22
The pandemic has made the already difficult college application process that much harder.,2020-11-28 14:31:22
"U.S. public school enrollment drops as parents, frustrated by lockdown, pull their children out.",2020-11-28 14:31:20
"For the global economy, the road back to normalcy is a long one.",2020-11-28 14:31:20
"U.S. coronavirus infections shoot past 13 million, even as the Thanksgiving holiday blurs state reporting.",2020-11-28 14:31:20
"As Iran Threatens Payback After Assassination, Germany Urges Restraint",2020-11-28 13:37:05
Pedophile Scandal Can’t Crack the Closed Circles of Literary France,2020-11-28 10:00:21
Beijing Takes Its South China Sea Strategy to the Himalayas,2020-11-28 04:40:23
"After beating back the virus, officials in East Asia are forced to recalibrate their responses.",2020-11-28 04:18:30
Macron Says Images of French Police Beating Black Man ‘Shame Us’,2020-11-28 03:46:46
"Gunmen Assassinate Iran’s Top Nuclear Scientist in Ambush, Provoking New Crisis",2020-11-28 01:06:23
"Los Angeles County, where the virus is surging, urges residents to stay home.",2020-11-27 23:56:56
"An N.F.L. game is postponed again, and other sports news.",2020-11-27 22:52:27
Britain moves to quickly approve a coronavirus vaccine with unclear test results.,2020-11-27 22:50:44
Pentagon Chief Visits Somalia Ahead of Expected Troop Cuts,2020-11-27 22:46:45
How Toronto Plans to Keep Schools Open Amid Its Second Lockdown,2020-11-27 21:45:22
Swiss to Vote on Tougher Responsibility Proposal for Companies,2020-11-27 19:55:19
Britain Set to Leap Ahead in Approving Vaccines,2020-11-27 19:21:23
"Covid is slamming U.S. hospitals with patients and robbing them of staff, pushing health systems to the edge.",2020-11-27 19:17:39
U.S. coronavirus infections shoot past 13 million as officials plead with Americans to spend Black Friday online.,2020-11-27 18:24:17
"‘Remain home and stay on the good list,’ say N.Y.C. SantaCon organizers.",2020-11-27 17:50:51
"In and around Buffalo, N.Y., a second wave hits ‘with a vengeance.’",2020-11-27 17:24:16
A Chilling Question Divides Europe: Open Ski Slopes or Keep Them Closed?,2020-11-27 17:15:31
‘Unprecedented learning loss’: U.S. students rack up failures as grading returns to pre-pandemic standards.,2020-11-27 16:37:58
"Just before pulling the U.S. out of the W.H.O., Trump demanded major changes to its pandemic response.",2020-11-27 16:10:57
Nursing homes in the U.S. account for roughly 40 percent of Covid-19 fatalities.,2020-11-27 15:32:09
"Iran’s Top Nuclear Scientist Killed in Ambush, State Media Say",2020-11-27 15:02:39
"Trump Gave W.H.O. a List of Demands. Hours Later, He Walked Away.",2020-11-27 14:38:33
Iranian Diplomat Accused of Plotting to Bomb Dissidents Goes on Trial in Belgium,2020-11-27 14:37:40
Austria is to begin what will be the largest mass testing program in Europe so far.,2020-11-27 13:21:53
"India begins planning a vaccine rollout, as Prime Minister Modi strives to revive a flagging economy.",2020-11-27 13:11:16
Fewer kindergarten students means money problems for schools and learning concerns for children.,2020-11-27 12:28:21
They Beat Back the Virus (Again and Again and Again),2020-11-27 11:52:33
The virus won’t stop evolving when a vaccine arrives.,2020-11-27 11:43:05
"England’s lockdown will lift next week, but many pubs will stay closed.",2020-11-27 11:43:04
An Australian state declares victory after 28 days with no new cases.,2020-11-27 11:43:04
The Baltimore Ravens’ star quarterback is said to have tested positive for the virus.,2020-11-27 11:43:04
People are snagging Black Friday travel deals for a post-vaccine world.,2020-11-27 11:43:02
"The military’s role in a vaccine will be strictly behind the scenes, despite Trump’s claims.",2020-11-27 11:43:01
"He Once Trafficked in Rare Birds. Now, He Tells How It’s Done.",2020-11-27 11:09:47
‘We must learn from the summer’: Europe seeks to avoid mistakes as countries ease restrictions.,2020-11-27 11:07:23
"Jailed, Exiled and Silenced: Smothering East Africa’s Political Opposition",2020-11-27 10:00:27
How Did the North Korean Defector Cross the Border? Loose Screws,2020-11-27 08:43:12
"A Mother, Her Son — and Their 1,500-Mile Search for Home",2020-11-27 08:00:16
Australian Military Moves to Dismiss Soldiers After Killings in Afghanistan,2020-11-27 04:23:08
"Escaping the Virus, Almost",2020-11-27 03:30:49
Six U.S. Oil Executives Are Convicted of Corruption in Venezuela,2020-11-27 01:40:57
"Argentina, and Latin America, Mourn Maradona as a Man of the People",2020-11-27 00:07:26
"Mothers have received less breastfeeding support from hospitals during the pandemic, a study finds.",2020-11-26 22:41:39
"One mayor ignored his own travel advice, but for most leaders it was a day to give thanks.",2020-11-26 22:32:36
"England’s Lockdown Will Lift, but Many Pub Doors Will Stay Closed",2020-11-26 22:11:42
"The military’s role in a vaccine will be strictly behind the scenes, despite Trump’s claims.",2020-11-26 21:28:41
"Venezuela Raids Food Charity, Interrupting Meals for Children",2020-11-26 19:39:34
Video of Police Beating Black Man in Paris Fuels Debate on Filming Officers,2020-11-26 19:30:49
"In the county with the first U.S. case, virus numbers are hitting records.",2020-11-26 19:13:00
"Paolo Gabriele, Pope’s Butler in ‘Vatileaks’ Scandal, Dies at 54",2020-11-26 18:06:48
Cuomo criticizes the Supreme Court’s decision barring New York’s restrictions on religious services.,2020-11-26 17:44:36
Canada had its Thanksgiving in October. What followed may bode poorly for the U.S.,2020-11-26 17:28:00
E.U. Border Agency Accused of Covering Up Migrant Pushback in Greece,2020-11-26 17:13:16
"Data on U.S. cases will lag, with 14 states not updating numbers over Thanksgiving.",2020-11-26 15:54:38
"The pandemic is ‘a crisis that reveals what is in our hearts,’ the pope says.",2020-11-26 15:15:44
Wedding Rings Lost in Shipwreck Will Be Returned to Migrant Couple,2020-11-26 15:06:41
Delta announces ‘quarantine free’ flights from Atlanta to Rome.,2020-11-26 14:07:29
South Korea reports its biggest one-day jump in cases in eight months.,2020-11-26 13:22:32
"Ethiopia’s Leader Escalates Assault on Tigray Region, Putting Civilians at Risk",2020-11-26 13:09:10
Merkel outlines Germany’s plan to extend restrictions through December.,2020-11-26 12:48:12
New Jersey’s governor wants schools open. Local officials have other ideas.,2020-11-26 12:48:12
Supreme Court blocks New York’s virus-imposed limits to religious services.,2020-11-26 12:48:11
"As N.F.L. crowds decline, the Dallas Cowboys keep the gates open.",2020-11-26 12:48:11
Times readers shared what they’re thankful for in six words.,2020-11-26 12:48:08
"England details post-lockdown restrictions, and other news from around the world.",2020-11-26 12:46:36
"AstraZeneca admits a mistake, raising questions about the efficacy of its vaccine.",2020-11-26 12:34:43
A somber holiday for the U.S. amid a record number of daily virus cases and deaths.,2020-11-26 12:33:44
‘The Crown’ Stokes an Uproar Over Fact vs. Entertainment,2020-11-26 10:11:11
Turkey Jails Hundreds for Life Over 2016 Coup Attempt,2020-11-26 09:00:25
"In Argentina, Maradona’s Death Sets Off a Vivid Display of Public Grief",2020-11-26 08:48:42
South Korean Mastermind of Exploitation Chat Rooms Gets 40 Years in Prison,2020-11-26 07:48:19
"‘Hang on,’ Biden urges Americans as the virus surges.",2020-11-26 01:15:33
Sewage testing may offer early signs of coronavirus outbreaks.,2020-11-26 00:34:12
Elks Lodges and other clubs face challenges surviving the pandemic.,2020-11-25 23:45:50
Germany extends its partial lockdown through December.,2020-11-25 22:29:39
Saudi Activist Who Fought For Women’s Right to Drive Is Sent to Terrorism Court,2020-11-25 21:00:19
"The N.F.L. postpones a Thanksgiving game because of a Ravens outbreak, and Coach Saban tests positive.",2020-11-25 20:08:16
"About 200 homeless men must vacate an Upper West Side hotel, a Manhattan judge rules.",2020-11-25 19:47:50
"Macron’s Rightward Tilt, Seen in New Laws, Sows Wider Alarm in France",2020-11-25 18:50:51
"Nick Saban, Alabama’s coach, tests positive.",2020-11-25 18:27:18
Health officials urge everyone: Just say no to Drinksgiving.,2020-11-25 18:10:24
The C.D.C. is urging Americans to avoid travel to Mexico amid a coronavirus surge in the country.,2020-11-25 18:03:55
Iran Frees British-Australian Scholar in Prisoner Swap,2020-11-25 17:54:13
France Drops Rape Investigation of Former Deputy Mayor of Paris,2020-11-25 17:29:56
Refugee women face a ‘shadow pandemic’ of violence that is increasing globally as the virus resurges.,2020-11-25 17:10:19
Doctors and nurses on the front lines are grappling with Covid combat fatigue.,2020-11-25 17:07:11
Post-Brexit Border Test Leads to 5-Mile Traffic Jam in Southern England,2020-11-25 16:52:26
New quarantine requirements could mean fewer skiers in Vermont.,2020-11-25 16:21:48
"Another Trump campaign lawyer tests positive, along with other officials.",2020-11-25 15:48:09
The C.D.C. is considering shortening its recommended quarantine period.,2020-11-25 13:25:25
"Meghan, Duchess of Sussex, Shares Her Miscarriage Grief",2020-11-25 13:04:06
"Cyclone Nivar Reaches India, Battering Its Eastern Coast",2020-11-25 13:00:07
Unemployment claims in the U.S. jumped last week as virus cases surged.,2020-11-25 12:58:37
Golf or green spaces? A debate in Australia intensifies after pandemic lockdowns.,2020-11-25 12:27:08
"A U.S. record: Two weeks, two million virus cases.",2020-11-25 12:15:08
Pennsylvania bans alcohol sales on one of the busiest nights of the year.,2020-11-25 11:22:16
‘I know I’m going to be lonely’: New Yorkers plan solo Thanksgiving holidays.,2020-11-25 10:59:19
A Feared Law to Protect the Monarchy Returns Amid Thailand’s Protests,2020-11-25 10:56:34
Driver Crashes Car Into Gate Outside Angela Merkel’s Office,2020-11-25 10:47:09
"An outbreak strikes a major P.P.E. supplier, and other news from around the world.",2020-11-25 10:01:44
"Handcuffed by the police at 11, a girl in Michigan has died of the virus at 14.",2020-11-25 10:01:44
May Madness? Postponing the tournament is possible as college basketball begins.,2020-11-25 09:22:10
"Casualties From Banned Cluster Bombs Nearly Doubled in 2019, Mostly in Syria",2020-11-25 08:30:06
A Chinese firm seeks permission to market a vaccine before it has completed trials.,2020-11-25 05:59:14
Death by Shark Is at a High in Australia. What’s Going On?,2020-11-25 04:16:12
U.N. Gets OK to Aid Crippled Yemen Tanker After Months of Waiting,2020-11-25 00:01:56
The C.D.C. is considering shortening its recommended quarantine period.,2020-11-24 22:55:04
"Priscilla Jana, Lawyer Who Battled Apartheid, Is Dead at 76",2020-11-24 22:31:05
Macron says that France is past the peak of the second wave and that shops can reopen on Saturday.,2020-11-24 21:01:50
Donors Pledge Less Aid to Afghanistan During a Violent Chapter,2020-11-24 20:38:47
"The organizers of a gigantic Brooklyn wedding will be fined $15,000 for violating pandemic rules.",2020-11-24 19:54:57
The surge in California shatters records as officials scramble to head it off.,2020-11-24 19:50:54
"Tackling ‘Period Poverty,’ Scotland Is 1st Nation to Make Sanitary Products Free",2020-11-24 19:24:00
Britain will loosen most restrictions for a short period to allow people to celebrate Christmas.,2020-11-24 19:13:28
"In the first distribution push, 6.4 million doses of Pfizer’s vaccine will be shipped across the U.S.",2020-11-24 19:01:02
Amnesia Grips a Bosnian Spa That Served as a Rape Camp,2020-11-24 17:43:47
Pennsylvania bans booze sales on one of the busiest nights of the year.,2020-11-24 17:18:52
Outcry in France After Police Clear Paris Migrant Camp,2020-11-24 16:52:37
