word,count,happs_score,stddev,2015,2016,2017,2018,2019
claims,368,4.72,1.4434,64,44,28,20,18
major,10,5.76,1.4223,1,1,,,
iraqi,11,3.96,1.3991,7,,3,,
forces,27,4.18,1.5868,3,2,3,,1
lay,3,5.58,1.2792,1,,,,
extreme,1,5.12,1.686,1,,,,
cold,4,4.22,1.7761,2,,,,
weather,4,5.88,1.5205,2,,,,
hundreds,15,5.96,1.6655,4,1,1,1,
lives,10,6.22,1.148,2,,1,1,
navy,2,5.58,1.5131,2,,,,
beating,1,2.56,1.8969,1,,,,
death,36,1.54,1.2811,4,7,,1,1
talks,21,5.82,1.207,4,5,1,1,1
seized,4,3.44,1.4591,1,,1,1,
claim,178,5.18,1.4941,21,25,10,17,11
deadly,43,2.9,1.8171,10,4,5,2,3
attack,76,2.42,1.4299,18,13,7,6,6
market,2,6.28,1.6041,1,,1,,
pakistan,10,3.94,1.1502,2,,1,1,
kim,5,5.22,1.5817,1,,1,1,
north,49,5.52,1.2162,6,9,8,6,4
korea,48,5.34,1.3793,8,6,7,5,4
hydrogen,3,5.63,1.3798,1,1,1,,
bomb,13,1.96,1.2771,3,4,1,,1
draws,8,6.18,1.32,2,,1,1,
responsibility,46,5.72,1.6542,17,13,1,3,2
baghdad,5,3.62,1.9048,3,1,,1,
iran,45,4.3,1.632,8,7,3,3,6
missile,14,3.24,1.8905,1,,2,1,1
test,11,4.06,1.4057,2,2,1,,1
opposition,8,3.48,1.2329,1,,1,,
rare,8,6.02,1.7201,2,,,,
legislative,1,4.7,1.5419,1,,,,
majority,2,5.9,1.1112,1,,1,,
cuba,8,4.98,1.4497,7,,,,
discuss,115,5.96,1.2282,17,8,8,8,1
property,3,5.86,1.5651,3,,,,
authorities,6,4.38,1.1586,1,,,,
groups,4,5.66,1.3032,1,1,,,
history,6,5.84,1.5032,3,,1,,1
calling,2,5.74,1.2586,1,,,,
paris,4,6.86,1.6661,3,1,,,
attacks,32,2.46,1.4598,6,3,2,3,3
corruption,11,2.14,1.3095,3,2,2,2,
chip,2,5.42,1.0515,2,,,,
away,4,4.22,1.2664,1,,1,1,
trust,1,7.22,1.2337,1,,,,
sports,1,6.06,2.2352,1,,,,
killed,81,1.56,1.2316,9,12,4,6,11
dozens,20,5.7,1.2817,3,2,1,1,2
independence,1,7.28,1.5913,1,,,,
south,61,6.16,1.6081,11,7,5,7,5
china,78,5.4,1.7023,19,11,12,6,2
sea,14,6.94,1.2843,3,2,4,1,
islands,3,6.58,1.9493,1,1,,,
struck,1,3.5,1.4033,1,,,,
police,45,4.58,1.8526,13,9,4,2,1
publishers,2,5.68,1.2196,2,,,,
camp,9,6.26,1.5361,4,1,1,1,
challenging,3,6.1,1.5419,2,1,,,
chinese,60,5.64,1.4813,17,14,4,3,3
sends,2,5.92,0.9223,2,,,,
near,18,5.72,1.6041,1,3,2,1,
artificial,1,3.9,1.5682,1,,,,
island,9,6.78,1.5425,1,1,3,1,
chain,2,5.16,1.5301,1,,,,
fraud,12,2.3,1.1824,1,2,2,,2
delay,4,3.38,1.3231,1,,,,
elections,14,4.48,1.5285,1,2,2,,1
cities,8,5.58,1.4995,2,,,1,
saudi,13,4.58,1.4299,4,3,2,2,
prayer,1,6.48,2.2061,1,,,,
new,160,6.82,1.1373,14,13,4,7,6
branch,3,5.52,1.1471,2,,,,
canada,11,5.98,1.5318,2,,1,,1
stephen,1,5.54,1.1817,1,,,,
office,7,5.12,1.6243,2,,2,,
russia,100,5.5,1.374,4,4,2,1,2
missiles,4,2.82,1.5868,1,,,1,1
aimed,2,5.52,1.581,1,,,,
hit,11,4.58,1.808,2,1,,,1
bbc,8,5.98,1.2534,1,3,,,
doubt,5,3.16,1.2675,2,,,,1
british,26,5.66,1.6977,6,5,2,,1
ring,1,6.32,1.6835,1,,,,
car,6,6.72,2.1,3,,,,
bombing,20,2.24,1.4786,4,8,3,,1
presidential,5,5.94,1.5174,1,,,,1
palace,2,6.68,1.6468,1,1,,,
claimed,36,5.4,1.178,2,2,3,3,11
holding,3,5.64,1.1205,1,,,,1
details,8,5.74,1.2257,5,,,1,
sexual,23,6.2,1.4569,4,2,2,2,1
abuse,35,1.88,1.2395,11,3,1,3,3
troops,17,5.16,2.0639,3,,,1,
kills,20,1.78,1.2337,3,2,2,,1
edward,2,5.26,1.2423,2,,,,
case,21,5.02,1.3013,4,1,,1,1
debate,8,4.94,1.5174,2,,1,,1
validity,1,6.08,1.1578,1,,,,
sex,19,7.44,1.6801,5,2,3,1,2
stakes,3,4.78,0.9538,1,1,1,,
review,1,5.32,1.019,1,,,,
relations,2,6.3,1.6067,1,,,1,
issue,6,4.48,1.4032,4,,1,,
egyptian,7,5.78,1.5556,6,,,,
affiliate,6,5.68,1.2526,3,,,1,
islamic,111,4.66,1.5201,44,15,14,4,7
state,662,5.28,0.9697,96,53,52,27,31
egypt,12,6.26,1.1572,3,2,2,,1
destruction,2,2.26,1.5093,2,,,,
naval,3,5.48,1.2493,1,,,,
vessel,2,5.78,1.2461,1,,,,
blast,11,4.22,2.1217,3,1,2,,
italian,4,6.48,1.6318,1,,,,
worried,2,2.42,1.1796,1,,,,
greek,4,6.08,1.2591,2,,,1,
line,3,4.98,1.2036,1,1,,,
just,11,5.76,1.6233,1,1,1,,
canadian,12,5.84,1.8556,3,2,,,1
senator,4,4.58,1.4299,1,,,,1
affair,3,4.02,1.8349,2,,,,1
bombs,8,2.86,2.2679,3,3,1,,
counter,2,5.44,1.1808,1,1,,,
news,21,5.6,1.5518,5,3,1,,1
progress,17,7.26,1.1572,4,1,2,2,
chemical,10,4.18,1.3952,3,2,2,2,
arms,11,5.38,0.9875,1,2,1,,1
germany,19,5.94,1.5703,2,3,,,
drops,4,4.96,1.5513,2,1,,,1
inquiry,16,4.66,1.3793,6,3,,3,1
phone,4,6.44,1.4309,2,,,,
hotels,1,6.26,1.482,1,,,,
sides,8,5.04,1.1773,1,1,,1,2
victory,27,7.98,1.0784,1,3,3,3,1
flee,1,3.54,1.0907,1,,,,
hospital,9,3.5,1.6194,1,,,,1
built,2,6.24,1.1877,1,,,,
small,4,4.52,1.3589,1,,,,
nuclear,33,3.28,1.7847,2,3,2,2,2
torture,4,1.58,1.0515,1,2,,,
truth,2,7.42,1.401,1,,,1,
commission,2,5.76,1.6483,1,,,,1
stands,1,5.28,0.8816,1,,,,
kerry,5,5.06,1.1851,3,2,,,
expected,5,5.74,1.1214,2,,1,,
bring,1,5.3,0.9949,1,,,,
visit,27,6.54,1.1988,5,2,,,4
blogger,2,5.46,1.1287,1,,1,,
sweden,5,6.28,1.5124,1,1,,,1
blocked,3,3.64,1.4535,1,,1,,
saved,3,6.88,1.507,1,,,,
life,7,7.32,1.6956,2,1,1,,1
general,12,5.32,1.1328,2,1,1,,1
president,29,5.86,2.1094,5,2,1,2,2
official,26,5.38,1.028,5,2,2,1,
republican,4,4.42,1.9176,1,,,1,
great,3,7.88,1.2061,1,1,,,
war,65,1.8,1.4142,9,5,4,3,
killing,18,1.7,1.359,3,8,1,1,
premier,2,6.2,1.0498,1,1,,,
took,2,4.76,1.0214,1,,,,
illegal,7,2.86,1.3704,1,,,1,
cash,2,7.42,1.6671,1,,,,
gift,1,7.72,1.3407,1,,,,
witnesses,2,4.78,1.4609,1,,,,
indian,20,6.26,1.7706,4,4,2,1,
dispute,5,3.54,1.7286,1,1,1,,1
florida,6,6.7,1.6568,1,,,,
ties,24,5.24,1.4507,6,5,2,2,2
findings,3,5.52,1.4741,2,1,,,
bones,2,5.18,1.7343,1,,,,
group,27,5.92,1.2095,11,5,1,,1
linked,10,5.46,1.4028,5,2,,,1
arrested,9,1.64,1.0053,4,,1,,
museum,3,6.68,1.463,1,,,,
reports,253,5.0,1.5119,47,25,12,10,10
act,3,6.0,1.2936,2,,,1,
iraq,15,3.9,1.6568,6,4,1,1,1
gains,11,6.82,1.4803,3,,,1,
capital,10,5.92,1.2428,1,1,,,1
maker,4,5.82,1.0437,1,,,,
investigate,11,5.1,1.2976,4,1,3,1,
spy,4,4.24,1.7677,1,,,1,
agencies,1,4.92,1.3377,1,,,,
terrorist,6,1.3,0.9091,1,,1,,
return,8,5.2,1.4708,1,1,,1,
suit,1,5.3,1.5811,1,,,,
spotlight,3,6.35,1.3401,1,,,,
israeli,50,4.82,1.746,4,2,,3,2
embassy,3,5.4,1.3401,1,,1,,
fox,4,5.46,1.7168,3,,,,1
false,20,3.18,1.3506,3,,1,3,
areas,6,5.34,1.0224,1,,,,
england,3,6.28,1.5258,1,,1,1,
france,21,6.32,1.3768,1,2,,2,
rebels,7,4.24,1.5059,1,3,,,
control,16,5.38,1.4831,1,1,,1,1
airport,4,5.88,1.8477,1,1,,,
role,11,5.68,0.8908,4,2,,,
christians,7,6.02,2.0151,5,1,1,,
twitter,3,5.46,1.9082,1,,1,,
muslims,5,4.3,1.3887,1,1,,1,2
bitter,1,3.0,1.2454,1,,,,
gaza,31,4.44,1.3874,5,,,1,
suicide,8,1.3,0.8391,3,,2,,
station,4,5.16,0.7384,1,1,,,
rape,14,1.44,0.7866,1,4,2,,1
echoes,1,5.94,1.3135,1,,,,
tourists,2,6.08,1.5097,1,,,,
prey,1,4.18,1.9968,1,,,,
obama,6,5.94,2.161,5,1,,,
difficulty,1,3.38,1.2271,1,,,,
terrorism,7,1.48,0.9089,3,,,1,1
conference,1,5.26,1.1572,1,,,,
informal,2,5.98,1.4497,2,,,,
conversation,2,6.24,1.4507,1,,,1,
makes,3,5.56,1.248,1,1,,,
trip,6,7.0,1.5518,1,,,,
moscow,11,5.06,1.4201,4,,,,1
pope,12,5.6,1.5649,2,1,,,2
johnson,15,5.4,1.3702,1,,,,3
threats,5,2.88,1.7687,1,1,,,1
peace,9,7.86,1.3403,1,1,1,1,1
set,8,5.58,1.1968,2,,,,
rights,19,6.48,1.555,5,3,1,1,
issues,8,3.9,1.374,3,,,,1
minister,16,5.18,1.4097,3,2,,1,2
greece,1,5.76,1.6107,1,,,,
security,27,6.1,1.632,2,3,1,1,
meeting,12,5.46,1.3433,2,,2,3,1
threat,6,2.36,1.3056,3,,,,
afghanistan,15,3.56,1.7861,3,2,4,,2
legacy,1,5.9,1.6067,1,,,,
meet,17,6.38,1.2599,4,1,,,
prime,7,6.46,1.2811,1,,,2,1
advance,3,6.58,1.3262,1,,,,
americans,12,6.5,1.6933,2,,1,1,
leader,34,6.38,1.3384,5,2,3,3,2
head,9,5.96,1.0683,1,,,1,
economy,6,4.38,1.6646,1,,,1,1
disaster,2,1.96,1.428,1,1,,,
response,6,5.68,1.2688,1,,1,,1
scientists,4,6.34,1.4654,1,,,,
religious,3,5.46,2.0123,1,1,,,1
leaders,32,5.88,1.3192,4,4,1,4,1
climate,13,5.8,1.4286,4,3,,1,1
change,6,5.56,1.3426,3,1,,,1
missing,14,2.98,1.3775,3,,,,2
journalist,20,5.54,1.3584,5,,1,3,1
nations,9,6.0,1.5518,3,4,,,
flies,1,3.6,1.6782,1,,,,
arabia,3,5.4,1.6413,1,1,,1,
diplomatic,3,5.82,1.6374,1,,1,,
members,3,5.66,1.2224,1,,1,1,
trade,10,6.18,1.0039,2,2,3,,1
amid,46,5.08,1.14,2,2,1,5,3
terror,4,1.76,1.0012,2,1,1,,
alert,2,5.28,1.8075,1,,1,,
murder,2,1.48,1.015,1,,,,1
rate,6,5.34,1.2224,1,,,1,
year,3,5.38,1.3536,1,,,1,
report,469,4.76,1.3334,78,63,35,25,32
says,227,5.28,1.1959,29,27,25,20,14
powerful,3,7.08,1.5365,1,,,,
rebel,2,4.38,1.6022,1,,,1,
reported,142,5.12,1.2558,29,23,5,10,9
wants,4,5.38,1.3231,1,,1,,
immediately,1,5.66,1.1359,1,,,,
hits,4,4.98,2.1899,2,,,1,
southern,8,5.64,1.6258,3,,,,
sending,2,5.8,0.9258,1,,,,
handling,5,5.28,1.0887,1,,,,
child,8,7.24,1.5592,3,,1,,1
allegations,2,3.84,1.4479,1,1,,,
guide,2,6.1,1.165,1,,,1,
soldiers,9,5.38,1.6399,3,2,,,
suspect,5,3.14,1.3095,2,2,,1,
spoke,1,5.8,0.9035,1,,,,
say,33,5.54,0.9941,9,2,,,5
battle,15,2.98,1.7319,4,1,,1,
indians,1,6.3,1.6933,1,,,,
spread,11,5.48,1.1292,1,1,,1,1
businessman,2,5.42,1.3864,1,1,,,
dies,8,2.08,1.5628,2,,,1,
health,21,7.22,1.2501,6,,,,1
media,81,5.62,1.8058,3,6,4,1,3
abroad,5,6.96,1.2282,1,1,,,
reporting,42,5.12,1.1718,5,5,2,1,2
california,7,6.08,1.5097,1,,,,
shooting,7,2.52,1.7407,1,,1,,
status,4,5.62,1.1761,1,2,,,
unity,3,6.92,1.7478,1,,,,
economic,6,5.36,1.6874,1,,,,1
adds,4,5.5,0.953,2,,,,
commander,3,5.26,1.5093,1,,1,,1
strike,19,3.96,1.3547,3,1,,,1
kill,8,1.56,1.0529,2,,,,
prominent,4,6.26,1.1031,1,,,,1
iranian,17,4.22,1.148,4,,,,
mass,4,5.44,1.1095,1,,,,
grave,3,2.56,1.8534,1,,,,
army,10,4.48,2.0126,3,,1,,
lawyers,3,4.26,1.8715,1,,,,
face,5,6.12,1.1718,1,1,,,1
burns,1,2.78,1.4469,1,,,,
coal,4,4.96,1.7138,1,2,1,,
delayed,4,3.24,1.1877,1,,,,1
summer,4,6.4,2.3905,1,1,,,
turkish,8,5.56,1.2149,3,1,,1,
journalists,11,5.2,1.5119,2,2,1,1,2
offices,2,5.0,1.4428,1,,,,
aim,3,5.86,1.1068,1,,1,,
meat,1,6.2,2.1381,1,,,,
industry,3,5.38,1.3076,1,1,,,
cancer,3,1.54,1.073,1,1,,,
risks,2,3.78,1.7646,1,,,,
billion,4,7.56,1.6679,1,1,,,
protests,16,4.24,1.6358,2,3,,1,
violence,19,1.86,1.05,1,3,1,,1
jason,2,5.12,1.3192,2,,,,
prisoner,5,2.86,1.8518,2,,,,
exchange,2,5.68,1.1683,2,,,,
cases,51,4.82,0.919,7,1,,2,1
past,7,4.62,1.6022,2,,,,
agency,15,5.26,0.9216,4,,2,3,
press,6,5.36,1.2249,3,1,1,,
far,4,4.38,1.817,1,,,,
homes,4,6.62,1.2436,1,,,,
plan,9,6.14,1.2779,1,1,1,1,
called,8,5.6,1.1066,3,2,,,
donations,1,6.56,1.3118,1,,,,
refugees,4,3.06,1.6587,1,2,,,
american,10,6.74,1.5228,1,2,2,,
finds,50,5.94,1.2521,8,6,1,6,8
women,15,7.12,1.4658,2,5,1,1,1
hope,5,7.38,1.3076,1,,,,1
students,10,6.28,1.8299,1,1,,1,
mexico,11,5.84,1.7186,1,2,1,2,1
force,3,4.0,1.6903,1,,,,
toll,5,4.06,1.0956,2,1,,,
banned,6,2.88,1.2879,1,,,,
used,13,4.6,1.4846,2,3,2,,
dead,22,2.0,1.3248,1,4,,1,2
strikes,18,4.02,1.3626,2,4,,1,
flow,2,5.44,1.5928,1,1,,,
foreign,16,5.68,1.6956,3,1,,,1
weapons,9,2.4,1.6903,1,,1,,
using,5,5.0,1.0498,1,,,1,1
poison,4,1.94,1.1502,1,1,,1,
gas,6,4.76,1.6483,1,,,1,
wall,1,4.98,0.9581,1,,,,
street,7,5.44,0.8369,2,,,,
journal,1,5.7,1.3132,1,,,,
reporter,2,5.16,1.3456,1,,,,
political,7,4.12,1.5205,1,1,,,1
connections,1,6.31,1.2111,1,,,,
jewish,6,5.72,1.0506,1,,,1,2
paper,2,5.8,1.1952,2,,,,
sees,6,5.76,1.4078,1,,,,
plot,7,5.26,1.3822,1,2,,,
destroy,3,2.52,1.8097,1,,,,
israel,56,4.78,1.7296,3,3,3,,3
fall,4,4.04,1.9687,1,1,,,1
voice,6,5.76,1.0606,2,,1,1,2
experimental,1,5.84,1.4479,1,,,,
tested,4,5.16,1.1132,1,,,,
shows,15,6.08,1.0467,3,,3,,3
led,5,5.48,1.1292,2,,,,
charges,8,3.94,1.5308,3,,2,1,
human,10,6.26,1.6389,2,1,1,1,
crimes,13,2.14,1.3704,4,2,1,1,
ahead,8,6.08,1.3679,2,,1,,1
rome,2,6.98,1.4213,1,,,1,
factory,1,5.08,1.4961,1,,,,
global,10,6.0,1.4846,1,,1,,1
poverty,1,1.98,1.1156,1,,,,
making,1,6.24,1.1877,1,,,,
big,11,6.22,1.5022,1,1,3,,
pilot,2,6.0,1.069,2,,,,
acknowledged,1,6.1,1.4321,1,,,,
cutting,1,4.08,1.3974,1,,,,
wrong,1,3.14,0.9691,1,,,,
crash,11,2.6,1.3702,3,,,1,1
hong,8,4.86,0.9691,2,,1,1,
kong,8,5.44,1.1808,2,,1,1,
democracy,2,6.36,1.7233,1,,,,
rough,1,3.54,1.4458,1,,,,
bad,5,2.64,1.4675,1,,1,,
annual,4,5.28,1.0506,1,3,,,
ethnic,3,5.84,1.3303,1,,,,
region,6,5.14,1.143,2,,,1,
describes,6,5.76,1.0797,2,1,,,
trends,1,5.94,1.2843,1,,,,
children,30,7.12,1.3498,3,6,1,2,2
evidence,10,5.64,1.2578,1,,1,,1
palestinian,47,4.62,1.6022,5,,2,1,1
lets,2,5.58,1.012,2,,,,
fingers,1,5.58,1.1445,1,,,,
talking,2,6.46,1.2324,1,,,,
houses,1,6.16,1.6333,1,,,,
parliament,13,4.98,1.2856,1,1,3,,3
quick,1,6.02,1.6349,1,,,,
fix,2,6.28,1.5258,1,,,,
ministry,3,5.58,1.8526,1,,,,
defending,1,5.22,1.5022,1,,,,
conduct,3,5.14,1.325,1,1,,,
million,20,7.38,1.427,2,2,,2,4
lack,2,3.16,1.2835,1,,,,
basic,1,5.16,1.3456,1,,,,
backs,8,5.34,1.4373,1,,2,,
tactics,4,5.3,1.5811,1,1,,,1
military,49,4.78,1.753,3,4,4,2,5
government,20,4.64,1.6383,3,1,1,,2
changes,3,5.06,1.3157,1,1,,,1
law,5,4.9,1.5551,1,1,,1,
expenses,1,3.32,1.3468,1,,,,
investigation,7,4.02,1.4776,2,,,,2
assembly,2,5.6,1.088,1,,,,
armed,3,3.84,1.8556,1,,,,
conflict,6,3.1,1.5286,1,,,1,
administration,4,4.84,1.5696,1,,,1,
congress,3,4.34,1.7567,1,,,,
victims,2,2.32,1.5043,1,,,,
virus,32,2.08,1.3377,1,2,,,
forced,7,3.16,1.2675,1,,2,,
african,4,5.66,1.7567,1,1,,,
countries,8,5.68,0.9781,3,1,1,1,
urged,6,4.54,1.2969,2,2,,,
russian,94,5.52,1.7052,2,1,,5,7
weapon,1,3.36,1.663,1,,,,
greatly,1,6.86,1.3403,1,,,,
treaty,5,6.22,1.3293,3,1,,1,
fewer,3,3.72,1.1256,1,2,,,
hungry,1,3.38,1.9261,1,,,,
people,13,6.16,1.5826,1,1,,,1
jimmy,3,5.36,1.1205,1,2,,,
workers,16,5.78,1.183,3,,,,3
patients,4,3.66,1.4086,1,,1,,
incident,2,4.02,1.3923,1,,,,
years,10,5.28,1.4714,2,1,2,,2
links,2,5.6,1.1606,1,1,,,
needs,7,4.98,1.5185,1,,,3,
reforms,1,5.7,1.5286,1,,,,
wake,1,4.72,1.6542,1,,,,
officials,53,4.76,1.3637,2,3,2,2,2
drop,3,4.3,1.1995,2,,,,
preliminary,1,5.26,1.1031,1,,,,
flight,6,6.06,1.834,1,3,,1,
korean,10,5.48,1.4741,1,1,1,4,2
student,2,6.58,1.2469,2,,,,
brazil,10,6.1,1.359,1,2,2,,
dutch,5,5.62,1.1761,1,1,1,,
united,6,7.32,1.2027,1,3,,,
internal,3,5.2,1.3093,2,,,,
man,10,5.9,1.4033,1,3,2,1,2
flying,1,6.24,1.6483,1,,,,
japanese,2,6.02,1.5713,2,,,,
air,10,6.8,1.6537,1,1,,,1
saddam,2,2.48,1.568,1,,,,
hussein,2,3.62,1.8724,1,,,,
aide,5,5.56,1.4165,1,,,1,
northern,6,5.22,1.3293,2,1,,,
fight,12,2.7,1.7409,2,,1,1,1
washington,11,6.04,1.2115,3,,1,,
post,3,5.48,1.0925,1,,,,
writer,1,5.96,1.5381,1,,,,
seen,4,5.4,1.1952,1,,,,
trial,6,3.96,1.6898,1,,,,1
ran,1,5.5,1.4604,1,,,,
oil,21,4.88,1.6368,3,1,1,2,4
giant,2,5.34,1.1886,1,,,,
court,21,3.78,1.799,3,3,,1,5
nato,14,4.92,1.7004,1,,1,,1
caps,1,5.36,1.0254,1,,,,
size,2,5.04,0.9681,1,,,,
mission,3,5.68,1.3468,1,,,,
starts,5,5.96,1.1945,1,,1,1,
drive,2,6.08,1.5232,1,,,,
scale,1,4.88,1.3037,1,,,,
differ,1,4.58,1.3415,1,,,,
german,17,5.34,1.394,1,3,2,,1
ships,1,5.96,1.0093,1,,,,
britain,12,5.78,1.8767,4,1,1,1,
ensure,1,6.12,1.3649,1,,,,
taking,2,5.32,1.3005,1,,,,
lawsuit,7,2.96,1.6157,1,1,1,1,
west,9,5.68,1.3468,1,,,,
bank,6,5.92,1.6268,1,,,,
doubts,3,3.3,1.4321,1,,,1,
video,10,6.48,1.111,3,1,,1,
final,5,5.02,1.7319,1,,,,1
moments,1,6.1,1.1112,1,,,,
deep,3,5.74,1.3969,1,,,,
depression,1,1.98,1.5583,1,,,,
civilians,16,5.64,1.1386,1,2,1,,4
share,1,6.78,1.4039,1,,,,
rumors,2,4.08,1.9455,1,,,,
online,4,6.72,1.2784,2,1,,,1
lowest,2,3.3,1.165,1,,,,
weekly,1,5.3,1.594,1,,,,
total,2,5.78,0.9538,1,,,,
weeks,4,5.06,1.0768,1,,,,
aid,18,6.24,1.3637,2,2,1,1,2
relief,5,6.86,1.6037,1,,1,,
vast,3,5.64,1.5354,1,,2,,
damage,6,2.58,1.4995,1,1,,1,
mexican,10,5.4,1.5253,1,2,2,3,
fired,2,2.3,1.5682,1,,,1,
lady,4,6.6,1.4569,1,,1,,
failed,7,1.84,0.9971,1,,,1,
address,3,5.6,1.0498,1,,,,
sign,6,5.66,1.2875,1,,,,
distress,1,2.7,1.4178,1,,,,
deaths,20,1.64,1.1386,3,3,,1,2
figures,2,5.86,1.1782,1,,,,
early,9,5.66,1.239,1,,,1,
memo,4,4.88,1.1542,2,2,,,
dropped,1,3.88,1.0029,1,,,,
despite,20,4.48,1.3438,1,4,1,1,
views,1,5.92,1.0069,1,,,,
enters,2,6.1,1.2817,1,,,,
europe,3,6.4,1.7613,1,,,,
civilian,7,5.64,1.5354,2,,,,1
rose,1,7.32,1.463,1,,,,
radio,2,6.58,1.6047,1,,,,
free,4,7.96,1.261,1,,1,1,1
asia,4,6.22,1.9513,1,1,,,1
delays,2,3.44,1.1457,1,,,,
release,7,6.1,1.233,2,,,,
possible,6,6.24,1.598,1,,,,
bias,1,4.31,1.7278,1,,,,
coverage,4,5.66,1.3188,1,,,,
killings,7,1.8,1.5386,1,2,1,,
sentences,5,5.59,1.632,1,3,,1,
agreement,1,6.32,1.2196,1,,,,
deal,9,6.32,1.0774,1,1,2,1,
facing,4,5.26,1.1031,1,,,1,1
town,9,5.88,1.5338,1,2,,,
concerned,2,4.22,1.6573,1,,,,
food,3,7.44,1.2149,1,1,,,
hands,1,6.0,1.4846,1,,,,
party,14,7.58,1.4581,1,2,6,1,
brazilian,2,6.06,1.4486,1,,1,,
author,1,5.98,1.3923,1,,,,
light,4,6.4,1.5119,1,,1,,
mayor,5,5.26,1.3063,2,,,,
plans,13,6.2,1.0102,1,2,,2,
sue,5,4.3,2.1595,1,,1,,
value,1,6.36,1.2415,1,,,,
brutal,1,2.6,2.08,1,,,,
bird,3,6.64,1.5487,2,,,,
flu,3,2.4,1.1249,2,,,,
humans,1,6.76,1.4507,1,,,,
regions,3,5.54,1.1104,1,,,,
soviet,1,4.64,1.3365,1,,,,
freedom,5,7.9,1.4178,1,1,1,,
election,22,5.18,1.3506,1,2,4,,3
bodies,4,4.68,1.6218,2,,,,
discovered,1,7.0,1.2454,1,,,,
rival,7,3.68,1.5043,1,3,1,,
headquarters,4,5.4,1.0102,2,,,,1
strength,2,7.4,1.1606,1,,,,
seeks,2,5.68,0.9988,1,1,,,
avoid,1,3.14,1.578,1,,,,
ground,4,5.26,1.2906,1,,,,1
attacked,3,2.52,1.555,1,,1,1,
san,2,5.02,0.5887,1,,,,
calls,17,5.42,1.0319,2,1,1,1,
data,4,5.7,1.0738,1,,1,,
money,5,7.3,1.8434,1,,,,
rules,7,4.28,1.2296,2,,,,1
muslim,5,4.64,1.6995,1,1,1,,
challenge,4,5.78,1.7177,1,2,,,
ideology,2,5.82,1.4387,1,,,,1
emergency,53,3.06,1.7775,6,5,1,3,4
explosion,4,2.94,1.596,1,,,,
bus,2,5.1,1.2495,1,,,,
social,6,6.22,1.0359,1,1,1,,1
accounts,6,4.96,1.4978,2,,,,1
john,7,5.08,1.1578,1,1,1,,1
bigger,1,6.38,1.3981,1,,,,
push,9,4.44,1.473,1,,1,,
council,4,4.94,1.3157,1,,1,,
resolution,2,6.18,1.2887,2,,,,
combat,1,3.2,1.6782,1,,,,
international,5,6.56,1.2643,1,1,,,
dealt,1,5.1,1.2495,1,,,,
loses,2,2.74,1.2423,1,,,1,
crucial,2,4.52,1.5418,1,,,,
taiwan,9,5.36,1.2739,1,3,1,1,1
flag,1,6.26,1.3063,1,,,,
pin,1,5.1,0.8864,1,,,,
bosnia,2,4.8,1.7023,1,,,1,
supporter,2,6.76,1.2216,1,,1,,
sentenced,6,3.7,1.6568,2,,,,1
planning,5,6.16,1.4619,1,,1,,
meets,12,5.98,1.0971,1,1,,1,
said,11,5.38,0.901,1,2,2,,
printed,1,5.88,0.9613,1,,,,
park,1,7.08,1.3529,1,,,,
private,4,5.92,1.3529,2,,1,,
historian,1,6.06,1.4626,1,,,,
begins,4,5.94,1.1502,1,1,,,
sentence,2,5.22,1.4469,1,,,,1
dinner,5,7.4,1.1429,1,,,,
flavor,1,6.88,1.2229,1,,,,
target,7,5.36,1.5221,1,,,2,1
border,11,4.9,1.488,1,2,,1,1
barely,1,4.24,1.5722,1,,,,
days,5,5.76,1.2382,1,1,,,
turn,2,5.2,1.2454,1,,,,
slaves,1,2.06,1.3694,1,,,,
asks,1,5.24,0.8704,1,,,,
arab,8,4.5,1.594,1,,,1,1
league,2,5.8,1.1606,1,,,,
help,5,6.08,1.4686,1,,,,
department,42,5.26,1.1031,4,1,3,2,
fights,1,3.0,1.3702,1,,,,
gay,1,4.44,2.1774,1,,,,
criticism,7,3.1,1.1473,2,,,,
visiting,4,6.6,1.2122,1,,,,
considering,1,5.6,1.1249,1,,,,
travel,8,7.18,1.4241,1,,,1,
millions,2,7.26,1.5361,1,,,,
come,4,5.82,1.0039,1,1,,1,
body,1,5.96,1.0294,1,,,,
newspapers,1,6.02,1.4637,1,,,,
covering,1,5.36,0.8751,1,,,,
scandal,3,3.18,1.5609,2,,,,
fund,4,6.04,1.1241,1,,1,1,
functioning,1,6.46,1.237,1,,,,
uses,1,5.72,1.1613,1,,,,
tool,2,5.26,1.5361,1,,,,
declared,5,5.28,1.3407,2,,,,
strategy,2,6.24,1.2382,1,,1,,
ancient,1,5.6,1.4142,1,,,,
sites,3,6.0,1.1606,1,,,,
cartoon,1,7.2,1.4428,1,,,,
diplomacy,3,5.74,1.7001,1,,,1,
board,1,4.76,1.5194,1,,,,
company,8,5.44,1.58,1,,1,2,
signing,1,6.04,1.4841,1,,,,
computer,2,7.24,1.3933,1,,,,1
failure,1,2.06,1.2191,1,,,,
leaves,2,5.62,1.7944,1,,,,
unable,2,3.1,0.8391,1,,,,
aids,3,4.28,2.3477,1,,,2,
doctors,4,5.54,1.6563,1,,,,
shame,1,2.68,1.3005,1,,,,
facebook,5,6.08,1.9361,1,1,1,1,
images,5,6.34,1.2224,1,1,1,,
filthy,1,2.82,1.826,1,,,,
hospitals,5,3.54,1.5677,1,,,,
joined,4,6.3,1.0926,1,1,,,
secretary,9,5.42,1.3107,1,,,,
taken,9,4.28,1.4714,1,1,1,1,
ownership,1,6.38,1.4126,1,,,,
nicholas,1,5.54,0.9082,1,,,,
markets,1,6.1,1.165,1,,,,
recognize,14,6.08,1.4119,1,,,,
marie,2,5.58,1.0319,1,,,,
silence,2,5.14,1.738,1,,,,
baltimore,1,5.38,1.1933,1,,,,
internet,4,7.48,1.313,1,1,,,
lines,2,5.26,1.0063,1,,,,
cut,3,3.42,1.295,1,,,,
rio,1,5.74,1.3372,1,,,,
secrets,8,5.28,1.8187,3,,,3,1
receive,3,6.5,1.1112,1,,,1,
verdict,1,4.2,1.6537,1,,,,
friday,1,6.88,1.686,1,,,,
reality,1,5.94,1.6464,1,,,,
grip,3,5.47,1.7091,1,,,,
city,13,5.76,1.546,1,,1,1,
appears,3,5.68,1.0774,1,1,1,,
acknowledge,1,6.24,1.318,1,,,,
blocks,5,4.54,1.4172,1,,1,,1
website,2,6.28,1.1613,1,,1,,
veil,1,5.02,1.4356,1,,,,
door,3,5.38,1.2103,1,,,,1
white,11,6.28,1.5391,1,,,2,2
house,8,6.34,1.6239,1,,,,1
custody,3,4.36,1.6995,1,,,,
moves,8,5.68,0.957,1,,1,1,2
hold,4,5.7,1.2164,1,1,,,1
message,2,6.08,1.122,1,,1,,
large,2,6.06,1.2683,1,,,,
parts,2,5.24,1.1168,1,,1,,
uncertainty,1,3.64,1.0451,1,,,,
poor,3,2.32,1.2848,1,,,,1
subsidies,1,5.14,1.4984,1,,,,
possession,1,5.36,1.9873,1,,,,
sale,3,6.58,1.6424,1,1,,,
beef,2,5.28,2.1763,1,1,,,
released,4,6.34,1.5201,1,1,,,2
local,9,5.46,1.3584,1,1,,,
longer,4,5.18,1.1726,1,,,,
scores,2,5.9,1.1294,1,,1,,
concern,4,4.04,1.6157,1,1,1,,
seek,5,5.72,1.1613,1,1,1,,
join,3,6.22,1.5556,1,,,,
newly,3,6.5,1.2495,1,,,,
sophisticated,2,6.02,1.7553,1,,,,
cited,1,4.88,1.409,1,,,,
assault,9,2.56,1.6557,1,3,1,,1
planned,2,5.98,1.2696,1,,,,
spring,2,7.16,1.4337,1,,,,
son,2,7.12,1.8142,1,,,1,
crude,1,3.6,1.4428,1,,,,
comment,1,5.58,1.2792,1,,,,
base,5,5.08,1.0467,1,,,,
make,5,6.0,0.9897,1,1,,1,
drives,1,5.78,1.4039,1,,,,
inside,5,5.4,0.7284,1,,,,
abandoned,2,2.54,1.3734,1,,,,
holds,3,5.4,1.069,1,,,1,
stole,1,2.6,1.4142,1,,,,
australian,19,6.26,1.2257,1,,5,1,2
course,2,5.42,1.3716,1,,,,
losing,2,2.62,1.1761,1,,,1,
vote,11,5.8,1.5779,1,,,2,1
jordan,3,5.44,1.7515,1,1,,,
deadline,1,3.66,1.1537,1,,,,
pass,3,5.9,1.4321,1,,,1,
newspaper,3,6.32,1.3468,1,,,1,
mother,2,7.68,1.6714,1,,,,
spare,2,5.74,1.5093,1,,,,
releases,7,5.96,1.4702,,1,,,2
berlin,1,5.26,1.5884,,1,,,
involvement,1,5.64,1.3667,,1,,,
church,8,5.48,1.8543,,2,1,1,1
power,17,6.68,1.4907,,3,1,,1
schools,3,5.98,1.4356,,1,,,1
cradle,1,6.38,1.6091,,1,,,
conservatives,3,4.08,1.9984,,1,,,
center,6,5.3,0.9949,,1,2,,
india,23,6.42,1.9804,,4,3,,2
shot,5,2.5,1.6568,,1,1,1,
successful,2,8.16,1.0759,,1,1,,
credit,3,5.86,1.6661,,1,,,1
senior,3,5.64,1.2081,,2,,,
truck,4,5.48,1.555,,3,,,
angry,2,2.32,1.2362,,1,,,
organ,2,5.46,1.6563,,2,,,
world,16,6.52,1.6567,,3,2,,
questioned,2,4.24,1.2707,,1,,,
right,6,6.54,1.2651,,1,1,1,
road,2,5.86,1.0882,,1,,,
israelis,2,5.14,1.3554,,2,,,
hotel,6,6.16,1.5954,,3,1,,2
polish,2,6.16,1.3903,,1,,,
limits,4,4.0,1.1952,,2,1,,
demonstration,2,5.88,1.2185,,1,,,
liberal,1,5.8,2.1665,,1,,,
interference,4,4.71,1.7321,,1,,,
files,3,5.38,1.427,,3,,,
malcolm,1,5.4,1.0102,,1,,,
australia,13,6.4,1.5908,,3,1,1,
contest,1,5.78,1.4039,,1,,,
identity,2,5.98,1.1156,,1,,,
investigating,7,4.84,1.1669,,1,,,
climbing,1,6.04,1.3838,,1,,,
christian,4,6.3,1.6444,,1,,,1
sinai,1,4.76,1.1528,,1,,,
water,3,6.7,1.2164,,3,,,
app,3,5.2,1.4286,,1,,,
palestinians,8,4.5,1.1995,,1,1,1,
enter,2,5.84,1.2835,,1,,,
stake,2,5.02,1.1865,,2,,,
french,13,5.96,1.5381,,3,1,,3
officer,1,5.22,1.6449,,1,,,
including,3,5.96,0.9026,,1,,,1
attorney,3,4.12,1.3037,,1,,,
worker,1,5.56,1.6308,,1,,,
wins,5,7.44,1.2643,,1,2,,
treatment,2,4.42,1.5398,,1,,,1
sara,1,5.52,1.764,,1,,,
shop,2,6.76,1.0412,,1,,,
lesson,1,5.3,1.488,,1,,,
senate,2,4.7,1.4178,,1,,,
passes,2,5.44,1.4868,,1,,,
legal,3,5.18,1.746,,1,1,,
beijing,6,5.24,1.685,,1,1,,
tries,6,5.58,1.2631,,1,,,
whip,1,3.3,1.7409,,1,,,
support,10,6.44,1.4309,,1,,,1
investment,1,5.82,1.8148,,1,,,
sails,2,6.38,1.3834,,1,1,,
arsenal,1,4.18,1.8371,,1,,,
colonel,1,4.96,1.6031,,1,,,
focus,3,6.12,1.0622,,1,,,
shut,4,3.56,1.0333,,1,2,,
shake,1,5.14,1.1954,,1,,,
european,11,5.94,1.1678,,2,,,
stadium,1,5.96,1.5774,,1,,,
prosecutor,4,4.06,1.6587,,1,,2,
preacher,1,5.28,2.1193,,1,,,
involving,2,5.6,1.3401,,1,,,
track,3,5.14,1.143,,1,1,,1
stars,1,7.1,1.5419,,1,,,
decades,1,4.84,1.3756,,1,,,
later,1,4.6,1.3553,,1,,,
public,4,5.18,1.3656,,1,,,
hand,1,5.9,1.0738,,1,,,
governing,1,5.0,1.5779,,1,,,
plane,11,6.3,1.632,,1,1,,2
presents,2,7.2,1.4569,,1,,,
revised,1,5.27,1.3961,,1,,,
territory,2,5.12,1.1891,,1,,,
challenges,2,5.74,1.4957,,1,,,
operation,3,3.72,1.6041,,1,,,
teen,4,5.92,1.9361,,1,,,
restaurant,2,7.06,1.2521,,1,,,
tells,6,5.32,1.2688,,1,1,1,
cnn,2,5.18,1.4525,,1,1,,
oppose,1,3.82,1.4384,,1,,,
committed,2,6.38,1.4126,,1,,,
trump,63,5.3,1.7053,,2,12,9,4
japan,14,6.0,1.3093,,1,1,,2
discussing,15,5.76,1.7209,,2,2,,
prince,10,6.44,1.3426,,1,,1,2
harry,7,5.24,1.2545,,1,,,
regrets,1,3.08,1.5232,,1,,,
interior,1,5.8,0.8806,,1,,,
visits,7,6.4,1.2936,,1,1,,1
york,23,5.62,1.1761,,1,,1,
maintain,1,5.76,1.0412,,1,,,
union,5,6.04,1.3991,,2,,,
francis,3,5.32,1.4348,,1,,,
mideast,4,4.82,1.5609,,1,,,
collapse,3,2.9,1.4463,,1,,,
safety,3,6.18,1.7343,,1,,,1
fears,4,2.68,1.2688,,1,1,,
discussed,16,5.56,1.4591,,1,,2,
violations,3,2.86,1.4287,,1,,,
hours,2,5.22,1.0359,,1,,,
protesters,7,3.8,1.6903,,1,,,
job,1,5.96,1.7257,,1,,,
investigators,1,4.96,1.6157,,1,,,
search,4,5.44,1.1808,,2,,1,
educated,1,7.29,1.307,,1,,,
residents,4,5.66,1.2715,,1,,,
increasing,1,6.4,1.2936,,1,,,
desperation,2,2.7,1.9086,,1,,,
voices,3,5.56,1.5005,,1,1,,
widespread,5,4.8,1.1429,,1,,1,
times,15,5.58,1.1968,,1,,2,2
close,2,4.94,1.3911,,1,,1,
efforts,9,5.6,1.4569,,2,1,1,
increase,6,6.56,1.1095,,1,,1,
hate,2,2.34,1.8802,,1,1,,
tied,2,4.4,1.3553,,1,,1,
airlines,4,5.6,1.5908,,2,,,1
mystery,3,5.64,1.849,,1,,1,
breathe,1,6.28,1.5258,,1,,,
highly,1,6.6,1.178,,1,,,
perfect,1,7.42,1.7154,,1,,,
hot,1,5.02,1.9218,,1,,,
seasons,1,6.76,1.2216,,1,,,
output,1,5.86,1.3844,,1,,,
pressure,3,3.66,1.5467,,1,,,
questions,9,5.0,1.0498,,2,,,
nearly,11,5.26,1.2423,,1,,,
wider,1,5.34,1.0422,,1,,,
wealth,2,7.38,1.2271,,2,,,
nation,3,6.06,1.5039,,1,,,
prison,7,2.06,1.4765,,1,1,,
term,1,4.94,1.5039,,1,,,
reuters,3,5.18,1.3656,,1,,1,1
charity,3,6.4,1.906,,1,1,,1
ban,7,2.66,1.3188,,1,2,,1
use,10,5.64,1.1563,,2,,1,
executed,4,3.94,2.2023,,1,1,,1
deputy,1,4.68,1.3468,,1,,,
spokesman,1,5.06,1.1678,,1,,,
school,9,6.26,1.8824,,1,,1,
thesis,1,5.35,1.8507,,1,,,
girl,2,7.0,1.1606,,1,1,,
held,9,5.28,1.2784,,1,1,1,
day,5,6.24,1.3637,,2,,,
nice,1,7.38,1.5104,,1,,,
panel,3,5.54,1.2811,,1,,1,
projects,1,5.46,1.5935,,1,,,
regret,1,3.12,1.507,,1,,,
tony,3,5.52,1.1822,,2,1,,
blair,2,5.04,1.2115,,2,,,
family,7,7.72,1.3099,,1,1,,2
wounds,1,2.8,2.0203,,1,,,
relatives,2,6.6,1.8626,,1,,,
fallen,1,3.52,1.4177,,1,,,
offers,7,6.48,1.555,,1,1,,
music,3,8.02,1.1156,,2,,,
cracks,2,4.0,1.3553,,1,,,
expect,1,5.9,0.9742,,1,,,
aims,4,6.27,1.2209,,2,,,
mining,2,4.84,1.5434,,1,,,
companies,3,5.26,1.0264,,3,,,
buy,1,6.28,1.3559,,1,,,
influence,4,5.64,1.2415,,1,,,1
conditions,5,4.78,1.4748,,1,,,
guards,2,4.3,1.7173,,1,,,
tell,2,5.42,1.0319,,1,1,,
trail,1,6.14,1.143,,1,,,
seas,1,6.86,1.6289,,1,,,
woman,5,6.84,1.6458,,1,,1,
let,3,5.38,1.0079,,2,,,
home,13,7.14,1.8296,,4,,1,
humanity,1,7.02,1.6265,,1,,,
drug,11,3.2,2.0702,,1,,1,
mob,2,3.56,1.8644,,1,,1,
festival,4,7.7,1.0738,,2,,,
chapter,2,5.6,1.2122,,2,,,
tobacco,1,3.48,2.1782,,1,,,
alive,2,7.18,1.2887,,1,,1,
contrary,1,4.24,1.5211,,1,,,
turkey,14,6.16,1.8111,,3,2,1,1
distance,1,4.5,1.3132,,1,,,
classified,1,5.34,1.4514,,1,,,
pages,1,5.62,0.9875,,1,,,
easter,1,6.88,1.698,,1,,,
rising,3,6.54,1.1104,,1,1,,
suspects,3,3.6,1.1952,,2,,1,
growing,2,6.52,0.9947,,1,,,1
rich,2,7.98,1.3169,,2,,,
crisis,8,2.48,1.6689,,1,1,1,
payments,2,5.76,2.1434,,1,,,
politicians,4,3.34,1.1359,,1,,1,
plants,2,7.1,1.2976,,1,,,
work,4,5.24,2.105,,2,,,
born,1,6.82,1.6499,,1,,,
need,4,4.84,1.4337,,1,,,1
complaint,1,2.86,1.0104,,1,,,
queen,5,6.24,1.7907,,2,,,
elizabeth,4,6.14,1.7263,,2,,,
exit,1,4.78,1.5687,,1,,,
earthquake,4,1.9,1.1995,,1,,1,
little,3,4.6,1.3401,,1,,,
subjected,1,3.86,1.3999,,1,,,
strife,1,4.02,1.8349,,1,,,
turning,3,5.32,1.019,,2,1,,
failing,1,2.52,1.2656,,1,,,
southeast,2,5.68,1.2196,,1,,,
lung,1,5.4,1.3093,,1,,,
steel,4,5.08,1.1578,,1,,,
send,4,5.38,1.3536,,1,,1,
art,2,6.6,1.4983,,1,,,
training,3,5.74,1.3969,,1,,,
pregnant,2,6.22,2.0829,,1,,,
birth,1,7.12,1.6117,,1,,,
defect,1,3.21,1.7005,,1,,,
rise,16,6.36,1.5618,,3,2,,1
leading,3,6.64,1.5086,,1,,,
key,12,5.82,1.0631,,1,1,1,
draft,5,5.02,1.4068,,2,,,
culture,3,6.72,1.8075,,1,,,
active,3,6.82,1.7692,,2,,,
program,4,5.68,1.2196,,1,,,
yields,1,6.2,1.4286,,1,,,
dividends,1,6.14,1.552,,1,,,
core,2,5.38,1.0859,,1,1,,
conflicts,3,2.96,1.4563,,1,,1,
accused,7,2.92,1.5497,,1,,2,2
look,4,5.54,1.1287,,1,,,
tension,2,2.94,1.5832,,1,,,
happened,3,5.02,1.1865,,1,1,1,
wonders,1,6.78,1.8876,,1,,,
long,8,4.74,1.6637,,1,1,,1
solution,8,6.84,1.3756,,2,2,2,
david,1,5.5,1.1473,,1,,,
choice,1,6.24,1.318,,1,,,
hostile,2,3.02,1.9737,,1,1,,
cure,2,7.14,1.512,,2,,,
dam,2,4.84,1.2349,,1,,,
tests,5,4.28,1.6787,,2,,,
apparently,1,5.54,1.1104,,1,,,
expert,2,6.64,1.3211,,1,,,
donald,1,5.48,1.2493,,1,,,
trained,1,5.86,1.4984,,1,,,
ranks,1,5.42,1.6793,,1,,,
reminds,1,5.4,1.1952,,1,,,
boss,2,4.18,1.5868,,1,,,
leaving,1,3.58,1.2792,,1,,,
dozen,2,5.46,1.1104,,1,,,
violent,3,2.06,1.3463,,1,,,
study,7,6.12,1.6243,,1,1,,
policies,1,5.12,1.6368,,1,,,
license,1,5.56,1.3426,,1,,,
cow,2,5.82,1.4665,,1,1,,
protection,1,6.56,1.3273,,1,,,
helped,6,7.28,1.2943,,1,1,,
extends,2,5.56,1.0134,,1,,,
cell,1,5.12,1.409,,1,,,
conservative,1,4.54,1.9505,,1,,,
puts,5,5.1,0.6468,,1,,,
grants,2,6.7,1.2495,,1,,,
jews,3,5.62,1.5372,,1,,,
minority,1,4.24,1.546,,1,,,
explanation,1,5.56,0.993,,1,,,
fish,1,6.58,1.7507,,1,,,
vietnam,4,4.42,1.9804,,1,,1,
taxes,2,2.7,1.5286,,1,,1,
rebounds,1,5.32,1.3161,,1,,,
votes,4,6.08,1.5758,,1,,,2
extend,2,6.0,0.9035,,2,,,
bars,6,5.68,1.5836,,1,,,1
lifted,3,6.2,1.2289,,2,,,
islam,1,4.68,2.325,,1,,,
religion,2,6.0,1.8295,,1,,1,
goes,9,5.26,1.1214,,1,,1,1
rocket,3,6.38,1.7366,,2,,,
does,10,5.22,1.2501,,1,,1,
marine,1,5.72,1.6542,,1,,,
point,4,5.42,0.9055,,1,1,,
bid,6,5.26,1.192,,1,1,,
natural,1,6.56,1.4868,,1,,,
men,4,5.94,1.3911,,1,,1,1
convicted,5,3.2,1.7728,,1,,,
win,6,8.12,1.0812,,1,1,,
sanctions,6,3.86,1.7844,,1,1,,
raise,1,6.74,1.209,,1,,,
campaign,2,5.34,1.5467,,1,1,,
remedy,1,6.45,1.5419,,1,,,
targets,1,4.76,1.4786,,1,,,
uncertain,1,3.88,1.1481,,1,,,
controls,2,5.02,1.3323,,1,,,
port,1,5.36,1.4394,,1,,,
arrests,4,2.72,1.5913,,,2,,
land,6,6.18,1.3354,,,1,,
hill,1,5.98,1.3923,,,1,,
acts,1,5.48,1.1471,,,1,,
temporary,1,4.5,1.3439,,,1,,
surface,1,5.32,1.0774,,,1,,
shines,1,7.6,1.5944,,,1,,
priests,2,5.51,2.0117,,,1,,
urban,1,5.84,1.5566,,,1,,
developed,2,6.36,1.4813,,,1,1,
save,5,6.54,1.1643,,,1,,1
italy,7,6.18,1.4665,,,1,,
quiet,1,5.5,1.8098,,,1,,
farmers,3,6.34,1.1886,,,1,2,
tensions,7,2.66,1.2554,,,2,,1
file,2,5.22,1.2664,,,1,,
medicine,1,5.08,1.6884,,,1,,
raised,2,6.56,1.2316,,,1,,
maximum,1,6.38,1.5238,,,1,,
manchester,1,5.56,1.3273,,,1,,
quit,2,3.9,1.4604,,,1,,
doctor,3,5.34,1.6239,,,1,,
holocaust,3,2.22,1.7876,,,1,,
survivors,2,6.66,1.3342,,,1,,
poland,4,5.88,1.3346,,,1,,
powers,3,6.66,1.3188,,,1,,
narrow,2,4.54,0.9941,,,2,,
hindu,1,5.69,1.8583,,,1,,
tried,3,5.48,1.6443,,,1,,
orders,11,4.24,1.4786,,,2,1,
goal,2,7.02,1.2204,,,1,,
checking,2,5.2,1.3702,,,1,,1
slow,3,3.78,1.1119,,,1,,
migration,1,5.7,1.374,,,1,,
route,1,5.48,1.2162,,,1,,
thousands,9,6.14,1.0692,,,2,,
film,1,6.56,1.58,,,1,,
chance,2,6.44,1.4165,,,1,,
democrats,3,5.5,1.9923,,,1,,
grand,2,7.06,1.3614,,,2,,
coalition,3,5.46,1.4172,,,2,,
ireland,5,5.98,1.3626,,,1,1,
socks,1,5.06,1.4201,,,1,,
steal,2,2.46,1.6807,,,1,,
holiday,3,7.68,1.3005,,,1,,
broke,2,2.54,1.2811,,,1,,
ethics,1,6.52,1.3589,,,1,,
gets,7,5.84,1.2993,,,2,,1
jail,2,1.76,1.0214,,,1,,
spill,1,4.47,1.6845,,,1,,
chief,10,6.18,1.1551,,,1,1,1
slave,1,2.06,1.4626,,,1,,
auction,1,5.78,1.5425,,,1,,
raped,2,1.64,1.4251,,,2,,
read,7,6.52,1.581,,,2,,
latest,10,6.06,1.3614,,,1,1,
reconstruction,1,5.8,1.6036,,,1,,
theory,2,5.42,1.4859,,,1,,1
citing,3,4.72,1.4434,,,1,,
amazon,1,6.8,1.5386,,,1,,
tribe,1,5.92,1.3679,,,1,,
heed,1,5.31,1.2111,,,1,,
russians,11,5.2,1.3851,,,1,1,1
catch,1,5.74,1.3822,,,1,,
voting,5,6.02,1.3775,,,1,,2
levels,1,5.3,0.953,,,1,,
charged,5,5.04,1.5903,,,2,1,1
twice,2,5.6,1.1429,,,1,,
night,1,6.22,1.2982,,,1,,
launch,1,6.4,1.2936,,,1,,
boat,2,6.08,1.4824,,,1,,
worst,5,2.1,1.3439,,,2,1,
helps,1,6.6,1.5649,,,1,,
slaughter,1,2.41,1.8362,,,1,,
bishop,3,5.3,1.6194,,,2,,
hide,2,4.36,1.4107,,,1,,
scheme,1,4.82,1.6668,,,1,,
ship,7,5.96,1.2282,,,1,,1
earlier,3,5.4,1.2289,,,1,,
footage,4,5.68,1.0583,,,1,,1
abc,1,5.24,1.0012,,,1,,
defend,1,5.22,1.7177,,,1,,
view,2,5.72,1.1256,,,2,,
babies,3,7.46,1.5012,,,1,1,1
likely,8,6.44,1.2149,,,1,,2
diplomat,3,5.28,1.4852,,,1,,
saying,4,5.6,0.8571,,,1,,
practices,1,5.66,1.3188,,,1,,
survived,2,6.88,1.4797,,,1,,1
intelligence,13,7.3,1.1995,,,2,,
service,6,6.0,1.1606,,,1,,1
aides,3,5.92,1.3827,,,1,,
contact,1,6.08,0.9864,,,1,,
agents,4,5.0,1.2936,,,1,1,
half,2,4.6,1.0102,,,1,,
brother,1,7.22,1.2337,,,1,,
began,1,5.98,0.9581,,,1,,
psychiatric,1,4.24,1.3334,,,1,,
africa,10,5.26,2.0782,,,1,2,
died,6,1.56,1.198,,,1,,1
pentagon,8,5.02,1.6098,,,2,,2
communist,3,4.32,1.7431,,,1,,
live,4,6.84,1.5167,,,1,,1
benjamin,1,5.68,1.2196,,,1,,
sought,1,5.06,1.3001,,,1,,
hunting,1,4.1,2.0127,,,1,,
feet,1,5.58,1.2631,,,1,,
mean,4,3.68,1.9213,,,1,,
ready,3,6.58,1.1622,,,1,1,
remains,7,4.42,1.4441,,,1,1,
stuck,2,3.66,1.1178,,,1,,
offensive,3,3.02,1.5583,,,1,,
place,3,5.56,1.198,,,1,1,
names,1,5.32,0.9988,,,1,,
die,3,1.74,1.192,,,1,,1
sergeant,1,5.26,1.2747,,,1,,
trying,5,5.78,1.1657,,,1,,2
closed,3,3.66,1.5986,,,1,,
reorganization,1,5.4,1.4846,,,1,,
assistance,1,5.96,1.428,,,1,,
takes,5,5.04,1.1421,,,1,,
julie,1,5.42,1.1796,,,1,,
satellite,2,5.72,1.3559,,,1,,
reveal,2,5.96,1.3547,,,1,,1
edges,1,5.1,1.5332,,,1,,
digital,1,6.12,1.4234,,,1,,
gulf,3,5.4,1.7143,,,1,1,
republic,2,5.76,1.5851,,,1,,1
race,5,5.76,1.4365,,,1,,
george,3,5.26,1.0654,,,1,1,
occupy,1,5.66,1.5598,,,1,,
clear,1,6.3,1.1294,,,1,,
remarks,2,4.88,1.5732,,,1,,
speaks,1,5.68,1.1856,,,1,,
promise,1,7.18,1.1899,,,1,,
expanding,4,5.72,1.3254,,,1,,
penalty,1,2.84,1.3149,,,1,,
storm,3,4.26,2.0082,,,1,1,
compound,2,5.48,1.2974,,,1,,
lot,1,5.78,1.3746,,,1,,
like,1,7.22,1.2171,,,1,,
bin,1,4.96,1.3087,,,1,,
re-election,2,4.76,1.6971,,,1,,
widely,1,5.62,1.0476,,,1,,
watched,1,5.46,1.2651,,,1,,
pick,1,5.6,0.9689,,,1,,
sullivan,1,5.34,0.8947,,,1,,
largest,7,6.34,1.3793,,,1,,
happens,1,5.2,1.2122,,,1,,
exist,1,5.9,1.6812,,,1,,
require,4,4.44,1.3118,,,1,,
raising,3,6.26,1.2257,,,1,,
drugs,2,2.66,1.6364,,,1,,
america,3,6.76,1.5194,,,1,,
faces,8,6.2,1.4569,,,1,1,1
voters,3,5.58,1.3107,,,1,,
cable,2,5.64,1.5221,,,1,,
eastern,9,5.76,1.4223,,,1,1,
yellow,1,5.8,1.4569,,,1,,
fever,1,2.78,1.5556,,,1,,
block,4,4.02,1.4213,,,1,,2
access,6,5.88,1.2558,,,1,,
scientist,5,6.18,1.2887,,,,1,
edited,1,5.24,1.135,,,,1,
kept,3,5.74,1.1031,,,,1,
guard,3,4.88,1.6243,,,,1,
advocate,1,5.18,1.6622,,,,1,
princess,2,7.08,1.5758,,,,1,
2nd,2,4.88,1.5471,,,,1,
wait,1,3.74,1.209,,,,1,
camps,7,5.56,1.6801,,,,3,1
did,2,5.58,1.1265,,,,1,
count,3,5.5,1.0546,,,,1,
fed,1,5.78,1.4886,,,,1,
book,1,7.24,1.2048,,,,1,
changing,1,5.8,1.4428,,,,1,
mount,1,5.54,1.2651,,,,1,
atomic,2,4.61,1.789,,,,1,
link,3,5.78,1.1119,,,,1,
fact,3,5.9,1.3286,,,,2,1
bold,2,5.66,1.7912,,,,1,
crime,5,2.2,1.2617,,,,1,1
immigration,2,5.2,1.3553,,,,1,
contain,1,5.7,1.1824,,,,1,
keeps,2,5.88,1.3192,,,,1,1
offer,3,6.62,1.028,,,,1,1
question,2,4.98,1.7319,,,,1,1
western,9,6.1,1.359,,,,2,
step,1,5.32,0.8676,,,,1,
aside,1,4.76,0.9161,,,,1,
protest,12,3.56,1.4591,,,,3,
deficit,1,3.08,1.3529,,,,1,
talk,3,6.06,1.0577,,,,1,
youth,2,6.62,1.8832,,,,2,
october,1,5.88,1.4234,,,,1,
pressed,1,4.62,1.3076,,,,1,
ambassador,6,5.78,1.5687,,,,1,1
silent,3,5.12,1.5471,,,,1,
rural,1,5.78,1.6573,,,,1,
victim,1,2.38,1.4126,,,,1,
prisoners,8,2.44,1.4591,,,,2,
appear,5,5.84,0.8172,,,,1,
crown,4,6.62,1.4693,,,,1,
enemies,1,2.44,1.473,,,,1,
mike,1,5.3,1.4463,,,,1,
fate,2,4.78,1.2664,,,,1,
officers,3,4.98,1.672,,,,1,
3rd,2,4.96,1.1945,,,,1,
summit,2,5.52,1.6193,,,,2,
end,6,4.36,1.7351,,,,1,1
tech,1,6.22,1.3293,,,,1,
olympics,2,7.02,1.3476,,,,1,
potential,2,6.68,1.0774,,,,1,
hockey,1,5.42,1.6793,,,,1,
team,8,6.26,1.4259,,,,3,
wanted,1,5.08,1.7825,,,,1,
brought,1,5.9,1.3286,,,,1,
black,4,4.88,1.8366,,,,1,
recent,4,5.56,1.1095,,,,1,
dangerous,2,2.44,1.4591,,,,1,
problem,2,2.98,1.4068,,,,1,
driving,3,6.18,1.6499,,,,1,
gain,1,6.4,1.5386,,,,1,
university,4,6.74,1.3822,,,,1,
iphone,1,6.54,1.854,,,,1,
teachers,1,6.44,1.2961,,,,1,
national,9,5.98,1.1516,,,,1,
stronger,2,7.12,1.0812,,,,1,
unions,1,5.28,1.6542,,,,1,
higher,1,6.46,1.2157,,,,1,
catholic,4,5.3,1.8323,,,,1,1
heard,1,5.36,0.802,,,,1,
adviser,3,5.48,1.821,,,,1,
cabinet,4,5.68,1.1328,,,,1,
undercover,1,5.04,1.6031,,,,1,
surprisingly,1,6.82,1.32,,,,1,
high,7,6.64,1.2081,,,,1,
slavery,1,2.02,1.5842,,,,1,
doing,1,5.5,1.1995,,,,1,
theft,2,2.3,1.374,,,,1,1
cave,1,5.73,1.5913,,,,1,
soccer,4,6.44,1.5407,,,,1,
sharp,1,4.84,1.6946,,,,1,
husband,1,6.62,1.7484,,,,1,
lawyer,2,3.84,1.4194,,,,1,
left,3,4.64,1.4394,,,,1,
judge,7,4.92,1.6015,,,,1,
source,1,5.72,1.2129,,,,1,
sense,1,6.3,1.0351,,,,1,
father,3,7.06,1.7427,,,,1,
skip,1,5.32,1.463,,,,1,
royal,8,5.82,1.6374,,,,1,1
site,2,5.32,0.7939,,,,1,
plays,4,6.72,1.5784,,,,1,
asked,3,5.36,1.2739,,,,1,
record,9,5.78,1.4039,,,,1,1
number,5,5.3,0.9313,,,,1,
fuel,5,5.4,1.178,,,,1,
triple,1,5.98,1.1337,,,,1,
wales,1,5.96,1.4994,,,,1,
fear,3,2.32,1.3005,,,,2,
outside,4,5.8,1.6782,,,,1,
returns,1,5.24,1.5059,,,,1,
met,8,5.82,0.919,,,,1,
secret,6,4.84,1.6081,,,,1,1
abortion,2,2.6,1.5253,,,,1,1
singer,1,6.82,1.4525,,,,1,
conspiracy,1,3.28,1.4574,,,,1,
theories,1,6.06,1.4507,,,,1,
honored,1,7.14,1.2779,,,,1,
funeral,6,2.1,1.5551,,,,1,
tweets,1,5.42,1.9701,,,,1,
rains,1,6.01,1.8722,,,,1,
country,8,6.28,1.7148,,,,1,1
champagne,1,6.82,1.746,,,,1,
roses,1,7.52,1.2493,,,,1,
tips,1,6.28,1.5784,,,,1,
television,5,6.66,1.5858,,,,1,1
period,1,4.72,1.4291,,,,1,
promises,2,6.26,1.5493,,,,1,
funds,4,6.12,1.8254,,,,1,
recovery,1,6.64,1.495,,,,1,
granted,1,6.14,1.8071,,,,1,
spent,2,4.76,1.546,,,,1,
stop,4,3.9,1.3439,,,,1,
pupils,1,5.76,1.4935,,,,1,
class,3,5.52,1.7756,,,,1,
turns,2,5.2,0.9035,,,,1,
witness,1,4.82,1.3656,,,,1,
building,3,5.94,1.1141,,,,1,
guns,1,2.98,2.0151,,,,1,
reporters,3,5.18,1.3506,,,,1,
obtaining,1,5.81,1.3616,,,,1,
governor,14,5.14,1.1608,,,,1,
faith,2,7.08,1.4405,,,,1,
towns,1,6.06,1.1502,,,,1,
quietly,1,5.72,1.4003,,,,1,
break,4,5.04,1.8178,,,,1,
doom,1,3.12,1.9217,,,,1,
paintings,1,6.9,1.594,,,,,1
candidates,1,5.18,1.4803,,,,,1
lead,3,6.28,1.4574,,,,,1
lawmakers,6,4.7,1.4604,,,,,1
launches,2,6.14,1.125,,,,,1
exercise,1,6.3,1.6444,,,,,1
opens,3,5.92,1.2752,,,,,2
payment,1,4.7,2.0025,,,,,1
justice,1,6.74,1.9568,,,,,1
based,3,5.26,0.7508,,,,,1
settle,1,5.08,1.4405,,,,,1
indonesia,2,5.08,1.7478,,,,,1
dismissed,2,3.14,1.1068,,,,,2
allies,5,6.5,1.2495,,,,,1
resist,1,4.74,1.6011,,,,,1
vessels,1,5.24,1.4507,,,,,1
raises,4,6.66,1.6239,,,,,1
middle,3,5.34,0.7174,,,,,1
east,7,5.82,1.2887,,,,,1
olympic,4,6.28,1.5654,,,,,1
gym,1,5.96,1.5113,,,,,1
anger,1,2.3,1.4178,,,,,1
democratic,1,6.32,1.6591,,,,,1
cameras,1,6.62,1.2919,,,,,1
begin,1,6.28,1.1256,,,,,1
success,3,7.86,1.6414,,,,,1
brief,3,5.5,1.2817,,,,,1
quotes,1,5.6,1.3851,,,,,1
bible,1,6.48,1.9403,,,,,1
christianity,1,5.92,2.2663,,,,,1
ice,1,5.8,1.4846,,,,,1
burned,1,2.9,1.4178,,,,,1
fires,2,4.26,1.7357,,,,,1
sent,3,5.46,0.9082,,,,,1
proof,2,5.96,1.0683,,,,,1
complex,2,5.04,1.5903,,,,,1
divided,2,4.36,1.2739,,,,,2
paul,3,5.44,1.2149,,,,,1
deny,3,3.44,1.3874,,,,,1
hillary,1,5.12,1.4234,,,,,1
clinton,1,5.68,1.5836,,,,,1
raps,1,4.65,1.7387,,,,,1
tower,1,5.66,1.4086,,,,,1
successor,1,6.0,1.4428,,,,,1
lion,1,6.18,1.6123,,,,,1
numerous,2,6.08,1.1925,,,,,1
problems,1,2.92,1.5628,,,,,1
chile,1,5.74,1.3524,,,,,1
windows,1,6.02,1.3923,,,,,1
tall,1,5.84,1.3607,,,,,1
buildings,2,5.62,1.3981,,,,,1
prevent,2,5.16,1.7998,,,,,1
apps,1,5.58,1.3415,,,,,1
admitted,1,5.08,1.3529,,,,,1
hurricane,1,2.54,1.5677,,,,,1
homeless,1,2.16,1.2835,,,,,1
shipping,1,5.46,1.3126,,,,,1
english,2,6.58,1.4859,,,,,1
member,6,5.94,1.1141,,,,,1
attempt,2,5.56,1.2961,,,,,1
correspondent,2,5.3,1.165,,,,,1
fake,2,2.9,1.2495,,,,,1
charles,5,5.22,1.3293,,,,,1
shield,1,5.76,1.3312,,,,,1
worldwide,3,6.56,1.2643,,,,,1
driven,1,5.96,1.2771,,,,,1
pilots,4,5.8,1.4286,,,,,1
followed,1,5.46,1.2157,,,,,1
procedures,1,5.02,1.3013,,,,,1
praise,1,7.52,1.4741,,,,,1
unlikely,1,3.48,1.313,,,,,1
preparing,1,5.76,1.4078,,,,,1
improved,1,6.86,1.3554,,,,,1
results,7,5.9,1.374,,,,,1
detailed,1,5.72,1.4988,,,,,1
defeated,1,2.74,1.6138,,,,,1
posts,1,5.32,1.1147,,,,,1
publisher,2,5.82,1.0821,,,,,1
network,1,6.0,1.2778,,,,,1
blood,2,3.82,1.7922,,,,,1
plasma,1,5.78,1.5556,,,,,1
banks,2,5.92,1.2428,,,,,1
development,1,6.38,1.4968,,,,,1
largely,1,5.96,1.0294,,,,,1
risk,2,3.62,1.6399,,,,,1
experts,7,6.28,1.4434,,,,,1
sister,1,6.76,1.6483,,,,,1
wishes,1,7.2,1.2122,,,,,1
diplomats,4,5.24,1.8578,,,,,1
meetings,1,4.8,1.5386,,,,,1
biggest,4,6.0,1.3248,,,,,1
cause,2,5.22,1.0554,,,,,1
striking,1,4.7,1.8763,,,,,1
roads,1,5.8,1.1066,,,,,1
revolution,1,5.34,1.394,,,,,1
shadows,1,5.12,1.7337,,,,,1
native,1,6.02,1.4068,,,,,1
hint,2,6.04,1.5903,,,,,1
way,3,5.24,1.4223,,,,,1
citizen,6,5.92,1.3827,,,,,1
chaos,2,3.46,1.7867,,,,,1
ask,3,5.2,1.8736,,,,,1
lebanon,6,4.62,1.3536,,,,,1
date,1,6.32,1.6092,,,,,1
testing,4,4.9,1.4033,,,,,1
elite,2,5.64,2.1308,,,,,1
loyalty,1,7.04,1.7723,,,,,1
nail,1,4.7,1.4321,,,,,1
coffin,1,2.96,1.9894,,,,,1
evolution,1,6.22,1.6073,,,,,1
quickly,4,5.82,1.4525,,,,,1
freezing,1,3.22,1.5556,,,,,1
escape,2,5.64,2.0777,,,,,1
described,2,5.58,1.1445,,,,,1
best,1,7.18,1.6866,,,,,
regulators,1,4.88,1.5205,,,,,
beg,1,3.08,1.336,,,,,
laying,1,5.14,1.0104,,,,,
think,1,6.2,1.2936,,,,,
strictly,2,4.35,1.7625,,,,,
unemployment,10,2.12,1.0029,,,,,
jumped,1,5.56,1.3426,,,,,
week,3,5.08,1.4546,,,,,
insurance,2,5.24,1.9646,,,,,
filed,5,4.84,1.1314,,,,,
diana,2,5.76,1.3933,,,,,
interview,2,5.06,1.2843,,,,,
capture,3,4.18,1.6986,,,,,
fell,2,3.22,1.4748,,,,,
remain,6,5.52,1.1471,,,,,
crush,1,5.12,1.7454,,,,,
governors,3,4.76,1.546,,,,,
repeat,1,5.14,1.2456,,,,,
captured,2,3.22,1.6073,,,,,
invasion,4,3.42,2.0212,,,,,
stopped,1,3.86,1.2291,,,,,
fishing,1,6.18,1.826,,,,,
riches,1,7.39,1.6685,,,,,
named,2,5.58,0.8593,,,,,
opponent,2,3.9,1.5419,,,,,
directed,1,5.46,1.073,,,,,
sovereignty,2,5.88,1.7516,,,,,
avoided,1,3.98,1.5185,,,,,
mental,2,4.8,1.8183,,,,,
changed,1,5.06,1.0956,,,,,
advisory,1,4.8,1.1952,,,,,
rescue,1,6.62,1.6646,,,,,
stocks,1,5.36,1.2898,,,,,
prices,3,4.38,1.6022,,,,,
request,1,5.34,1.2224,,,,,
prompted,1,5.54,1.0343,,,,,
boston,1,5.76,1.4923,,,,,
suffering,1,2.22,1.7058,,,,,
severe,4,3.16,1.7186,,,,,
domestic,1,5.46,1.6563,,,,,
single,2,5.12,1.5205,,,,,
surrounds,1,5.72,1.3856,,,,,
college,3,6.94,1.4201,,,,,
december,1,6.34,1.8473,,,,,
ordered,3,4.96,1.428,,,,,
email,1,6.88,1.3192,,,,,
showing,2,5.84,0.8418,,,,,
suffer,1,2.08,1.3827,,,,,
stay,3,5.56,1.1634,,,,,
relevant,1,6.49,1.0433,,,,,
infections,8,2.59,1.914,,,,,
shoot,4,3.46,1.6686,,,,,
thanksgiving,2,7.4,1.4142,,,,,
jump,3,5.48,1.7407,,,,,
positive,3,7.8,1.2454,,,,,
miss,1,3.64,1.6258,,,,,
cast,3,5.4,1.3702,,,,,
montreal,1,5.82,1.2567,,,,,
places,3,6.14,1.1608,,,,,
blame,2,2.82,1.5345,,,,,
staten,1,5.16,1.2513,,,,,
concerning,1,4.24,1.6898,,,,,
william,1,5.46,1.0539,,,,,
time,11,5.74,1.209,,,,,
retreat,3,5.18,1.9659,,,,,
wisconsin,3,5.56,1.4165,,,,,
cuts,2,3.64,1.3962,,,,,
cost,5,4.1,1.4033,,,,,
metropolitan,1,6.3,1.6812,,,,,
area,4,5.44,0.8843,,,,,
jobs,1,6.32,1.7431,,,,,
ending,2,4.02,1.4213,,,,,
numbers,3,6.04,1.1421,,,,,
daily,10,5.4,1.0302,,,,,
ohio,3,5.22,1.4184,,,,,
percent,5,5.34,0.9172,,,,,
start,2,6.1,1.5419,,,,,
stimulus,3,5.68,1.8232,,,,,
controlling,1,4.42,2.0513,,,,,
reach,2,5.74,1.3969,,,,,
paso,1,4.98,1.1865,,,,,
timeline,1,5.54,1.1287,,,,,
statements,1,5.46,0.9733,,,,,
reveals,4,5.96,1.4702,,,,,
infection,1,2.84,1.6458,,,,,
told,1,5.08,1.3827,,,,,
protected,1,6.6,1.178,,,,,
developers,1,5.46,1.7168,,,,,
promising,2,6.64,1.1205,,,,,
initial,2,5.42,1.0515,,,,,
second,9,5.38,1.1933,,,,,
bishops,1,4.92,1.9466,,,,,
horses,1,6.84,1.4758,,,,,
field,2,5.88,1.1891,,,,,
common,2,4.92,1.2591,,,,,
cardinal,2,5.54,1.6062,,,,,
knew,1,5.94,1.3001,,,,,
clergy,2,5.29,1.8819,,,,,
appearance,2,5.8,1.4846,,,,,
waters,1,6.32,1.1507,,,,,
happiness,1,8.44,0.9723,,,,,
signs,3,5.54,0.8621,,,,,
zero,2,3.44,1.6433,,,,,
action,3,5.98,1.4213,,,,,
max,1,5.7,1.233,,,,,
boeing,2,5.24,1.3637,,,,,
confusion,1,3.32,1.3619,,,,,
reign,1,5.06,1.5308,,,,,
oregon,5,6.0,1.178,,,,,
announce,1,5.68,0.8676,,,,,
cruise,2,6.7,1.9614,,,,,
passengers,1,5.72,1.0506,,,,,
scene,1,5.94,1.3311,,,,,
sets,3,5.08,1.3377,,,,,
ruled,1,4.92,1.4961,,,,,
reaches,3,5.96,1.3696,,,,,
federal,4,4.94,1.0768,,,,,
highest,3,6.8,1.7613,,,,,
central,3,5.6,0.8806,,,,,
low,2,3.66,1.1178,,,,,
sigh,1,4.16,1.8223,,,,,
enforcement,2,4.1,1.4178,,,,,
minnesota,2,5.24,1.5328,,,,,
penn,1,5.42,1.295,,,,,
classes,1,5.84,1.3303,,,,,
urge,2,5.18,1.3045,,,,,
keeping,1,6.1,1.1112,,,,,
understand,1,6.56,1.7043,,,,,
cuomo,7,5.16,0.7918,,,,,
worry,1,2.82,1.7106,,,,,
reached,2,6.08,1.2591,,,,,
monday,2,4.3,1.8871,,,,,
moment,1,5.68,1.1147,,,,,
football,2,6.34,2.0062,,,,,
game,4,6.92,1.6015,,,,,
canceled,1,3.24,1.5722,,,,,
nursing,8,6.12,1.4658,,,,,
seven,2,5.66,1.2554,,,,,
restaurants,2,6.62,1.783,,,,,
invite,1,6.64,1.4251,,,,,
guests,1,6.14,1.3852,,,,,
revenue,2,6.72,1.5258,,,,,
losses,2,2.46,1.4458,,,,,
governments,2,4.62,1.701,,,,,
potentially,1,5.96,1.5113,,,,,
gathering,1,6.48,1.2329,,,,,
village,3,6.28,1.1256,,,,,
maryland,1,5.84,1.6704,,,,,
activities,2,6.46,1.2157,,,,,
players,1,5.96,1.6157,,,,,
restrictions,6,3.32,0.957,,,,,
arkansas,2,5.4,1.2289,,,,,
legislature,1,4.7,1.5286,,,,,
surgeon,1,5.34,1.6239,,,,,
wave,3,6.34,1.1537,,,,,
remove,2,3.7,1.1995,,,,,
list,1,5.46,0.8621,,,,,
states,3,5.64,1.2578,,,,,
rally,3,5.7,1.2495,,,,,
supporters,1,6.2,1.5779,,,,,
alaska,2,5.64,1.6258,,,,,
lift,3,5.78,1.0359,,,,,
rises,2,6.24,1.2545,,,,,
warn,3,4.27,1.7173,,,,,
follow,2,5.66,1.1713,,,,,
announces,2,5.56,0.9723,,,,,
arrest,4,2.42,1.4859,,,,,
host,2,6.06,1.3614,,,,,
extending,2,6.1,1.2588,,,,,
supreme,4,6.64,1.3365,,,,,
suspended,2,3.08,1.2591,,,,,
having,1,5.78,1.016,,,,,
drinks,1,6.74,1.4259,,,,,
bar,1,5.82,1.8035,,,,,
sudden,1,4.3,1.3132,,,,,
sells,2,5.62,1.3231,,,,,
assets,1,6.66,1.6239,,,,,
package,1,6.22,1.4748,,,,,
clubs,1,6.34,1.4654,,,,,
modern,1,6.48,1.1822,,,,,
tiny,2,4.9,1.374,,,,,
newest,2,6.5,1.5551,,,,,
traveling,1,6.78,1.6695,,,,,
titles,1,5.56,1.2643,,,,,
tennis,1,6.4,1.4142,,,,,
player,2,5.94,1.6214,,,,,
old,2,3.98,1.7553,,,,,
cycle,1,5.62,1.4412,,,,,
cloud,1,5.62,1.8504,,,,,
parties,12,7.42,1.4441,,,,,
awaits,1,5.49,1.4012,,,,,
policy,2,4.74,1.4401,,,,,
running,2,5.7,1.5017,,,,,
probably,2,5.64,1.2415,,,,,
resistance,1,4.38,1.6274,,,,,
paid,2,7.14,1.7144,,,,,
freeze,1,4.08,1.8609,,,,,
critics,2,3.8,1.6782,,,,,
diversity,1,5.82,1.7401,,,,,
dreams,1,7.44,1.4165,,,,,
got,3,5.6,1.4569,,,,,
haiti,7,4.06,2.2077,,,,,
broken,4,3.02,1.4068,,,,,
inmates,2,3.48,2.0227,,,,,
result,2,6.0,1.1606,,,,,
buying,2,6.4,1.2936,,,,,
relative,1,6.58,1.2631,,,,,
organized,1,6.62,1.2436,,,,,
rock,1,6.14,1.2938,,,,,
develop,1,6.26,1.0461,,,,,
shots,3,3.32,2.0146,,,,,
effort,3,5.86,1.6289,,,,,
bag,1,5.64,1.0645,,,,,
familiar,1,6.44,1.2643,,,,,
came,4,5.42,1.4155,,,,,
protect,1,6.8,1.4142,,,,,
proved,1,6.26,1.9358,,,,,
continuing,1,5.76,1.2216,,,,,
future,4,6.76,1.4223,,,,,
virtually,1,5.6,1.0498,,,,,
tuesday,1,4.98,1.0593,,,,,
jane,1,5.5,0.9742,,,,,
fans,1,7.02,1.2534,,,,,
today,2,6.22,1.4469,,,,,
financial,3,5.42,1.7853,,,,,
strain,2,3.73,1.8071,,,,,
gentleman,1,6.96,1.7254,,,,,
nurses,1,6.1,1.9175,,,,,
director,3,5.8,1.4846,,,,,
suggest,4,5.52,1.2329,,,,,
fast,4,6.44,1.2316,,,,,
moving,1,5.36,1.495,,,,,
known,2,5.8,1.3851,,,,,
spreading,1,5.96,1.3064,,,,,
delta,2,5.36,1.0451,,,,,
compensation,1,6.52,1.6932,,,,,
opened,1,6.0,1.2289,,,,,
parliamentary,1,5.24,1.5851,,,,,
older,1,4.74,1.7821,,,,,
disabled,1,2.82,1.1899,,,,,
abused,3,1.83,1.3101,,,,,
estimates,1,5.32,1.1147,,,,,
counts,2,5.3,1.1473,,,,,
province,2,5.38,1.4831,,,,,
immediate,3,5.6,1.666,,,,,
pushed,2,4.1,1.4743,,,,,
gate,1,5.18,1.1008,,,,,
roller,1,5.48,1.2656,,,,,
riders,1,5.62,1.4236,,,,,
monitoring,1,5.06,1.2521,,,,,
tokyo,3,5.76,1.5328,,,,,
searching,1,5.04,1.3395,,,,,
worked,2,5.44,1.58,,,,,
warned,2,3.52,1.313,,,,,
august,1,5.98,1.4356,,,,,
singapore,2,5.98,1.7899,,,,,
wide,1,5.46,1.328,,,,,
july,1,5.98,1.6962,,,,,
disease,2,2.0,1.3093,,,,,
hunger,3,3.37,1.9968,,,,,
points,4,6.04,1.4702,,,,,
root,1,5.8,1.2617,,,,,
months,2,5.16,0.8657,,,,,
june,2,6.32,1.3915,,,,,
plead,1,3.67,1.4052,,,,,
guilty,1,2.64,1.5877,,,,,
publishing,1,5.92,1.1753,,,,,
entering,1,5.78,1.016,,,,,
destined,1,5.96,1.4563,,,,,
enabled,1,6.39,1.3817,,,,,
nationwide,1,5.84,1.2513,,,,,
stretch,1,5.66,1.5066,,,,,
effective,2,6.76,1.2867,,,,,
advisers,1,5.48,1.3738,,,,,
attempts,1,5.54,1.1988,,,,,
alter,1,5.32,1.2526,,,,,
scientific,1,6.44,1.5274,,,,,
emails,1,6.54,1.1817,,,,,
april,1,6.36,1.5221,,,,,
received,3,6.34,1.1537,,,,,
swift,1,5.94,1.2683,,,,,
shift,2,5.26,1.0461,,,,,
attention,1,5.8,1.4846,,,,,
know,10,6.1,1.3887,,,,,
dominant,1,5.19,1.9963,,,,,
critical,1,3.22,1.4748,,,,,
illness,1,2.0,1.178,,,,,
rates,2,4.84,1.1493,,,,,
lower,2,4.24,1.0797,,,,,
affecting,1,5.31,1.3261,,,,,
young,1,6.82,1.2403,,,,,
strong,1,7.06,1.5174,,,,,
ones,1,5.16,0.8172,,,,,
makers,1,5.76,1.0012,,,,,
laws,4,5.08,1.4546,,,,,
worse,1,2.7,1.4178,,,,,
effects,2,5.5,1.4743,,,,,
experience,1,6.34,1.2056,,,,,
march,2,5.78,1.2824,,,,,
leads,1,6.06,1.0956,,,,,
violated,3,2.62,1.3834,,,,,
quite,1,5.32,1.7076,,,,,
according,5,5.1,0.9949,,,,,
february,1,5.08,2.1077,,,,,
indicates,1,5.32,1.0774,,,,,
portion,1,5.48,1.5151,,,,,
staff,3,5.36,0.8751,,,,,
refuse,1,3.46,0.9304,,,,,
emerged,1,5.68,0.9355,,,,,
michigan,1,5.32,1.2848,,,,,
advised,1,5.34,1.6977,,,,,
teacher,1,6.36,1.5354,,,,,
reactions,1,5.44,0.9655,,,,,
colony,1,5.56,1.6099,,,,,
describing,1,5.62,1.3231,,,,,
strict,1,4.13,1.7646,,,,,
measures,3,5.04,1.2447,,,,,
faster,1,6.38,1.3536,,,,,
gives,1,6.5,1.2817,,,,,
glimpse,1,5.98,1.1701,,,,,
baby,2,7.28,1.8521,,,,,
deborah,1,5.18,1.4384,,,,,
task,1,4.92,1.3377,,,,,
january,1,5.7,1.9086,,,,,
cincinnati,1,5.48,1.4741,,,,,
opponents,2,3.48,1.0925,,,,,
refused,2,3.38,1.4553,,,,,
sick,1,2.02,1.0784,,,,,
short,1,4.46,1.1466,,,,,
columbia,2,5.44,1.473,,,,,
spaces,1,5.62,1.0237,,,,,
legislators,1,4.2,1.8844,,,,,
rule,1,4.52,1.5285,,,,,
mask,12,4.86,1.2456,,,,,
petition,1,4.8,1.5778,,,,,
declare,2,5.57,1.3472,,,,,
sharing,1,7.06,1.2843,,,,,
rush,3,4.12,1.3649,,,,,
bills,1,2.82,1.6374,,,,,
ends,2,3.78,1.4886,,,,,
needed,1,5.46,1.4875,,,,,
grow,1,6.68,1.2196,,,,,
fully,1,6.18,1.2237,,,,,
visitors,1,6.32,1.6956,,,,,
capacity,1,5.5,1.4178,,,,,
figure,1,5.5,1.1473,,,,,
victoria,3,5.88,1.2395,,,,,
allow,1,6.0,1.4708,,,,,
stranded,1,3.73,1.8905,,,,,
employee,2,5.74,1.192,,,,,
accident,1,2.32,1.5178,,,,,
kentucky,2,5.8,1.2778,,,,,
texas,4,5.54,1.2324,,,,,
fled,3,3.98,1.1692,,,,,
unite,1,6.64,1.1911,,,,,
broadcasting,1,5.68,1.3161,,,,,
series,2,5.46,0.9304,,,,,
run,1,5.48,1.432,,,,,
carolina,2,5.44,1.514,,,,,
vermont,1,5.58,1.295,,,,,
partially,1,5.24,1.3024,,,,,
eligible,1,6.66,1.2715,,,,,
showed,1,5.74,1.0063,,,,,
huge,3,6.14,1.7025,,,,,
racial,1,4.0,1.7261,,,,,
month,1,5.18,1.3354,,,,,
follows,1,5.06,1.6088,,,,,
games,2,7.32,1.2196,,,,,
committee,1,5.12,1.2395,,,,,
criticized,2,3.02,1.5713,,,,,
ron,1,5.0,0.7284,,,,,
pardon,1,5.8,1.6288,,,,,
universities,1,6.56,1.6801,,,,,
spain,2,6.2,1.6903,,,,,
ended,3,3.84,1.4479,,,,,
streets,1,5.64,1.2415,,,,,
voluntary,1,6.37,1.2365,,,,,
departure,1,4.76,1.5194,,,,,
personnel,1,5.38,1.1045,,,,,
counties,1,5.22,1.016,,,,,
level,1,5.6,0.9897,,,,,
flights,2,5.98,1.8897,,,,,
continue,2,5.76,1.0214,,,,,
resources,1,6.46,1.1466,,,,,
origins,1,5.4,1.5122,,,,,
hawaii,2,7.02,1.6841,,,,,
foes,1,3.43,1.3229,,,,,
tricky,1,4.46,1.5806,,,,,
getting,1,5.68,1.1856,,,,,
owner,1,6.1,1.5419,,,,,
includes,1,5.88,1.5205,,,,,
sector,1,4.9,1.233,,,,,
favor,1,6.0,2.0603,,,,,
parents,2,7.36,1.5086,,,,,
burn,1,2.92,1.3377,,,,,
steps,4,5.38,1.1229,,,,,
analysis,1,5.8,1.4286,,,,,
economists,1,4.92,1.4824,,,,,
memphis,1,5.42,1.5661,,,,,
wasted,1,2.78,1.1657,,,,,
lost,4,2.76,1.3933,,,,,
montana,1,5.44,1.2803,,,,,
improving,1,6.96,0.8797,,,,,
limited,2,4.22,1.1657,,,,,
seeking,2,5.6,1.1429,,,,,
cross,2,4.68,1.7076,,,,,
looking,1,5.94,0.9775,,,,,
bringing,3,6.04,1.1421,,,,,
dining,1,6.48,1.7524,,,,,
soon,1,6.34,0.8947,,,,,
notice,1,5.16,1.5032,,,,,
warning,3,3.34,1.423,,,,,
demanding,1,3.7,1.6194,,,,,
declined,1,3.16,1.5434,,,,,
feeling,1,5.7,1.5152,,,,,
stream,4,6.42,1.4995,,,,,
firm,1,5.32,1.1683,,,,,
cyber,1,5.88,1.4797,,,,,
removed,1,3.72,1.3856,,,,,
spark,1,6.26,1.6637,,,,,
supports,1,6.22,1.5292,,,,,
red,1,5.56,1.6183,,,,,
sales,2,5.8,1.1066,,,,,
crossed,1,4.7,1.374,,,,,
river,1,6.68,1.3316,,,,,
marked,1,4.92,1.2911,,,,,
defensive,2,4.0,1.5253,,,,,
forum,1,5.94,1.2521,,,,,
multiple,2,5.7,1.4604,,,,,
carrying,4,5.26,1.2747,,,,,
stolen,2,2.5,1.3887,,,,,
grain,6,5.84,1.2675,,,,,
allowed,1,5.96,1.7375,,,,,
contains,1,5.71,1.2076,,,,,
miles,2,5.3,1.165,,,,,
occupied,5,5.04,1.3395,,,,,
want,1,5.7,1.3439,,,,,
nerve,2,4.82,1.4815,,,,,
advances,3,6.24,1.3486,,,,,
highway,1,5.48,1.2656,,,,,
chancellor,1,5.18,1.4803,,,,,
fighting,14,2.76,1.5722,,,,,
went,1,4.88,1.4518,,,,,
intended,1,5.2,1.0498,,,,,
broader,2,5.58,1.2631,,,,,
plant,4,6.74,1.3524,,,,,
surrounded,1,4.72,1.5524,,,,,
agent,1,5.08,1.4405,,,,,
accept,2,6.42,1.0708,,,,,
prize,2,7.62,1.2103,,,,,
pulling,1,4.36,1.3962,,,,,
disagree,1,3.68,1.2526,,,,,
landing,1,5.82,1.2403,,,,,
order,4,5.22,1.2337,,,,,
defense,12,5.18,1.5345,,,,,
planes,1,5.9,1.6812,,,,,
indicate,1,5.48,0.9528,,,,,
strategic,1,5.9,1.4743,,,,,
videos,7,6.52,1.581,,,,,
competing,2,5.02,1.6597,,,,,
arise,1,6.2,1.1249,,,,,
pulled,2,4.76,1.1528,,,,,
snow,1,6.32,2.1801,,,,,
mail,2,6.36,1.6874,,,,,
concerns,2,4.06,1.5572,,,,,
podcast,1,5.8,1.3401,,,,,
heat,1,4.16,1.8223,,,,,
representatives,1,5.28,1.6665,,,,,
letting,2,5.18,1.3656,,,,,
leave,6,4.52,1.3285,,,,,
scholar,1,6.48,1.1292,,,,,
examine,1,5.16,1.3896,,,,,
traffic,1,3.34,1.6489,,,,,
ministers,7,5.4,1.7728,,,,,
willing,1,6.4,1.0302,,,,,
listen,1,5.94,1.4344,,,,,
stage,1,5.72,1.4434,,,,,
plea,1,4.08,1.2262,,,,,
documents,1,5.02,1.3169,,,,,
architect,2,6.36,1.1386,,,,,
continues,1,5.66,1.2554,,,,,
similar,1,5.96,1.0872,,,,,
accusations,2,3.16,1.5301,,,,,
transition,1,5.3,1.359,,,,,
clean,1,6.9,1.8979,,,,,
stations,1,5.44,0.9071,,,,,
gun,2,2.82,1.4097,,,,,
battles,1,3.78,2.003,,,,,
reduced,1,4.32,1.5836,,,,,
storage,1,5.44,1.0721,,,,,
turned,1,5.24,0.8466,,,,,
main,1,5.4,1.2122,,,,,
abyss,1,4.1,1.7108,,,,,
swept,1,5.06,1.4902,,,,,
assessment,1,5.28,1.3708,,,,,
environment,1,6.22,1.7177,,,,,
so-called,1,4.3,1.2657,,,,,
add,1,5.9,0.9742,,,,,
impose,2,3.9,1.1294,,,,,
partial,1,4.84,1.3593,,,,,
brings,4,5.8,1.1066,,,,,
latin,1,5.38,1.3834,,,,,
experienced,1,6.82,1.1726,,,,,
greatest,1,7.26,1.5228,,,,,
loss,2,2.56,1.5005,,,,,
learning,1,6.92,1.3529,,,,,
increases,1,6.44,1.6056,,,,,
behavior,1,5.5,1.2657,,,,,
halls,1,5.47,1.0821,,,,,
duties,1,4.82,1.6866,,,,,
machines,1,5.68,1.3005,,,,,
michael,1,5.7,1.2164,,,,,
persons,1,6.14,1.2748,,,,,
radiation,1,3.45,2.2827,,,,,
teens,1,5.86,1.552,,,,,
emotional,1,4.42,1.7623,,,,,
physical,4,5.88,1.2229,,,,,
energy,2,7.22,1.2982,,,,,
decline,1,3.08,1.2262,,,,,
average,1,5.1,0.9091,,,,,
crowds,2,4.46,1.8975,,,,,
apartment,1,5.6,1.3248,,,,,
exact,1,6.04,1.2282,,,,,
medical,2,4.72,1.6041,,,,,
waste,1,2.7,1.0546,,,,,
london,2,6.46,1.6315,,,,,
drinking,2,6.14,1.7144,,,,,
threw,1,4.68,1.0583,,,,,
omitted,1,3.92,1.2095,,,,,
headache,1,1.98,1.1156,,,,,
required,1,4.46,1.3734,,,,,
athletes,1,6.24,1.3786,,,,,
arm,1,5.5,1.0152,,,,,
finish,1,6.72,1.4148,,,,,
pays,1,6.54,1.7404,,,,,
alliance,1,6.0,1.6537,,,,,
sponsor,2,6.0,1.4142,,,,,
information,2,6.48,1.0544,,,,,
critic,1,3.36,1.3211,,,,,
returned,2,5.18,1.4384,,,,,
build,2,6.22,1.0746,,,,,
focused,1,6.74,1.1395,,,,,
comes,3,5.58,0.7584,,,,,
citizens,3,6.1,1.5152,,,,,
negotiate,1,6.08,1.2752,,,,,
community,1,6.28,1.3856,,,,,
yale,1,5.54,1.7168,,,,,
identify,1,5.58,1.3566,,,,,
recently,2,5.44,1.1095,,,,,
label,1,5.32,1.019,,,,,
shopping,1,7.1,1.5419,,,,,
fighter,1,4.58,1.6548,,,,,
threatened,1,2.62,1.4693,,,,,
cathedral,1,6.14,1.552,,,,,
expand,1,6.04,1.1421,,,,,
moved,1,5.06,1.2357,,,,,
nearby,1,5.68,1.1856,,,,,
dog,1,6.7,1.8434,,,,,
lee,1,5.3,0.9091,,,,,
employees,2,5.64,1.1205,,,,,
families,3,7.54,1.2811,,,,,
arguments,1,3.04,1.5248,,,,,
purpose,2,6.04,1.1599,,,,,
tone,1,5.44,0.8609,,,,,
hard,2,4.1,1.3887,,,,,
recording,1,5.9,1.1473,,,,,
sharply,1,4.36,1.6383,,,,,
capitol,1,5.36,1.2898,,,,,
executive,1,5.58,1.6671,,,,,
youtube,1,6.92,1.5097,,,,,
advertising,1,5.04,1.5774,,,,,
kind,1,7.24,1.3933,,,,,
readers,1,6.16,1.2349,,,,,
reflect,1,6.28,1.0887,,,,,
politics,1,4.46,1.7637,,,,,
bellwether,1,5.1,1.1112,,,,,
polls,2,5.42,1.2792,,,,,
offered,2,6.14,1.3999,,,,,
shown,1,5.92,1.066,,,,,
pull,1,4.74,1.1747,,,,,
drawn,1,5.66,1.239,,,,,
landmark,1,6.06,1.0184,,,,,
conviction,1,4.1,1.9404,,,,,
grows,1,6.49,1.3559,,,,,
candidate,3,5.34,1.0994,,,,,
treasure,1,7.4,1.7143,,,,,
coast,3,6.44,1.3874,,,,,
launched,3,6.1,1.0351,,,,,
forgotten,1,3.18,1.2728,,,,,
holy,1,6.64,1.7815,,,,,
stood,2,4.94,1.0768,,,,,
shared,1,6.8,1.3401,,,,,
include,3,5.94,1.2022,,,,,
clip,1,5.36,1.2578,,,,,
successfully,1,7.62,1.2599,,,,,
anniversary,1,6.7,1.8434,,,,,
admiral,2,5.89,1.4024,,,,,
additional,1,5.78,1.2501,,,,,
soldier,1,5.12,1.5862,,,,,
contrast,1,4.94,1.4344,,,,,
wagner,9,5.44,0.9723,,,,,
started,1,6.0,1.069,,,,,
receiving,1,6.54,1.2324,,,,,
upper,1,5.82,0.919,,,,,
opportunity,1,7.14,1.7144,,,,,
ruins,1,3.98,1.7617,,,,,
founder,1,5.88,1.1183,,,,,
encouraged,1,6.98,1.237,,,,,
milk,1,6.22,1.9303,,,,,
monkey,1,6.28,1.7148,,,,,
labor,2,4.22,1.6199,,,,,
pro,1,5.88,1.3192,,,,,
lab,1,5.44,1.5407,,,,,
caused,2,4.54,0.9082,,,,,
safe,1,7.04,1.6157,,,,,
jewels,1,7.46,1.6153,,,,,
diamond,1,7.52,1.7171,,,,,
mines,2,4.74,1.5493,,,,,
heavy,3,4.1,1.4178,,,,,
surround,1,5.44,1.402,,,,,
memoir,1,5.96,1.2447,,,,,
waves,1,6.4,1.3997,,,,,
exchanges,1,5.66,1.1886,,,,,
restore,1,6.14,1.1608,,,,,
calm,1,6.36,1.6005,,,,,
benefits,1,7.2,1.0498,,,,,
surrender,1,4.08,1.6762,,,,,
surfaces,1,5.48,1.2162,,,,,
columnist,1,5.56,1.0134,,,,,
smoke,1,3.16,1.9416,,,,,
episode,1,5.76,1.3024,,,,,
gather,4,5.94,1.0768,,,,,
austin,2,5.5,1.0738,,,,,
evan,2,5.6,1.178,,,,,
artillery,2,3.88,1.5361,,,,,
seeing,1,6.38,1.3076,,,,,
judicial,2,4.98,1.2534,,,,,
situation,2,5.0,1.3093,,,,,
crossing,1,5.34,1.3342,,,,,
railway,1,6.16,1.3439,,,,,
earned,1,7.08,1.1753,,,,,
intense,1,5.66,1.5066,,,,,
brain,2,6.52,1.5285,,,,,
works,1,5.5,1.4463,,,,,
encourage,1,6.9,1.6812,,,,,
cracked,2,3.98,1.9295,,,,,
drove,1,5.26,1.1214,,,,,
struggling,2,2.72,1.2129,,,,,
origin,1,5.63,1.1672,,,,,
finding,1,5.8,1.2122,,,,,
play,1,7.26,1.2257,,,,,
injured,6,2.22,1.1119,,,,,
male,1,6.02,1.3626,,,,,
document,2,5.4,1.2289,,,,,
blow,3,4.48,1.7407,,,,,
cuban,1,5.54,1.5147,,,,,
responsible,1,5.8,1.6537,,,,,
erected,1,6.2,1.4846,,,,,
betray,1,2.5,1.632,,,,,
netherlands,1,5.98,1.3323,,,,,
train,1,5.98,1.4913,,,,,
insight,1,6.24,1.5749,,,,,
approach,1,5.94,1.1678,,,,,
daughter,2,7.04,1.8066,,,,,
drew,2,5.66,1.2224,,,,,
stories,1,6.62,1.5894,,,,,
hopes,3,7.0,1.5518,,,,,
care,1,6.64,1.6507,,,,,
services,1,5.86,1.578,,,,,
borders,1,4.96,1.5248,,,,,
straight,1,6.06,1.0577,,,,,
racist,1,2.08,1.3529,,,,,
careful,1,5.1,1.4033,,,,,
fought,3,3.1,1.3887,,,,,
writes,1,6.02,1.3775,,,,,
approve,1,6.66,1.5986,,,,,
tank,1,4.44,1.6056,,,,,
victories,1,7.58,1.7623,,,,,
authority,2,4.74,1.5884,,,,,
open,2,6.1,1.359,,,,,
bloody,2,2.94,1.6953,,,,,
create,1,6.82,1.1008,,,,,
equipment,1,5.86,0.9691,,,,,
issued,1,4.88,1.1364,,,,,
segment,1,5.46,1.4875,,,,,
rage,1,2.56,1.514,,,,,
ward,1,4.84,1.1132,,,,,
graduated,1,7.22,1.2664,,,,,
hosting,1,5.9,1.3887,,,,,
commonwealth,1,6.3,1.3132,,,,,
peaceful,1,7.5,1.0926,,,,,
gold,1,7.56,1.1095,,,,,
rebellion,1,4.29,1.6833,,,,,
affected,3,4.3,1.3887,,,,,
desperate,1,3.12,1.6243,,,,,
denied,1,2.54,1.1988,,,,,
photo,2,6.88,1.3944,,,,,
speculation,1,5.06,1.4765,,,,,
feels,1,5.5,1.7409,,,,,
watch,4,5.7,1.2495,,,,,
trapped,1,3.08,1.5232,,,,,
king,3,6.18,1.5609,,,,,
pursue,1,5.68,1.4769,,,,,
controversy,1,3.68,1.7431,,,,,
jet,1,5.94,1.634,,,,,
effect,1,5.16,1.0947,,,,,
provinces,2,5.8,1.3382,,,,,
fragile,2,3.83,1.3262,,,,,
relationship,1,7.04,1.293,,,,,
involve,1,5.8,1.3382,,,,,
absence,1,3.58,1.0708,,,,,
shortly,1,5.58,1.3107,,,,,
supermarkets,1,6.44,1.445,,,,,
regional,1,5.34,0.8234,,,,,
title,1,5.6,1.088,,,,,
agreed,1,6.98,1.3013,,,,,
updates,1,6.14,1.2124,,,,,
searched,1,5.19,1.299,,,,,
commercial,1,4.6,1.6162,,,,,
sunday,3,7.28,1.9171,,,,,
wednesday,1,5.38,1.3384,,,,,
facilities,1,5.76,1.4507,,,,,
comments,1,5.62,1.0476,,,,,
suggesting,1,5.54,1.1988,,,,,
achieve,1,7.42,1.2304,,,,,
permanent,1,5.68,1.4769,,,,,
important,1,6.32,1.3316,,,,,
chiefs,1,5.92,1.3974,,,,,
react,2,5.16,1.2835,,,,,
pay,1,5.3,2.3234,,,,,
traveler,1,6.56,1.445,,,,,
arrived,1,6.14,1.3999,,,,,
widow,1,2.86,1.8737,,,,,
settlement,1,5.9,1.5017,,,,,
activity,1,6.32,0.9988,,,,,
pulmonary,1,4.72,1.3856,,,,,
command,1,4.54,1.5806,,,,,
vulnerable,2,3.34,1.5066,,,,,
adults,1,6.06,1.3001,,,,,
cooking,1,7.08,1.2911,,,,,
dirty,1,3.2,1.5119,,,,,
thursday,1,5.86,1.1068,,,,,
special,1,7.2,1.1952,,,,,
revolutionary,1,6.24,1.8578,,,,,
destroyed,1,2.04,1.3395,,,,,
resume,1,5.68,1.2848,,,,,
dire,1,3.55,1.9902,,,,,
kate,1,5.48,1.4741,,,,,
privacy,1,5.88,2.1537,,,,,
grounds,2,5.68,1.2362,,,,,
criminal,1,1.98,1.2696,,,,,
mourn,1,2.72,1.8848,,,,,
wife,2,6.62,1.8058,,,,,
dramatic,1,5.26,1.9146,,,,,
requests,1,5.1,1.0546,,,,,
harm,2,2.54,1.4458,,,,,
maureen,1,5.34,0.7982,,,,,
outlets,1,6.06,1.0382,,,,,
cheer,2,7.46,1.6807,,,,,
distant,1,4.02,1.5342,,,,,
explain,1,5.46,1.3433,,,,,
zone,1,5.32,0.9781,,,,,
serve,1,5.46,1.3126,,,,,
locked,1,3.7,1.2657,,,,,
germans,1,5.84,1.7998,,,,,
lean,1,5.53,1.4304,,,,,
suspected,1,3.52,1.1648,,,,,
troubles,1,3.42,2.1485,,,,,
recognition,8,6.54,1.1817,,,,,
carries,1,5.46,1.2324,,,,,
significance,1,6.08,1.2721,,,,,
ways,3,5.3,1.165,,,,,
secure,1,6.92,1.2911,,,,,
affect,1,4.92,1.4405,,,,,
different,1,5.38,1.2436,,,,,
narrative,1,6.16,1.241,,,,,
invitation,1,6.98,1.3323,,,,,
scope,1,5.71,1.4136,,,,,
signals,1,5.42,1.1445,,,,,
sooner,1,6.24,1.3933,,,,,
depend,2,5.24,1.3933,,,,,
path,1,5.82,1.1551,,,,,
worries,1,2.6,1.3248,,,,,
pushing,1,4.14,1.325,,,,,
victor,1,6.18,1.7225,,,,,
fields,1,5.92,1.2428,,,,,
touches,1,6.38,1.2599,,,,,
winner,1,7.78,1.6938,,,,,
boats,1,6.45,1.2427,,,,,
walking,1,6.18,1.5609,,,,,
brothers,1,6.98,1.4497,,,,,
oldest,1,4.68,1.6468,,,,,
closer,1,5.82,1.1008,,,,,
charlie,1,5.62,1.276,,,,,
kirk,1,5.24,1.4507,,,,,
jerusalem,1,5.12,1.7916,,,,,
repeats,1,5.2,1.1899,,,,,
wire,1,5.12,0.8722,,,,,
toronto,1,5.82,1.7577,,,,,
inspired,1,7.36,1.1021,,,,,
orleans,1,5.34,1.2554,,,,,
pole,1,5.5,1.1995,,,,,
extension,1,5.52,1.1822,,,,,
bear,1,5.86,1.8518,,,,,
fresh,1,7.26,1.3219,,,,,
races,1,5.72,1.3099,,,,,
supplies,1,6.04,1.3991,,,,,
ruined,1,2.54,1.6189,,,,,
mercedes,1,6.51,1.9485,,,,,
profit,1,7.66,1.239,,,,,
forecast,1,5.92,1.122,,,,,
photos,1,6.94,1.1678,,,,,
faced,1,5.24,1.2382,,,,,
cover,1,5.32,1.2688,,,,,
pulls,1,5.46,1.1466,,,,,
needles,1,4.04,1.9891,,,,,
real,1,6.78,1.2002,,,,,
wind,1,5.8,1.6036,,,,,
increased,1,6.38,1.4693,,,,,
fit,1,6.22,1.5158,,,,,
flipped,1,4.82,1.3354,,,,,
rail,1,5.3,1.1112,,,,,
shadow,1,4.92,1.4405,,,,,
reminder,1,5.54,1.3433,,,,,
inspire,1,7.12,1.4797,,,,,
sydney,1,5.68,1.463,,,,,
pose,1,5.72,1.1924,,,,,
leo,1,5.86,1.4848,,,,,
rolls,1,5.56,1.3118,,,,,
dream,1,7.1,1.9614,,,,,
county,1,5.3,1.0546,,,,,
starting,1,6.5,1.0546,,,,,
remote,1,5.48,1.729,,,,,
attended,1,5.54,1.1104,,,,,
castle,1,6.34,1.7096,,,,,
features,1,5.96,1.2115,,,,,
menu,2,6.2,1.2936,,,,,
ghost,1,3.64,2.0777,,,,,
jeffrey,1,5.46,1.0539,,,,,
hangs,1,3.76,1.6774,,,,,
prepare,1,5.66,1.4792,,,,,
try,1,6.02,0.9366,,,,,
quiz,1,5.3,1.488,,,,,
agenda,1,4.94,1.0184,,,,,
scenes,1,5.9,1.2164,,,,,
ashes,1,4.47,1.959,,,,,
joining,1,6.2,1.1066,,,,,
faded,1,4.34,1.3188,,,,,
tourist,1,6.18,1.4241,,,,,
iii,1,4.96,1.0683,,,,,
september,1,6.34,1.4086,,,,,
kiss,1,7.64,1.7585,,,,,
carriage,1,6.02,1.2289,,,,,
lunch,1,7.42,1.0897,,,,,
sweep,1,5.16,1.4194,,,,,
working,1,5.56,1.7631,,,,,
stick,1,5.08,0.9864,,,,,
joint,1,5.18,1.6374,,,,,
serbian,1,4.7,1.3286,,,,,
tune,1,6.18,1.4241,,,,,
