word,count,happs_score,stddev
iran,18,4.3,1.632
claims,194,4.72,1.4434
arrests,2,2.72,1.5913
killing,5,1.7,1.359
nuclear,22,3.28,1.7847
scientist,4,6.18,1.2887
rights,9,6.48,1.555
best,1,7.18,1.6866
regulators,1,4.88,1.5205
officials,42,4.76,1.3637
beg,1,3.08,1.336
china,28,5.4,1.7023
laying,1,5.14,1.0104
claim,94,5.18,1.4941
south,26,6.16,1.6081
think,1,6.2,1.2936
victory,16,7.98,1.0784
conflict,4,3.1,1.5286
capital,7,5.92,1.2428
role,5,5.68,0.8908
strictly,2,4.35,1.7625
despite,13,4.48,1.3438
unemployment,10,2.12,1.0029
jumped,1,5.56,1.3426
week,3,5.08,1.4546
virus,29,2.08,1.3377
cases,40,4.82,0.919
new,116,6.82,1.1373
state,403,5.28,0.9697
insurance,2,5.24,1.9646
filed,5,4.84,1.1314
bbc,4,5.98,1.2534
orders,8,4.24,1.4786
inquiry,3,4.66,1.3793
diana,2,5.76,1.3933
interview,2,5.06,1.2843
princess,1,7.08,1.5758
capture,3,4.18,1.6986
key,9,5.82,1.0631
town,6,5.88,1.5338
fell,2,3.22,1.4748
prisoners,6,2.44,1.4591
escape,1,5.64,2.0777
jail,1,1.76,1.0214
attack,26,2.42,1.4299
claimed,15,5.4,1.178
nearly,10,5.26,1.2423
people,10,6.16,1.5826
takes,4,5.04,1.1421
issue,1,4.48,1.4032
trump,36,5.3,1.7053
unable,1,3.1,0.8391
spread,7,5.48,1.1292
twitter,1,5.46,1.9082
post,2,5.48,1.0925
remain,6,5.52,1.1471
little,2,4.6,1.3401
relief,3,6.86,1.6037
far,3,4.38,1.817
experts,6,6.28,1.4434
leader,19,6.38,1.3384
crush,1,5.12,1.7454
protests,10,4.24,1.6358
election,12,5.18,1.3506
win,4,8.12,1.0812
says,112,5.28,1.1959
sea,4,6.94,1.2843
illegal,5,2.86,1.3704
tells,3,5.32,1.2688
governors,3,4.76,1.546
repeat,1,5.14,1.2456
world,11,6.52,1.6567
war,44,1.8,1.4142
witnesses,1,4.78,1.4609
americans,8,6.5,1.6933
captured,2,3.22,1.6073
failed,5,1.84,0.9971
invasion,4,3.42,2.0212
stopped,1,3.86,1.2291
armed,2,3.84,1.8556
afghanistan,4,3.56,1.7861
investigating,6,4.84,1.1669
killed,39,1.56,1.2316
iranian,13,4.22,1.148
guards,1,4.3,1.7173
north,16,5.52,1.2162
korea,18,5.34,1.3793
fishing,1,6.18,1.826
riches,1,7.39,1.6685
named,2,5.58,0.8593
opponent,2,3.9,1.5419
deal,4,6.32,1.0774
security,20,6.1,1.632
forces,18,4.18,1.5868
directed,1,5.46,1.073
florida,5,6.7,1.6568
naval,2,5.48,1.2493
base,4,5.08,1.0467
shooting,5,2.52,1.7407
protesters,6,3.8,1.6903
israel,44,4.78,1.7296
sovereignty,2,5.88,1.7516
west,8,5.68,1.3468
bank,5,5.92,1.6268
bomb,4,1.96,1.2771
blast,5,4.22,2.1217
kills,12,1.78,1.2337
pakistan,6,3.94,1.1502
used,6,4.6,1.4846
control,12,5.38,1.4831
national,8,5.98,1.1516
grip,2,5.47,1.7091
power,12,6.68,1.4907
long,5,4.74,1.6637
avoided,1,3.98,1.5185
discussing,11,5.76,1.7209
mental,2,4.8,1.8183
changed,1,5.06,1.0956
advisory,1,4.8,1.1952
group,9,5.92,1.2095
discussed,13,5.56,1.4591
leaders,18,5.88,1.3192
meet,12,6.38,1.2599
discuss,73,5.96,1.2282
rescue,1,6.62,1.6646
ahead,4,6.08,1.3679
pilots,3,5.8,1.4286
say,17,5.54,0.9941
race,4,5.76,1.4365
abroad,3,6.96,1.2282
economic,4,5.36,1.6874
italy,6,6.18,1.4665
stocks,1,5.36,1.2898
oil,10,4.88,1.6368
prices,3,4.38,1.6022
white,6,6.28,1.5391
house,6,6.34,1.6239
middle,2,5.34,0.7174
east,6,5.82,1.2887
peace,4,7.86,1.3403
plan,5,6.14,1.2779
troops,13,5.16,2.0639
request,1,5.34,1.2224
chinese,19,5.64,1.4813
citizen,5,5.92,1.3827
journalist,10,5.54,1.3584
sentenced,3,3.7,1.6568
years,3,5.28,1.4714
reporting,27,5.12,1.1718
france,16,6.32,1.3768
japan,10,6.0,1.3093
report,236,4.76,1.3334
prompted,1,5.54,1.0343
doctor,2,5.34,1.6239
boston,1,5.76,1.4923
reported,66,5.12,1.2558
suffering,1,2.22,1.7058
severe,4,3.16,1.7186
police,16,4.58,1.8526
officers,2,4.98,1.672
domestic,1,5.46,1.6563
abuse,14,1.88,1.2395
number,4,5.3,0.9313
journalists,3,5.2,1.5119
single,2,5.12,1.5205
enters,1,6.1,1.2817
russian,79,5.52,1.7052
near,11,5.72,1.6041
surrounds,1,5.72,1.3856
college,3,6.94,1.4201
australia,8,6.4,1.5908
december,1,6.34,1.8473
official,16,5.38,1.028
ordered,3,4.96,1.428
destroy,2,2.52,1.8097
email,1,6.88,1.3192
showing,2,5.84,0.8418
global,7,6.0,1.4846
economy,3,4.38,1.6646
suffer,1,2.08,1.3827
access,5,5.88,1.2558
nato,11,4.92,1.7004
needs,3,4.98,1.5185
quickly,3,5.82,1.4525
stay,3,5.56,1.1634
relevant,1,6.49,1.0433
infections,8,2.59,1.914
shoot,4,3.46,1.6686
past,5,4.62,1.6022
thanksgiving,2,7.4,1.4142
holiday,2,7.68,1.3005
reports,149,5.0,1.5119
biggest,3,6.0,1.3248
jump,3,5.48,1.7407
maker,3,5.82,1.0437
positive,3,7.8,1.2454
results,6,5.9,1.374
based,2,5.26,0.7508
israeli,39,4.82,1.746
met,7,5.82,0.919
saudi,2,4.58,1.4299
crown,3,6.62,1.4693
deny,2,3.44,1.3874
progress,8,7.26,1.1572
children,16,7.12,1.3498
miss,1,3.64,1.6258
million,10,7.38,1.427
cast,3,5.4,1.3702
john,3,5.08,1.1578
paul,2,5.44,1.2149
light,2,6.4,1.5119
fear,1,2.32,1.3005
montreal,1,5.82,1.2567
threat,3,2.36,1.3056
powerful,2,7.08,1.5365
aide,3,5.56,1.4165
places,3,6.14,1.1608
blame,2,2.82,1.5345
record,7,5.78,1.4039
areas,5,5.34,1.0224
staten,1,5.16,1.2513
island,3,6.78,1.5425
concerning,1,4.24,1.6898
rise,10,6.36,1.5618
mayor,3,5.26,1.3063
british,12,5.66,1.6977
media,64,5.62,1.8058
prince,6,6.44,1.3426
william,1,5.46,1.0539
time,11,5.74,1.209
shows,6,6.08,1.0467
case,14,5.02,1.3013
saddam,1,2.48,1.568
hussein,1,3.62,1.8724
dead,14,2.0,1.3248
school,7,6.26,1.8824
retreat,3,5.18,1.9659
wisconsin,3,5.56,1.4165
summer,2,6.4,2.3905
tested,3,5.16,1.1132
service,4,6.0,1.1606
cuts,2,3.64,1.3962
cost,5,4.1,1.4033
york,21,5.62,1.1761
metropolitan,1,6.3,1.6812
area,4,5.44,0.8843
jobs,1,6.32,1.7431
administration,2,4.84,1.5696
ending,2,4.02,1.4213
numbers,3,6.04,1.1421
daily,10,5.4,1.0302
including,1,5.96,0.9026
ohio,3,5.22,1.4184
percent,5,5.34,0.9172
total,1,5.78,0.9538
start,2,6.1,1.5419
dozen,1,5.46,1.1104
stimulus,3,5.68,1.8232
early,7,5.66,1.239
success,2,7.86,1.6414
controlling,1,4.42,2.0513
convicted,4,3.2,1.7728
poison,1,1.94,1.1502
reach,2,5.74,1.3969
violations,2,2.86,1.4287
file,1,5.22,1.2664
paso,1,4.98,1.1865
timeline,1,5.54,1.1287
statements,1,5.46,0.9733
reveals,4,5.96,1.4702
infection,1,2.84,1.6458
doctors,3,5.54,1.6563
health,14,7.22,1.2501
government,13,4.64,1.6383
tried,2,5.48,1.6443
influence,2,5.64,1.2415
protest,9,3.56,1.4591
amid,33,5.08,1.14
cut,2,3.42,1.295
california,6,6.08,1.5097
museum,2,6.68,1.463
human,5,6.26,1.6389
lawmakers,5,4.7,1.4604
told,1,5.08,1.3827
brazil,5,6.1,1.359
help,4,6.08,1.4686
interference,3,4.71,1.7321
britain,5,5.78,1.8767
protected,1,6.6,1.178
democracy,1,6.36,1.7233
developers,1,5.46,1.7168
promising,2,6.64,1.1205
initial,2,5.42,1.0515
second,9,5.38,1.1933
program,3,5.68,1.2196
bishops,1,4.92,1.9466
sex,6,7.44,1.6801
require,3,4.44,1.3118
bodies,2,4.68,1.6218
horses,1,6.84,1.4758
field,2,5.88,1.1891
refugees,1,3.06,1.6587
worldwide,2,6.56,1.2643
common,2,4.92,1.2591
drug,9,3.2,2.0702
scientists,3,6.34,1.4654
beijing,4,5.24,1.685
shot,2,2.5,1.6568
aid,10,6.24,1.3637
plane,7,6.3,1.632
cardinal,2,5.54,1.6062
george,1,5.26,1.0654
knew,1,5.94,1.3001
clergy,2,5.29,1.8819
australian,10,6.26,1.2257
finds,21,5.94,1.2521
appearance,2,5.8,1.4846
diplomat,2,5.28,1.4852
waters,1,6.32,1.1507
press,1,5.36,1.2249
freedom,2,7.9,1.4178
kim,2,5.22,1.5817
saying,3,5.6,0.8571
happiness,1,8.44,0.9723
signs,3,5.54,0.8621
zero,2,3.44,1.6433
local,7,5.46,1.3584
action,3,5.98,1.4213
max,1,5.7,1.233
crash,6,2.6,1.3702
boeing,2,5.24,1.3637
death,23,1.54,1.2811
confusion,1,3.32,1.3619
reign,1,5.06,1.5308
oregon,5,6.0,1.178
announce,1,5.68,0.8676
unity,2,6.92,1.7478
crimes,5,2.14,1.3704
deaths,11,1.64,1.1386
cruise,2,6.7,1.9614
ship,5,5.96,1.2282
passengers,1,5.72,1.0506
return,5,5.2,1.4708
scene,1,5.94,1.3311
sets,3,5.08,1.3377
rules,4,4.28,1.2296
indonesia,1,5.08,1.7478
teen,3,5.92,1.9361
hundreds,8,5.96,1.6655
times,10,5.58,1.1968
hong,4,4.86,0.9691
kong,4,5.44,1.1808
outside,3,5.8,1.6782
deadly,19,2.9,1.8171
mystery,1,5.64,1.849
cities,5,5.58,1.4995
allies,4,6.5,1.2495
marie,1,5.58,1.0319
indian,9,6.26,1.7706
ruled,1,4.92,1.4961
party,4,7.58,1.4581
islamic,27,4.66,1.5201
schools,1,5.98,1.4356
drive,1,6.08,1.5232
reaches,3,5.96,1.3696
sue,3,4.3,2.1595
federal,4,4.94,1.0768
court,9,3.78,1.799
handling,4,5.28,1.0887
test,5,4.06,1.4057
rate,4,5.34,1.2224
highest,3,6.8,1.7613
point,2,5.42,0.9055
central,3,5.6,0.8806
southern,5,5.64,1.6258
low,2,3.66,1.1178
hospital,7,3.5,1.6194
evidence,7,5.64,1.2578
russians,8,5.2,1.3851
just,8,5.76,1.6233
sigh,1,4.16,1.8223
law,2,4.9,1.5551
enforcement,2,4.1,1.4178
battle,9,2.98,1.7319
minnesota,2,5.24,1.5328
republican,2,4.42,1.9176
penn,1,5.42,1.295
delay,3,3.38,1.3231
spring,1,7.16,1.4337
classes,1,5.84,1.3303
urge,2,5.18,1.3045
keeping,1,6.1,1.1112
students,7,6.28,1.8299
understand,1,6.56,1.7043
look,3,5.54,1.1287
cuomo,7,5.16,0.7918
worry,1,2.82,1.7106
reached,2,6.08,1.2591
monday,2,4.3,1.8871
moment,1,5.68,1.1147
questioned,1,4.24,1.2707
football,2,6.34,2.0062
game,4,6.92,1.6015
gets,4,5.84,1.2993
canceled,1,3.24,1.5722
nursing,8,6.12,1.4658
homes,3,6.62,1.2436
appear,4,5.84,0.8172
linked,2,5.46,1.4028
washington,7,6.04,1.2115
seven,2,5.66,1.2554
restaurants,2,6.62,1.783
governor,13,5.14,1.1608
invite,1,6.64,1.4251
guests,1,6.14,1.3852
revenue,2,6.72,1.5258
losses,2,2.46,1.4458
governments,2,4.62,1.701
fight,7,2.7,1.7409
potentially,1,5.96,1.5113
big,6,6.22,1.5022
days,3,5.76,1.2382
gathering,1,6.48,1.2329
missing,9,2.98,1.3775
plans,8,6.2,1.0102
money,4,7.3,1.8434
village,3,6.28,1.1256
attacks,15,2.46,1.4598
maryland,1,5.84,1.6704
activities,2,6.46,1.2157
players,1,5.96,1.6157
crucial,1,4.52,1.5418
restrictions,6,3.32,0.957
department,32,5.26,1.1031
european,9,5.94,1.1678
arkansas,2,5.4,1.2289
legislature,1,4.7,1.5286
surgeon,1,5.34,1.6239
wave,3,6.34,1.1537
remove,2,3.7,1.1995
list,1,5.46,0.8621
terrorist,4,1.3,0.9091
states,3,5.64,1.2578
charges,2,3.94,1.5308
rally,3,5.7,1.2495
supporters,1,6.2,1.5779
worst,2,2.1,1.3439
funds,3,6.12,1.8254
alaska,2,5.64,1.6258
hit,7,4.58,1.808
emergency,34,3.06,1.7775
dies,5,2.08,1.5628
urged,2,4.54,1.2969
jews,2,5.62,1.5372
palestinians,5,4.5,1.1995
calls,12,5.42,1.0319
lift,3,5.78,1.0359
bars,4,5.68,1.5836
rises,2,6.24,1.2545
warn,3,4.27,1.7173
queen,3,6.24,1.7907
head,7,5.96,1.0683
follow,2,5.66,1.1713
child,3,7.24,1.5592
gulf,1,5.4,1.7143
turkey,7,6.16,1.8111
announces,2,5.56,0.9723
arrest,4,2.42,1.4859
major,8,5.76,1.4223
host,2,6.06,1.3614
parliament,5,4.98,1.2856
extending,2,6.1,1.2588
army,6,4.48,2.0126
center,3,5.3,0.9949
violent,2,2.06,1.3463
opens,1,5.92,1.2752
door,1,5.38,1.2103
explosion,3,2.94,1.596
sweden,2,6.28,1.5124
tries,5,5.58,1.2631
supreme,4,6.64,1.3365
suspended,2,3.08,1.2591
ties,7,5.24,1.4507
russia,87,5.5,1.374
weeks,3,5.06,1.0768
rumors,1,4.08,1.9455
having,1,5.78,1.016
drinks,1,6.74,1.4259
bar,1,5.82,1.8035
secret,4,4.84,1.6081
company,4,5.44,1.58
sudden,1,4.3,1.3132
sells,2,5.62,1.3231
assets,1,6.66,1.6239
senate,1,4.7,1.4178
democrats,2,5.5,1.9923
block,1,4.02,1.4213
package,1,6.22,1.4748
germany,14,5.94,1.5703
clubs,1,6.34,1.4654
modern,1,6.48,1.1822
johnson,11,5.4,1.3702
launches,1,6.14,1.125
crisis,5,2.48,1.6689
tiny,2,4.9,1.374
newest,2,6.5,1.5551
inside,4,5.4,0.7284
communist,2,4.32,1.7431
fires,1,4.26,1.7357
traveling,1,6.78,1.6695
travel,6,7.18,1.4241
harry,6,5.24,1.2545
royal,6,5.82,1.6374
titles,1,5.56,1.2643
tennis,1,6.4,1.4142
player,2,5.94,1.6214
sexual,12,6.2,1.4569
raising,2,6.26,1.2257
questions,7,5.0,1.0498
stuck,1,3.66,1.1178
old,2,3.98,1.7553
cycle,1,5.62,1.4412
mining,1,4.84,1.5434
cloud,1,5.62,1.8504
corruption,2,2.14,1.3095
parties,12,7.42,1.4441
awaits,1,5.49,1.4012
debate,4,4.94,1.5174
policy,2,4.74,1.4401
billion,2,7.56,1.6679
fund,1,6.04,1.1241
workers,10,5.78,1.183
running,2,5.7,1.5017
industry,1,5.38,1.3076
climate,4,5.8,1.4286
social,2,6.22,1.0359
false,13,3.18,1.3506
probably,2,5.64,1.2415
resistance,1,4.38,1.6274
paid,2,7.14,1.7144
president,17,5.86,2.1094
public,3,5.18,1.3656
dispute,1,3.54,1.7286
responsibility,10,5.72,1.6542
lawsuit,3,2.96,1.6157
freeze,1,4.08,1.8609
critics,2,3.8,1.6782
diversity,1,5.82,1.7401
dreams,1,7.44,1.4165
got,3,5.6,1.4569
haiti,7,4.06,2.2077
broken,4,3.02,1.4068
does,8,5.22,1.2501
fix,1,6.28,1.5258
arrested,4,1.64,1.0053
judge,6,4.92,1.6015
agents,2,5.0,1.2936
political,4,4.12,1.5205
rival,2,3.68,1.5043
offers,5,6.48,1.555
support,8,6.44,1.4309
lives,6,6.22,1.148
inmates,2,3.48,2.0227
fraud,5,2.3,1.1824
result,2,6.0,1.1606
right,3,6.54,1.2651
mission,2,5.68,1.3468
assault,3,2.56,1.6557
taiwan,2,5.36,1.2739
kept,2,5.74,1.1031
buying,2,6.4,1.2936
german,10,5.34,1.394
called,3,5.6,1.1066
relative,1,6.58,1.2631
organized,1,6.62,1.2436
crime,3,2.2,1.2617
boss,1,4.18,1.5868
rock,1,6.14,1.2938
africa,7,5.26,2.0782
country,6,6.28,1.7148
develop,1,6.26,1.0461
shots,3,3.32,2.0146
catholic,2,5.3,1.8323
church,3,5.48,1.8543
latest,8,6.06,1.3614
effort,3,5.86,1.6289
san,1,5.02,0.5887
bag,1,5.64,1.0645
cash,1,7.42,1.6671
rape,6,1.44,0.7866
attorney,2,4.12,1.3037
general,7,5.32,1.1328
familiar,1,6.44,1.2643
came,4,5.42,1.4155
protect,1,6.8,1.4142
proved,1,6.26,1.9358
continuing,1,5.76,1.2216
killings,3,1.8,1.5386
future,4,6.76,1.4223
prison,5,2.06,1.4765
life,2,7.32,1.6956
chaos,1,3.46,1.7867
airport,2,5.88,1.8477
virtually,1,5.6,1.0498
tuesday,1,4.98,1.0593
jane,1,5.5,0.9742
wants,2,5.38,1.3231
fans,1,7.02,1.2534
expected,2,5.74,1.1214
today,2,6.22,1.4469
news,11,5.6,1.5518
financial,3,5.42,1.7853
strain,2,3.73,1.8071
pope,7,5.6,1.5649
lady,2,6.6,1.4569
gentleman,1,6.96,1.7254
nurses,1,6.1,1.9175
french,6,5.96,1.5381
university,3,6.74,1.3822
director,3,5.8,1.4846
india,14,6.42,1.9804
rebels,3,4.24,1.5059
executed,1,3.94,2.2023
dozens,11,5.7,1.2817
suggest,4,5.52,1.2329
fast,4,6.44,1.2316
moving,1,5.36,1.495
visiting,3,6.6,1.2122
known,2,5.8,1.3851
military,31,4.78,1.753
truck,1,5.48,1.555
spreading,1,5.96,1.3064
twice,1,5.6,1.1429
delta,2,5.36,1.0451
correspondent,1,5.3,1.165
held,6,5.28,1.2784
violence,13,1.86,1.05
women,5,7.12,1.4658
largest,6,6.34,1.3793
kill,6,1.56,1.0529
recent,3,5.56,1.1095
seek,2,5.72,1.1613
compensation,1,6.52,1.6932
puts,4,5.1,0.6468
spotlight,2,6.35,1.3401
opened,1,6.0,1.2289
response,3,5.68,1.2688
thousands,7,6.14,1.0692
parliamentary,1,5.24,1.5851
saved,2,6.88,1.507
older,1,4.74,1.7821
disabled,1,2.82,1.1899
abused,3,1.83,1.3101
estimates,1,5.32,1.1147
islands,1,6.58,1.9493
lowest,1,3.3,1.165
counts,2,5.3,1.1473
starts,2,5.96,1.1945
province,2,5.38,1.4831
missile,9,3.24,1.8905
arms,6,5.38,0.9875
likely,5,6.44,1.2149
die,1,1.74,1.192
said,6,5.38,0.901
immediate,3,5.6,1.666
damage,3,2.58,1.4995
gains,7,6.82,1.4803
pushed,2,4.1,1.4743
gate,1,5.18,1.1008
roller,1,5.48,1.2656
riders,1,5.62,1.4236
bones,1,5.18,1.7343
chief,7,6.18,1.1551
monitoring,1,5.06,1.2521
tokyo,3,5.76,1.5328
olympic,3,6.28,1.5654
searching,1,5.04,1.3395
worked,2,5.44,1.58
intelligence,11,7.3,1.1995
warned,2,3.52,1.313
collapse,2,2.9,1.4463
begins,2,5.94,1.1502
august,1,5.98,1.4356
singapore,2,5.98,1.7899
count,2,5.5,1.0546
wide,1,5.46,1.328
bird,1,6.64,1.5487
flu,1,2.4,1.1249
egypt,4,6.26,1.1572
july,1,5.98,1.6962
disease,2,2.0,1.3093
hunger,3,3.37,1.9968
strike,14,3.96,1.3547
points,4,6.04,1.4702
root,1,5.8,1.2617
months,2,5.16,0.8657
study,5,6.12,1.6243
cuba,1,4.98,1.4497
high,6,6.64,1.2081
longer,3,5.18,1.1726
june,2,6.32,1.3915
mass,3,5.44,1.1095
grave,2,2.56,1.8534
canada,7,5.98,1.5318
men,1,5.94,1.3911
plead,1,3.67,1.4052
guilty,1,2.64,1.5877
publishing,1,5.92,1.1753
banned,5,2.88,1.2879
entering,1,5.78,1.016
destined,1,5.96,1.4563
enabled,1,6.39,1.3817
panel,1,5.54,1.2811
criticism,5,3.1,1.1473
nationwide,1,5.84,1.2513
stretch,1,5.66,1.5066
remains,5,4.42,1.4441
effective,2,6.76,1.2867
advisers,1,5.48,1.3738
attempts,1,5.54,1.1988
alter,1,5.32,1.2526
scientific,1,6.44,1.5274
emails,1,6.54,1.1817
april,1,6.36,1.5221
dinner,4,7.4,1.1429
elite,1,5.64,2.1308
received,3,6.34,1.1537
draws,4,6.18,1.32
swift,1,5.94,1.2683
shift,2,5.26,1.0461
attention,1,5.8,1.4846
know,10,6.1,1.3887
conditions,4,4.78,1.4748
concerned,1,4.22,1.6573
canadian,6,5.84,1.8556
dominant,1,5.19,1.9963
critical,1,3.22,1.4748
illness,1,2.0,1.178
rates,2,4.84,1.1493
lower,2,4.24,1.0797
affecting,1,5.31,1.3261
young,1,6.82,1.2403
ireland,3,5.98,1.3626
use,7,5.64,1.1563
citing,2,4.72,1.4434
blood,1,3.82,1.7922
strong,1,7.06,1.5174
trial,4,3.96,1.6898
ones,1,5.16,0.8172
makers,1,5.76,1.0012
laws,4,5.08,1.4546
worse,1,2.7,1.4178
effects,2,5.5,1.4743
aides,2,5.92,1.3827
home,8,7.14,1.8296
hide,1,4.36,1.4107
size,1,5.04,0.9681
experience,1,6.34,1.2056
march,2,5.78,1.2824
leads,1,6.06,1.0956
ethnic,2,5.84,1.3303
minister,8,5.18,1.4097
forced,4,3.16,1.2675
violated,3,2.62,1.3834
quite,1,5.32,1.7076
countries,2,5.68,0.9781
using,2,5.0,1.0498
according,5,5.1,0.9949
hope,3,7.38,1.3076
february,1,5.08,2.1077
indicates,1,5.32,1.0774
large,1,6.06,1.2683
portion,1,5.48,1.5151
staff,3,5.36,0.8751
refuse,1,3.46,0.9304
emerged,1,5.68,0.9355
michigan,1,5.32,1.2848
advised,1,5.34,1.6977
vietnam,2,4.42,1.9804
korean,1,5.48,1.4741
teacher,1,6.36,1.5354
accused,2,2.92,1.5497
rare,6,6.02,1.7201
reactions,1,5.44,0.9655
testing,3,4.9,1.4033
break,3,5.04,1.8178
aims,2,6.27,1.2209
colony,1,5.56,1.6099
issues,4,3.9,1.374
describing,1,5.62,1.3231
active,1,6.82,1.7692
strict,1,4.13,1.7646
measures,3,5.04,1.2447
faster,1,6.38,1.3536
gives,1,6.5,1.2817
glimpse,1,5.98,1.1701
mother,1,7.68,1.6714
baby,2,7.28,1.8521
deborah,1,5.18,1.4384
task,1,4.92,1.3377
january,1,5.7,1.9086
civilians,8,5.64,1.1386
cincinnati,1,5.48,1.4741
senator,2,4.58,1.4299
died,4,1.56,1.198
opponents,2,3.48,1.0925
plot,4,5.26,1.3822
refused,2,3.38,1.4553
sick,1,2.02,1.0784
woman,3,6.84,1.6458
joined,2,6.3,1.0926
secretary,8,5.42,1.3107
asia,1,6.22,1.9513
trip,5,7.0,1.5518
short,1,4.46,1.1466
tests,3,4.28,1.6787
columbia,2,5.44,1.473
spaces,1,5.62,1.0237
ask,2,5.2,1.8736
proof,1,5.96,1.0683
spy,2,4.24,1.7677
tool,1,5.26,1.5361
legislators,1,4.2,1.8844
rule,1,4.52,1.5285
cold,2,4.22,1.7761
desperation,1,2.7,1.9086
hold,1,5.7,1.2164
mask,12,4.86,1.2456
place,1,5.56,1.198
petition,1,4.8,1.5778
declare,2,5.57,1.3472
sharing,1,7.06,1.2843
border,6,4.9,1.488
advance,2,6.58,1.3262
rush,3,4.12,1.3649
pass,1,5.9,1.4321
bills,1,2.82,1.6374
ends,2,3.78,1.4886
needed,1,5.46,1.4875
grow,1,6.68,1.2196
set,6,5.58,1.1968
elizabeth,2,6.14,1.7263
fully,1,6.18,1.2237
visitors,1,6.32,1.6956
hospitals,4,3.54,1.5677
capacity,1,5.5,1.4178
iraq,2,3.9,1.6568
leading,2,6.64,1.5086
figure,1,5.5,1.1473
victoria,3,5.88,1.2395
allow,1,6.0,1.4708
stranded,1,3.73,1.8905
residents,3,5.66,1.2715
family,3,7.72,1.3099
employee,2,5.74,1.192
car,3,6.72,2.1
accident,1,2.32,1.5178
plays,3,6.72,1.5784
taking,1,5.32,1.3005
patients,2,3.66,1.4086
grants,1,6.7,1.2495
end,4,4.36,1.7351
kentucky,2,5.8,1.2778
texas,4,5.54,1.2324
ban,3,2.66,1.3188
goes,6,5.26,1.1214
blocks,2,4.54,1.4172
fled,3,3.98,1.1692
voting,2,6.02,1.3775
make,2,6.0,0.9897
unite,1,6.64,1.1911
broadcasting,1,5.68,1.3161
headquarters,1,5.4,1.0102
olympics,1,7.02,1.3476
series,2,5.46,0.9304
run,1,5.48,1.432
carolina,2,5.44,1.514
vermont,1,5.58,1.295
partially,1,5.24,1.3024
eligible,1,6.66,1.2715
toll,2,4.06,1.0956
showed,1,5.74,1.0063
huge,3,6.14,1.7025
international,3,6.56,1.2643
racial,1,4.0,1.7261
conservatives,2,4.08,1.9984
vote,7,5.8,1.5779
extends,1,5.56,1.0134
month,1,5.18,1.3354
follows,1,5.06,1.6088
europe,2,6.4,1.7613
sees,5,5.76,1.4078
course,1,5.42,1.3716
games,2,7.32,1.2196
committee,1,5.12,1.2395
mean,3,3.68,1.9213
criticized,2,3.02,1.5713
video,5,6.48,1.111
asked,2,5.36,1.2739
ron,1,5.0,0.7284
pardon,1,5.8,1.6288
city,10,5.76,1.546
universities,1,6.56,1.6801
spain,2,6.2,1.6903
ended,3,3.84,1.4479
streets,1,5.64,1.2415
voluntary,1,6.37,1.2365
departure,1,4.76,1.5194
personnel,1,5.38,1.1045
counties,1,5.22,1.016
level,1,5.6,0.9897
airlines,1,5.6,1.5908
flights,2,5.98,1.8897
continue,2,5.76,1.0214
faces,5,6.2,1.4569
resources,1,6.46,1.1466
investigation,3,4.02,1.4776
origins,1,5.4,1.5122
hawaii,2,7.02,1.6841
aim,1,5.86,1.1068
powers,2,6.66,1.3188
foes,1,3.43,1.3229
live,2,6.84,1.5167
work,2,5.24,2.105
tricky,1,4.46,1.5806
getting,1,5.68,1.1856
shop,1,6.76,1.0412
owner,1,6.1,1.5419
includes,1,5.88,1.5205
mexico,4,5.84,1.7186
sector,1,4.9,1.233
favor,1,6.0,2.0603
parents,2,7.36,1.5086
burn,1,2.92,1.3377
demonstration,1,5.88,1.2185
steps,4,5.38,1.1229
analysis,1,5.8,1.4286
did,1,5.58,1.1265
year,1,5.38,1.3536
economists,1,4.92,1.4824
memphis,1,5.42,1.5661
wasted,1,2.78,1.1657
lost,4,2.76,1.3933
montana,1,5.44,1.2803
improving,1,6.96,0.8797
goal,1,7.02,1.2204
limited,2,4.22,1.1657
seeking,2,5.6,1.1429
cross,2,4.68,1.7076
quit,1,3.9,1.4604
looking,1,5.94,0.9775
bringing,3,6.04,1.1421
dining,1,6.48,1.7524
soon,1,6.34,0.8947
groups,2,5.66,1.3032
legal,1,5.18,1.746
notice,1,5.16,1.5032
warning,3,3.34,1.423
driving,2,6.18,1.6499
demanding,1,3.7,1.6194
facing,1,5.26,1.1031
possible,5,6.24,1.598
declined,1,3.16,1.5434
soccer,3,6.44,1.5407
feeling,1,5.7,1.5152
stream,4,6.42,1.4995
site,1,5.32,0.7939
backs,5,5.34,1.4373
votes,1,6.08,1.5758
agency,6,5.26,0.9216
voices,1,5.56,1.5005
united,2,7.32,1.2027
helped,4,7.28,1.2943
firm,1,5.32,1.1683
status,1,5.62,1.1761
cyber,1,5.88,1.4797
removed,1,3.72,1.3856
doubts,1,3.3,1.4321
identity,1,5.98,1.1156
spark,1,6.26,1.6637
recognize,13,6.08,1.4119
supports,1,6.22,1.5292
newly,2,6.5,1.2495
bishop,1,5.3,1.6194
red,1,5.56,1.6183
silence,1,5.14,1.738
sales,2,5.8,1.1066
crossed,1,4.7,1.374
river,1,6.68,1.3316
marked,1,4.92,1.2911
defensive,2,4.0,1.5253
forum,1,5.94,1.2521
air,7,6.8,1.6537
multiple,2,5.7,1.4604
carrying,4,5.26,1.2747
stolen,2,2.5,1.3887
grain,6,5.84,1.2675
allowed,1,5.96,1.7375
lebanon,5,4.62,1.3536
contains,1,5.71,1.2076
search,1,5.44,1.1808
sides,3,5.04,1.1773
miles,2,5.3,1.165
occupied,5,5.04,1.3395
want,1,5.7,1.3439
hits,1,4.98,2.1899
nerve,2,4.82,1.4815
increase,4,6.56,1.1095
italian,3,6.48,1.6318
advances,3,6.24,1.3486
highway,1,5.48,1.2656
described,1,5.58,1.1445
chancellor,1,5.18,1.4803
fighting,14,2.76,1.5722
went,1,4.88,1.4518
intended,1,5.2,1.0498
broader,2,5.58,1.2631
bold,1,5.66,1.7912
calling,1,5.74,1.2586
steel,3,5.08,1.1578
plant,4,6.74,1.3524
widespread,3,4.8,1.1429
strikes,11,4.02,1.3626
offensive,2,3.02,1.5583
surrounded,1,4.72,1.5524
holding,1,5.64,1.1205
sites,2,6.0,1.1606
western,7,6.1,1.359
chemical,1,4.18,1.3952
agent,1,5.08,1.4405
satellite,1,5.72,1.3559
images,2,6.34,1.2224
lay,2,5.58,1.2792
accept,2,6.42,1.0708
prize,2,7.62,1.2103
pentagon,4,5.02,1.6098
doubt,2,3.16,1.2675
pulling,1,4.36,1.3962
disagree,1,3.68,1.2526
landing,1,5.82,1.2403
order,4,5.22,1.2337
spare,1,5.74,1.5093
send,2,5.38,1.3536
defense,12,5.18,1.5345
ministry,2,5.58,1.8526
planes,1,5.9,1.6812
indicate,1,5.48,0.9528
restaurant,1,7.06,1.2521
bombing,4,2.24,1.4786
strategic,1,5.9,1.4743
hint,1,6.04,1.5903
videos,7,6.52,1.581
eastern,7,5.76,1.4223
fears,2,2.68,1.2688
built,1,6.24,1.1877
competing,2,5.02,1.6597
arise,1,6.2,1.1249
pulled,2,4.76,1.1528
push,7,4.44,1.473
snow,1,6.32,2.1801
mail,2,6.36,1.6874
visits,4,6.4,1.2936
meeting,4,5.46,1.3433
threats,2,2.88,1.7687
draft,3,5.02,1.4068
safety,1,6.18,1.7343
concerns,2,4.06,1.5572
podcast,1,5.8,1.3401
heat,1,4.16,1.8223
representatives,1,5.28,1.6665
turkish,3,5.56,1.2149
foreign,11,5.68,1.6956
visit,16,6.54,1.1988
letting,2,5.18,1.3656
leave,6,4.52,1.3285
scholar,1,6.48,1.1292
council,2,4.94,1.3157
efforts,5,5.6,1.4569
examine,1,5.16,1.3896
radio,1,6.58,1.6047
traffic,1,3.34,1.6489
ministers,7,5.4,1.7728
sending,1,5.8,0.9258
moscow,6,5.06,1.4201
willing,1,6.4,1.0302
talk,2,6.06,1.0577
listen,1,5.94,1.4344
stage,1,5.72,1.4434
diplomats,3,5.24,1.8578
lawyers,2,4.26,1.8715
plea,1,4.08,1.2262
road,1,5.86,1.0882
documents,1,5.02,1.3169
re-election,1,4.76,1.6971
architect,2,6.36,1.1386
continues,1,5.66,1.2554
slow,2,3.78,1.1119
accounts,3,4.96,1.4978
torture,1,1.58,1.0515
similar,1,5.96,1.0872
accusations,2,3.16,1.5301
mexican,2,5.4,1.5253
transition,1,5.3,1.359
clean,1,6.9,1.8979
dutch,2,5.62,1.1761
stations,1,5.44,0.9071
adds,2,5.5,0.953
training,2,5.74,1.3969
camp,2,6.26,1.5361
gun,2,2.82,1.4097
battles,1,3.78,2.003
reduced,1,4.32,1.5836
storage,1,5.44,1.0721
sign,5,5.66,1.2875
turn,1,5.2,1.2454
focus,2,6.12,1.0622
turned,1,5.24,0.8466
target,3,5.36,1.5221
main,1,5.4,1.2122
delayed,2,3.24,1.1877
declared,3,5.28,1.3407
abyss,1,4.1,1.7108
swept,1,5.06,1.4902
assessment,1,5.28,1.3708
environment,1,6.22,1.7177
so-called,1,4.3,1.2657
camps,3,5.56,1.6801
add,1,5.9,0.9742
bad,3,2.64,1.4675
planning,3,6.16,1.4619
led,3,5.48,1.1292
league,1,5.8,1.1606
impose,2,3.9,1.1294
partial,1,4.84,1.3593
final,3,5.02,1.7319
brings,4,5.8,1.1066
victims,1,2.32,1.5043
latin,1,5.38,1.3834
america,2,6.76,1.5194
experienced,1,6.82,1.1726
greatest,1,7.26,1.5228
loss,2,2.56,1.5005
learning,1,6.92,1.3529
increases,1,6.44,1.6056
behavior,1,5.5,1.2657
halls,1,5.47,1.0821
read,5,6.52,1.581
street,5,5.44,0.8369
duties,1,4.82,1.6866
steal,1,2.46,1.6807
sent,2,5.46,0.9082
machines,1,5.68,1.3005
voters,2,5.58,1.3107
michael,1,5.7,1.2164
talks,9,5.82,1.207
persons,1,6.14,1.2748
regions,2,5.54,1.1104
radiation,1,3.45,2.2827
teens,1,5.86,1.552
emotional,1,4.42,1.7623
physical,4,5.88,1.2229
energy,2,7.22,1.2982
involving,1,5.6,1.3401
soldiers,4,5.38,1.6399
internet,2,7.48,1.313
decline,1,3.08,1.2262
average,1,5.1,0.9091
crowds,2,4.46,1.8975
pregnant,1,6.22,2.0829
apartment,1,5.6,1.3248
building,2,5.94,1.1141
lack,1,3.16,1.2835
civilian,4,5.64,1.5354
exact,1,6.04,1.2282
priests,1,5.51,2.0117
medical,2,4.72,1.6041
waste,1,2.7,1.0546
london,2,6.46,1.6315
culture,2,6.72,1.8075
release,5,6.1,1.233
describes,3,5.76,1.0797
drinking,2,6.14,1.7144
threw,1,4.68,1.0583
details,2,5.74,1.2257
omitted,1,3.92,1.2095
headache,1,1.98,1.1156
app,2,5.2,1.4286
required,1,4.46,1.3734
athletes,1,6.24,1.3786
force,2,4.0,1.6903
need,2,4.84,1.4337
talking,1,6.46,1.2324
congress,2,4.34,1.7567
left,2,4.64,1.4394
prime,3,6.46,1.2811
releases,4,5.96,1.4702
footage,2,5.68,1.0583
prisoner,3,2.86,1.8518
arm,1,5.5,1.0152
finish,1,6.72,1.4148
pays,1,6.54,1.7404
alliance,1,6.0,1.6537
sponsor,2,6.0,1.4142
ground,2,5.26,1.2906
weapons,7,2.4,1.6903
information,2,6.48,1.0544
coverage,3,5.66,1.3188
critic,1,3.36,1.3211
returned,2,5.18,1.4384
3rd,1,4.96,1.1945
build,2,6.22,1.0746
focused,1,6.74,1.1395
angry,1,2.32,1.2362
funeral,5,2.1,1.5551
comes,3,5.58,0.7584
private,1,5.92,1.3529
citizens,3,6.1,1.5152
negotiate,1,6.08,1.2752
nation,2,6.06,1.5039
community,1,6.28,1.3856
yale,1,5.54,1.7168
identify,1,5.58,1.3566
television,3,6.66,1.5858
recently,2,5.44,1.1095
office,3,5.12,1.6243
earthquake,2,1.9,1.1995
label,1,5.32,1.019
shopping,1,7.1,1.5419
expanding,3,5.72,1.3254
seen,3,5.4,1.1952
american,5,6.74,1.5228
fighter,1,4.58,1.6548
threatened,1,2.62,1.4693
reporters,2,5.18,1.3506
cathedral,1,6.14,1.552
expand,1,6.04,1.1421
moved,1,5.06,1.2357
nearby,1,5.68,1.1856
fall,1,4.04,1.9687
dog,1,6.7,1.8434
lee,1,5.3,0.9091
employees,2,5.64,1.1205
receive,1,6.5,1.1112
families,3,7.54,1.2811
arguments,1,3.04,1.5248
purpose,2,6.04,1.1599
jewish,2,5.72,1.0506
tone,1,5.44,0.8609
sanctions,4,3.86,1.7844
hard,2,4.1,1.3887
recording,1,5.9,1.1473
sharply,1,4.36,1.6383
wins,2,7.44,1.2643
elections,8,4.48,1.5285
promises,1,6.26,1.5493
union,3,6.04,1.3991
capitol,1,5.36,1.2898
lifted,1,6.2,1.2289
executive,1,5.58,1.6671
youtube,1,6.92,1.5097
advertising,1,5.04,1.5774
diplomacy,1,5.74,1.7001
banks,1,5.92,1.2428
kind,1,7.24,1.3933
readers,1,6.16,1.2349
reflect,1,6.28,1.0887
politics,1,4.46,1.7637
bellwether,1,5.1,1.1112
polls,2,5.42,1.2792
offered,2,6.14,1.3999
shut,1,3.56,1.0333
shown,1,5.92,1.066
pull,1,4.74,1.1747
drawn,1,5.66,1.239
landmark,1,6.06,1.0184
conviction,1,4.1,1.9404
grows,1,6.49,1.3559
guard,2,4.88,1.6243
fuel,4,5.4,1.178
seized,1,3.44,1.4591
opposition,6,3.48,1.2329
territory,1,5.12,1.1891
candidate,3,5.34,1.0994
treasure,1,7.4,1.7143
coast,3,6.44,1.3874
gaza,25,4.44,1.3874
launched,3,6.1,1.0351
forgotten,1,3.18,1.2728
holy,1,6.64,1.7815
land,5,6.18,1.3354
stood,2,4.94,1.0768
shared,1,6.8,1.3401
include,3,5.94,1.2022
clip,1,5.36,1.2578
successfully,1,7.62,1.2599
anniversary,1,6.7,1.8434
region,3,5.14,1.143
admiral,2,5.89,1.4024
tension,1,2.94,1.5832
gas,4,4.76,1.6483
black,3,4.88,1.8366
additional,1,5.78,1.2501
brief,2,5.5,1.2817
vessel,1,5.78,1.2461
soldier,1,5.12,1.5862
affiliate,2,5.68,1.2526
presidential,3,5.94,1.5174
lines,1,5.26,1.0063
contrast,1,4.94,1.4344
earlier,2,5.4,1.2289
remarks,1,4.88,1.5732
trying,2,5.78,1.1657
wagner,9,5.44,0.9723
custody,2,4.36,1.6995
change,1,5.56,1.3426
started,1,6.0,1.069
receiving,1,6.54,1.2324
small,3,4.52,1.3589
southeast,1,5.68,1.2196
upper,1,5.82,0.919
authorities,5,4.38,1.1586
taken,5,4.28,1.4714
face,2,6.12,1.1718
opportunity,1,7.14,1.7144
ruins,1,3.98,1.7617
greek,1,6.08,1.2591
controls,1,5.02,1.3323
founder,1,5.88,1.1183
sophisticated,1,6.02,1.7553
attempt,1,5.56,1.2961
aimed,1,5.52,1.581
encouraged,1,6.98,1.237
stop,3,3.9,1.3439
milk,1,6.22,1.9303
monkey,1,6.28,1.7148
labor,2,4.22,1.6199
pro,1,5.88,1.3192
lab,1,5.44,1.5407
caused,2,4.54,0.9082
safe,1,7.04,1.6157
jewels,1,7.46,1.6153
diamond,1,7.52,1.7171
enter,1,5.84,1.2835
mines,2,4.74,1.5493
holocaust,2,2.22,1.7876
day,3,6.24,1.3637
heavy,3,4.1,1.4178
surround,1,5.44,1.402
memoir,1,5.96,1.2447
waves,1,6.4,1.3997
exchanges,1,5.66,1.1886
meets,9,5.98,1.0971
restore,1,6.14,1.1608
calm,1,6.36,1.6005
benefits,1,7.2,1.0498
surrender,1,4.08,1.6762
fate,1,4.78,1.2664
surfaces,1,5.48,1.2162
adviser,2,5.48,1.821
francis,2,5.32,1.4348
bid,4,5.26,1.192
offer,1,6.62,1.028
phone,2,6.44,1.4309
poland,3,5.88,1.3346
columnist,1,5.56,1.0134
smoke,1,3.16,1.9416
episode,1,5.76,1.3024
gather,4,5.94,1.0768
austin,2,5.5,1.0738
ambassador,4,5.78,1.5687
evan,2,5.6,1.178
artillery,2,3.88,1.5361
seeing,1,6.38,1.3076
diplomatic,1,5.82,1.6374
tensions,4,2.66,1.2554
judicial,2,4.98,1.2534
politicians,2,3.34,1.1359
situation,2,5.0,1.3093
storm,1,4.26,2.0082
moves,3,5.68,0.957
crossing,1,5.34,1.3342
railway,1,6.16,1.3439
earned,1,7.08,1.1753
millions,1,7.26,1.5361
intense,1,5.66,1.5066
brain,2,6.52,1.5285
works,1,5.5,1.4463
encourage,1,6.9,1.6812
nations,2,6.0,1.5518
cracked,2,3.98,1.9295
concern,1,4.04,1.6157
drove,1,5.26,1.1214
struggling,2,2.72,1.2129
food,1,7.44,1.2149
figures,1,5.86,1.1782
origin,1,5.63,1.1672
link,2,5.78,1.1119
station,2,5.16,0.7384
finding,1,5.8,1.2122
play,1,7.26,1.2257
injured,6,2.22,1.1119
closed,2,3.66,1.5986
male,1,6.02,1.3626
member,5,5.94,1.1141
payments,1,5.76,2.1434
document,2,5.4,1.2289
blow,3,4.48,1.7407
dam,1,4.84,1.2349
buildings,1,5.62,1.3981
join,2,6.22,1.5556
cuban,1,5.54,1.5147
responsible,1,5.8,1.6537
erected,1,6.2,1.4846
betray,1,2.5,1.632
prominent,2,6.26,1.1031
netherlands,1,5.98,1.3323
address,2,5.6,1.0498
train,1,5.98,1.4913
team,5,6.26,1.4259
newspaper,1,6.32,1.3468
insight,1,6.24,1.5749
approach,1,5.94,1.1678
father,2,7.06,1.7427
daughter,2,7.04,1.8066
drew,2,5.66,1.2224
stories,1,6.62,1.5894
hopes,3,7.0,1.5518
care,1,6.64,1.6507
services,1,5.86,1.578
borders,1,4.96,1.5248
straight,1,6.06,1.0577
racist,1,2.08,1.3529
careful,1,5.1,1.4033
line,1,4.98,1.2036
half,1,4.6,1.0102
christian,2,6.3,1.6444
fought,3,3.1,1.3887
writes,1,6.02,1.3775
polish,1,6.16,1.3903
approve,1,6.66,1.5986
tank,1,4.44,1.6056
victories,1,7.58,1.7623
palestinian,38,4.62,1.6022
come,1,5.82,1.0039
authority,2,4.74,1.5884
open,2,6.1,1.359
solution,2,6.84,1.3756
bloody,2,2.94,1.6953
create,1,6.82,1.1008
sale,1,6.58,1.6424
equipment,1,5.86,0.9691
arab,5,4.5,1.594
issued,1,4.88,1.1364
segment,1,5.46,1.4875
northern,3,5.22,1.3293
trade,2,6.18,1.0039
rage,1,2.56,1.514
challenges,1,5.74,1.4957
ward,1,4.84,1.1132
graduated,1,7.22,1.2664
class,2,5.52,1.7756
hosting,1,5.9,1.3887
commonwealth,1,6.3,1.3132
peaceful,1,7.5,1.0926
gold,1,7.56,1.1095
rebellion,1,4.29,1.6833
raised,1,6.56,1.2316
affected,3,4.3,1.3887
desperate,1,3.12,1.6243
denied,1,2.54,1.1988
embassy,1,5.4,1.3401
photo,2,6.88,1.3944
speculation,1,5.06,1.4765
charles,4,5.22,1.3293
feels,1,5.5,1.7409
way,2,5.24,1.4223
watch,4,5.7,1.2495
suicide,3,1.3,0.8391
tactics,1,5.3,1.5811
reporter,1,5.16,1.3456
trapped,1,3.08,1.5232
king,3,6.18,1.5609
blocked,1,3.64,1.4535
pursue,1,5.68,1.4769
controversy,1,3.68,1.7431
jet,1,5.94,1.634
effect,1,5.16,1.0947
provinces,2,5.8,1.3382
incident,1,4.02,1.3923
fragile,2,3.83,1.3262
relationship,1,7.04,1.293
involve,1,5.8,1.3382
atomic,1,4.61,1.789
credit,1,5.86,1.6661
risk,1,3.62,1.6399
absence,1,3.58,1.0708
let,1,5.38,1.0079
shortly,1,5.58,1.3107
supermarkets,1,6.44,1.445
fake,1,2.9,1.2495
regional,1,5.34,0.8234
title,1,5.6,1.088
agreed,1,6.98,1.3013
updates,1,6.14,1.2124
rocket,1,6.38,1.7366
lead,2,6.28,1.4574
iraqi,1,3.96,1.3991
save,3,6.54,1.1643
offices,1,5.0,1.4428
searched,1,5.19,1.299
commercial,1,4.6,1.6162
investigate,2,5.1,1.2976
sunday,3,7.28,1.9171
publisher,1,5.82,1.0821
presents,1,7.2,1.4569
wednesday,1,5.38,1.3384
conflicts,1,2.96,1.4563
mideast,3,4.82,1.5609
cabinet,3,5.68,1.1328
facilities,1,5.76,1.4507
man,1,5.9,1.4033
charged,1,5.04,1.5903
deep,2,5.74,1.3969
comments,1,5.62,1.0476
suggesting,1,5.54,1.1988
egyptian,1,5.78,1.5556
planned,1,5.98,1.2696
achieve,1,7.42,1.2304
permanent,1,5.68,1.4769
limits,1,4.0,1.1952
important,1,6.32,1.3316
chiefs,1,5.92,1.3974
react,2,5.16,1.2835
pay,1,5.3,2.3234
internal,1,5.2,1.3093
silent,2,5.12,1.5471
broke,1,2.54,1.2811
weather,2,5.88,1.5205
traveler,1,6.56,1.445
arrived,1,6.14,1.3999
widow,1,2.86,1.8737
compound,1,5.48,1.2974
settlement,1,5.9,1.5017
activity,1,6.32,0.9988
pulmonary,1,4.72,1.3856
command,1,4.54,1.5806
hours,1,5.22,1.0359
bombs,1,2.86,2.2679
missiles,1,2.82,1.5868
vulnerable,2,3.34,1.5066
adults,1,6.06,1.3001
committed,1,6.38,1.4126
numerous,1,6.08,1.1925
cooking,1,7.08,1.2911
dirty,1,3.2,1.5119
raises,3,6.66,1.6239
terrorism,2,1.48,0.9089
thursday,1,5.86,1.1068
special,1,7.2,1.1952
operation,2,3.72,1.6041
branch,1,5.52,1.1471
revolutionary,1,6.24,1.8578
flight,1,6.06,1.834
scandal,1,3.18,1.5609
destroyed,1,2.04,1.3395
relatives,1,6.6,1.8626
resume,1,5.68,1.2848
dire,1,3.55,1.9902
kate,1,5.48,1.4741
privacy,1,5.88,2.1537
grounds,2,5.68,1.2362
prevent,1,5.16,1.7998
lawyer,1,3.84,1.4194
conduct,1,5.14,1.325
criminal,1,1.98,1.2696
mourn,1,2.72,1.8848
cause,1,5.22,1.0554
wife,2,6.62,1.8058
makes,1,5.56,1.248
dramatic,1,5.26,1.9146
requests,1,5.1,1.0546
harm,2,2.54,1.4458
expert,1,6.64,1.3211
maureen,1,5.34,0.7982
rising,1,6.54,1.1104
jordan,1,5.44,1.7515
great,1,7.88,1.2061
outlets,1,6.06,1.0382
cheer,2,7.46,1.6807
distant,1,4.02,1.5342
explain,1,5.46,1.3433
turns,1,5.2,0.9035
zone,1,5.32,0.9781
serve,1,5.46,1.3126
muslim,2,4.64,1.6995
locked,1,3.7,1.2657
germans,1,5.84,1.7998
lean,1,5.53,1.4304
prosecutor,1,4.06,1.6587
suspected,1,3.52,1.1648
festival,2,7.7,1.0738
history,1,5.84,1.5032
troubles,1,3.42,2.1485
recognition,8,6.54,1.1817
carries,1,5.46,1.2324
significance,1,6.08,1.2721
ways,3,5.3,1.165
secure,1,6.92,1.2911
affect,1,4.92,1.4405
different,1,5.38,1.2436
narrative,1,6.16,1.241
invitation,1,6.98,1.3323
faith,1,7.08,1.4405
scope,1,5.71,1.4136
secrets,1,5.28,1.8187
signals,1,5.42,1.1445
sooner,1,6.24,1.3933
pressure,2,3.66,1.5467
depend,2,5.24,1.3933
path,1,5.82,1.1551
worries,1,2.6,1.3248
pushing,1,4.14,1.325
complex,1,5.04,1.5903
victor,1,6.18,1.7225
fields,1,5.92,1.2428
touches,1,6.38,1.2599
winner,1,7.78,1.6938
boats,1,6.45,1.2427
drugs,1,2.66,1.6364
art,1,6.6,1.4983
walking,1,6.18,1.5609
away,1,4.22,1.2664
stronger,1,7.12,1.0812
brothers,1,6.98,1.4497
oldest,1,4.68,1.6468
closer,1,5.82,1.1008
charlie,1,5.62,1.276
kirk,1,5.24,1.4507
bus,1,5.1,1.2495
jerusalem,1,5.12,1.7916
cancer,1,1.54,1.073
repeats,1,5.2,1.1899
potential,1,6.68,1.0774
wire,1,5.12,0.8722
african,2,5.66,1.7567
toronto,1,5.82,1.7577
giant,1,5.34,1.1886
inspired,1,7.36,1.1021
orleans,1,5.34,1.2554
pole,1,5.5,1.1995
worried,1,2.42,1.1796
survivors,1,6.66,1.3342
plants,1,7.1,1.2976
extension,1,5.52,1.1822
bear,1,5.86,1.8518
fresh,1,7.26,1.3219
races,1,5.72,1.3099
supplies,1,6.04,1.3991
ruined,1,2.54,1.6189
mercedes,1,6.51,1.9485
drop,1,4.3,1.1995
profit,1,7.66,1.239
forecast,1,5.92,1.122
abandoned,1,2.54,1.3734
facebook,1,6.08,1.9361
data,2,5.7,1.0738
photos,1,6.94,1.1678
chain,1,5.16,1.5301
delays,1,3.44,1.1457
cable,1,5.64,1.5221
risks,1,3.78,1.7646
faced,1,5.24,1.2382
english,1,6.58,1.4859
spent,1,4.76,1.546
cover,1,5.32,1.2688
pulls,1,5.46,1.1466
needles,1,4.04,1.9891
music,1,8.02,1.1156
real,1,6.78,1.2002
wind,1,5.8,1.6036
increased,1,6.38,1.4693
tourists,1,6.08,1.5097
fit,1,6.22,1.5158
flipped,1,4.82,1.3354
rail,1,5.3,1.1112
shadow,1,4.92,1.4405
passes,1,5.44,1.4868
reminder,1,5.54,1.3433
inspire,1,7.12,1.4797
sydney,1,5.68,1.463
pose,1,5.72,1.1924
dangerous,1,2.44,1.4591
problem,1,2.98,1.4068
poor,1,2.32,1.2848
leo,1,5.86,1.4848
coalition,1,5.46,1.4172
rolls,1,5.56,1.3118
dream,1,7.1,1.9614
county,1,5.3,1.0546
immigration,1,5.2,1.3553
starting,1,6.5,1.0546
cracks,1,4.0,1.3553
challenge,1,5.78,1.7177
remote,1,5.48,1.729
attended,1,5.54,1.1104
castle,1,6.34,1.7096
features,1,5.96,1.2115
menu,2,6.2,1.2936
ghost,1,3.64,2.0777
jeffrey,1,5.46,1.0539
hangs,1,3.76,1.6774
prepare,1,5.66,1.4792
ready,1,6.58,1.1622
try,1,6.02,0.9366
quiz,1,5.3,1.488
2nd,1,4.88,1.5471
agenda,1,4.94,1.0184
scenes,1,5.9,1.2164
ashes,1,4.47,1.959
leaves,1,5.62,1.7944
took,1,4.76,1.0214
joining,1,6.2,1.1066
faded,1,4.34,1.3188
assembly,1,5.6,1.088
tourist,1,6.18,1.4241
boat,1,6.08,1.4824
iii,1,4.96,1.0683
september,1,6.34,1.4086
kiss,1,7.64,1.7585
carriage,1,6.02,1.2289
lunch,1,7.42,1.0897
sweep,1,5.16,1.4194
holds,1,5.4,1.069
working,1,5.56,1.7631
chance,1,6.44,1.4165
stick,1,5.08,0.9864
strength,1,7.4,1.1606
senior,1,5.64,1.2081
joint,1,5.18,1.6374
serbian,1,4.7,1.3286
tune,1,6.18,1.4241
