word,frequency,happiness_score
new,70,6.82
year,34,5.38
christmas,31,7.96
day,30,6.24
dies,24,2.08
city,22,5.76
briefing,21,5.36
york,21,5.62
russia,19,5.5
storm,18,4.26
russian,17,5.52
trump,17,5.3
china,17,5.4
says,16,5.28
life,16,7.32
holiday,16,7.68
buffalo,15,5.5
review,15,5.32
jan,15,5.4
air,15,6.8
know,14,6.1
house,14,6.34
week,14,5.08
power,14,6.68
southwest,13,5.82
time,12,5.74
did,12,5.58
george,12,5.26
best,12,7.18
war,12,1.8
bee,11,5.36
crisis,11,2.48
washington,11,6.04
south,11,6.16
dead,11,2.0
deaths,10,1.64
cold,10,4.22
military,10,4.78
dec,10,5.38
weekend,10,8.0
forum,10,5.94
friday,10,6.88
travel,9,7.18
great,9,7.88
workers,9,5.78
man,9,5.9
good,9,7.2
big,9,6.22
congress,9,4.34
weather,8,5.88
homes,8,6.62
america,8,6.76
books,8,7.28
eve,8,5.62
fried,8,5.7
coming,8,5.84
thousands,8,6.14
travelers,8,6.26
government,8,4.64
say,8,5.54
sports,8,6.06
water,8,6.7
winter,8,5.9
years,8,5.28
lost,7,2.76
border,7,4.9
aid,7,6.24
hope,7,7.38
art,7,6.6
favorite,7,7.04
isn,7,4.86
children,7,7.12
sam,7,5.42
president,7,5.86
work,7,5.24
does,7,5.22
just,7,5.76
killed,7,1.56
world,7,6.52
stranded,7,3.73
california,7,6.08
times,7,5.58
white,7,6.28
way,7,5.24
home,7,7.14
peace,7,7.86
takes,7,5.04
food,7,7.44
evening,7,6.42
israel,6,4.78
near,6,5.72
support,6,6.44
women,6,7.12
close,6,4.94
thursday,6,5.86
change,6,5.56
report,6,4.76
officials,6,4.76
family,6,7.72
questions,6,5.0
make,6,6.0
la,6,5.0
don,6,4.98
trip,6,7.0
senate,6,4.7
twitter,6,5.46
residents,6,5.66
energy,6,7.22
chief,6,6.18
court,6,3.78
path,6,5.82
making,6,6.24
black,6,4.88
climate,6,5.8
battle,6,2.98
tax,6,2.86
final,6,5.02
weapons,6,2.4
end,6,4.36
face,6,6.12
little,6,4.6
american,6,6.74
attacks,6,2.46
need,6,4.84
update,6,5.72
race,5,5.76
hard,5,4.1
stories,5,6.62
shows,5,6.08
western,5,6.1
opera,5,5.56
role,5,5.68
temperatures,5,5.71
buy,5,6.28
flights,5,5.98
federal,5,4.94
prison,5,2.06
inside,5,5.4
public,5,5.18
game,5,6.92
health,5,7.22
canada,5,5.98
going,5,5.42
judge,5,4.92
missiles,5,2.82
nearly,5,5.26
chicken,5,6.4
leave,5,4.52
newly,5,6.5
finds,5,5.94
police,5,4.58
delays,5,3.44
region,5,5.14
right,5,6.54
sale,5,6.58
welcome,5,7.16
met,5,5.82
high,5,6.64
woman,5,6.84
star,5,7.22
leader,5,6.38
jewish,5,5.72
town,5,5.88
hours,5,5.22
spending,5,5.24
bad,5,2.64
won,5,8.1
state,5,5.28
soccer,5,6.44
test,5,4.06
needs,5,4.98
latest,5,6.06
deal,5,6.32
moscow,5,5.06
long,5,4.74
plan,5,6.14
road,5,5.86
million,5,7.38
drop,5,4.3
people,5,6.16
case,5,5.02
stream,5,6.42
movies,5,7.34
attack,5,2.42
wednesday,4,5.38
anxiety,4,3.03
list,4,5.46
france,4,6.32
french,4,5.96
raises,4,6.66
chapter,4,5.6
ask,4,5.2
stand,4,5.6
committee,4,5.12
red,4,5.56
community,4,6.28
finding,4,5.8
iran,4,4.3
want,4,5.7
tech,4,6.22
wants,4,5.38
dream,4,7.1
party,4,7.58
fears,4,2.68
like,4,7.22
really,4,5.84
avoid,4,3.14
panel,4,5.54
changed,4,5.06
conditions,4,4.78
fall,4,4.04
germany,4,5.94
music,4,8.02
comes,4,5.58
ice,4,5.8
got,4,5.6
shooting,4,2.52
record,4,5.78
parents,4,7.36
east,4,5.82
paris,4,6.86
moves,4,5.68
guilty,4,2.64
amid,4,5.08
strike,4,3.96
north,4,5.52
line,4,4.98
went,4,4.88
market,4,6.28
major,4,5.76
ahead,4,6.08
cook,4,6.64
dinner,4,7.4
university,4,6.74
charged,4,5.04
days,4,5.76
democrats,4,5.5
xi,4,4.94
team,4,6.26
signs,4,5.54
victims,4,2.32
far,4,4.38
recipes,4,6.86
killings,4,1.8
authorities,4,4.38
better,4,7.0
talks,4,5.82
away,4,4.22
law,4,4.9
joy,4,8.16
love,4,8.42
dozens,4,5.7
arizona,4,5.58
watching,4,5.84
blizzard,4,4.78
advice,4,6.22
campaign,4,5.34
rules,4,4.28
story,4,6.48
union,4,6.04
read,4,6.52
things,4,5.76
look,4,5.54
tell,4,5.42
history,4,5.84
novel,4,6.68
eye,4,6.14
leaving,4,3.58
published,3,6.32
scene,3,5.94
space,3,5.96
korean,3,5.48
moments,3,6.1
chair,3,5.44
employees,3,5.64
hopes,3,7.0
snow,3,6.32
st,3,4.88
flight,3,6.06
tuesday,3,4.98
policy,3,4.74
staff,3,5.36
stay,3,5.56
includes,3,5.88
pop,3,5.98
americans,3,6.5
reason,3,5.54
conflict,3,3.1
toll,3,4.06
foreign,3,5.68
use,3,5.64
signal,3,5.44
lawmakers,3,4.7
hits,3,4.98
africa,3,5.26
artist,3,6.74
faces,3,6.2
users,3,5.48
guide,3,6.1
early,3,5.66
recent,3,5.56
iowa,3,5.24
west,3,5.68
sydney,3,5.68
leaves,3,5.62
reporter,3,5.16
freeze,3,4.08
spy,3,4.24
billion,3,7.56
mysterious,3,5.54
crew,3,5.6
bond,3,5.68
science,3,6.86
babylon,3,4.98
ring,3,6.32
goes,3,5.26
extreme,3,5.12
stop,3,3.9
brooklyn,3,5.54
morning,3,6.56
dangerous,3,2.44
sound,3,5.86
village,3,6.28
britain,3,5.78
korea,3,5.34
refugees,3,3.06
lead,3,6.28
base,3,5.08
ranks,3,5.42
set,3,5.58
getting,3,5.68
investigation,3,4.02
group,3,5.92
came,3,5.42
rising,3,6.54
special,3,7.2
school,3,6.26
holidays,3,7.96
bid,3,5.26
drug,3,3.2
key,3,5.82
returns,3,5.24
forces,3,4.18
human,3,6.26
kills,3,1.78
giving,3,6.98
politics,3,4.46
housing,3,6.08
closer,3,5.82
open,3,6.1
act,3,6.0
low,3,3.66
called,3,5.6
issues,3,3.9
app,3,5.2
chaos,3,3.46
singer,3,6.82
readers,3,6.16
artists,3,6.82
said,3,5.38
package,3,6.22
having,3,5.78
dance,3,7.36
child,3,7.24
head,3,5.96
opposition,3,3.48
friends,3,7.92
murder,3,1.48
suspect,3,3.14
dark,3,3.82
magazine,3,5.9
wins,3,7.44
feeling,3,5.7
rule,3,4.52
area,3,5.44
passes,3,5.44
defense,3,5.18
manhattan,3,5.7
job,3,5.96
page,3,5.62
marriage,3,6.7
missing,3,2.98
place,3,5.56
needed,3,5.46
come,3,5.82
blood,3,3.82
john,3,5.08
past,3,4.62
station,3,5.16
strikes,3,4.02
sanctions,3,3.86
data,3,5.7
square,3,5.48
address,3,5.6
bear,3,5.86
start,3,6.1
pictures,3,7.06
fashion,3,6.36
brought,3,5.9
justice,3,6.74
political,3,4.12
daughter,3,7.04
using,3,5.0
forever,3,6.46
electric,3,5.66
goals,2,6.98
bar,2,5.82
boom,2,5.12
appeal,2,5.62
hoped,2,6.28
diary,2,5.94
inflation,2,2.64
pizza,2,7.16
racist,2,2.08
female,2,6.88
labor,2,4.22
taiwan,2,5.36
grand,2,7.06
citizen,2,5.92
threat,2,2.36
doesn,2,4.71
soldiers,2,5.38
worker,2,5.56
film,2,6.56
states,2,5.64
started,2,6.0
blue,2,5.66
monday,2,4.3
detailed,2,5.72
aimed,2,5.52
royal,2,5.82
arrive,2,6.32
crash,2,2.6
bus,2,5.1
injured,2,2.22
chance,2,6.44
yorkers,2,5.42
harris,2,4.84
tv,2,6.7
concerns,2,4.06
darkness,2,3.82
lights,2,6.32
fighting,2,2.76
finally,2,5.58
legal,2,5.18
el,2,4.8
pick,2,5.6
voting,2,6.02
strength,2,7.4
son,2,7.12
target,2,5.36
unit,2,5.5
louis,2,5.14
kids,2,7.38
nets,2,5.22
coalition,2,5.46
republican,2,4.42
pound,2,4.98
guns,2,2.98
trying,2,5.78
camp,2,6.26
green,2,6.78
sees,2,5.76
nature,2,7.24
celebrity,2,6.02
wild,2,5.5
plant,2,6.74
tips,2,6.28
drive,2,6.08
built,2,6.24
falling,2,3.28
violence,2,1.86
bigger,2,6.38
important,2,6.32
mexico,2,5.84
longer,2,5.18
heritage,2,6.68
cut,2,3.42
ok,2,5.94
department,2,5.26
future,2,6.76
island,2,6.78
boat,2,6.08
eat,2,7.04
mouse,2,5.36
lines,2,5.26
felt,2,5.48
minds,2,6.16
markets,2,6.1
families,2,7.54
celebrating,2,8.0
frank,2,5.94
sleep,2,7.16
bring,2,5.3
help,2,6.08
mothers,2,7.36
musical,2,7.22
asian,2,6.32
cap,2,5.56
taxes,2,2.7
corporate,2,4.7
jesus,2,6.52
breaks,2,4.42
pass,2,5.9
bitter,2,3.0
positive,2,7.8
comfort,2,7.5
narrative,2,6.16
pitch,2,5.62
season,2,5.96
eggs,2,6.02
wait,2,3.74
german,2,5.34
tried,2,5.48
cathedral,2,6.14
walk,2,6.02
waves,2,6.4
safety,2,6.18
sought,2,5.06
wish,2,6.92
league,2,5.8
word,2,5.56
songs,2,6.96
learn,2,6.7
stage,2,5.72
arts,2,6.58
wall,2,4.98
subway,2,5.32
hero,2,7.8
spirits,2,6.24
failed,2,1.84
actress,2,6.4
fraud,2,2.3
plead,2,3.67
killer,2,2.42
oscar,2,6.1
speech,2,5.32
talking,2,6.46
nuclear,2,3.28
companies,2,5.26
exposed,2,4.2
rate,2,5.34
plans,2,6.2
testimony,2,5.12
influence,2,5.64
die,2,1.74
voice,2,5.76
caught,2,3.54
heart,2,7.22
guy,2,5.92
win,2,8.12
drivers,2,5.24
vacation,2,7.92
kentucky,2,5.8
homeless,2,2.16
communities,2,5.98
hospital,2,3.5
real,2,6.78
adult,2,6.14
mother,2,7.68
miracle,2,7.64
performed,2,6.36
loss,2,2.56
orlando,2,5.92
nashville,2,5.82
farmers,2,6.34
turned,2,5.24
night,2,6.22
left,2,4.64
brave,2,7.02
warming,2,5.58
pants,2,5.92
asks,2,5.24
speak,2,5.9
business,2,5.94
atlanta,2,5.3
empire,2,5.28
anger,2,2.3
struggling,2,2.72
pills,2,4.1
ban,2,2.66
save,2,6.54
owner,2,6.1
glass,2,5.76
force,2,4.0
academic,2,5.96
freezing,2,3.22
jobs,2,6.32
baseball,2,5.84
lonely,2,2.86
living,2,6.68
drops,2,4.96
bell,2,5.58
means,2,5.64
swift,2,5.94
taylor,2,5.52
keeping,2,6.1
strategy,2,6.24
democracy,2,6.36
beginning,2,6.04
write,2,5.8
disney,2,6.62
continues,2,5.66
returning,2,5.58
happened,2,5.02
airlines,2,5.6
stock,2,5.8
ideas,2,7.16
architect,2,6.36
release,2,6.1
japan,2,6.0
thank,2,7.4
musicians,2,7.26
young,2,6.82
puts,2,5.1
normal,2,5.98
steps,2,5.38
freedom,2,7.9
media,2,5.62
moment,2,5.68
draft,2,5.02
daily,2,5.4
beat,2,4.2
cowboys,2,6.22
paperbacks,2,6.48
small,2,4.52
canceled,2,3.24
era,2,5.56
center,2,5.3
gone,2,3.42
deadly,2,2.9
awards,2,7.18
response,2,5.68
pieces,2,4.76
expect,2,5.9
tyson,2,4.96
quiz,2,5.3
news,2,5.6
variety,2,6.78
likely,2,6.44
prep,2,5.5
sexual,2,6.2
consequences,2,4.02
december,2,6.34
beautiful,2,7.92
view,2,5.72
midnight,2,6.18
ball,2,6.08
monster,2,3.46
cinema,2,6.94
turning,2,5.32
mall,2,5.9
clean,2,6.9
makers,2,5.76
stocks,2,5.36
national,2,5.98
old,2,3.98
style,2,6.76
saudi,2,4.58
appeals,2,5.58
google,2,7.2
resort,2,7.1
turkish,2,5.56
arms,2,5.38
nato,2,4.92
historian,2,6.06
juan,2,5.08
brings,2,5.8
arrested,2,1.64
learned,2,6.92
supreme,2,6.64
charity,2,6.4
retiring,2,5.2
pork,2,4.98
iranian,2,4.22
player,2,5.94
return,2,5.2
creative,2,7.4
characters,2,5.78
took,2,4.76
brazil,2,6.1
sea,2,6.94
eastern,2,5.76
oil,2,4.88
sales,2,5.8
ticket,2,5.32
increase,2,6.56
celebrate,2,7.98
try,2,6.02
miami,2,6.18
student,2,6.58
election,2,5.18
speaker,2,5.68
sentenced,2,3.7
rick,2,5.2
scandal,2,3.18
title,2,5.6
ohio,2,5.22
missile,2,3.24
runs,2,5.62
egg,2,5.98
waiting,2,3.68
republicans,2,4.22
generation,2,5.5
european,2,5.94
fans,2,7.02
tests,2,4.28
sex,2,7.44
local,2,5.46
sad,2,2.38
men,2,5.94
brush,2,5.56
class,2,5.52
growing,2,6.52
sights,2,6.0
visual,2,5.94
picks,2,5.4
saying,2,5.6
gives,2,6.5
en,2,4.84
museums,2,6.78
schools,2,5.98
thai,2,6.22
step,2,5.32
cultural,2,6.18
chicago,2,5.84
invasion,2,3.42
crime,2,2.2
pope,2,5.6
chinese,2,5.64
ideal,2,6.98
provides,2,6.24
mystery,2,5.64
numbers,2,6.04
laws,2,5.08
minister,2,5.18
listen,2,5.94
classical,2,6.58
seeks,2,5.68
sign,2,5.66
costs,2,3.8
repeat,2,5.14
london,2,6.46
tree,2,7.12
receives,2,6.13
machine,2,5.38
protests,2,4.24
supports,2,6.22
tries,2,5.58
cemetery,2,2.94
poem,2,6.52
princeton,2,5.74
testing,2,4.9
office,2,5.12
pain,2,2.1
mix,2,5.8
half,2,4.6
expected,2,5.74
tale,2,6.24
sweet,2,7.64
inquiry,2,4.66
recommend,2,5.64
general,2,5.32
victory,2,7.98
park,2,7.08
rescue,2,6.62
credits,2,5.86
vehicles,2,6.28
live,2,6.84
outside,2,5.8
paul,2,5.44
texas,2,5.54
pay,2,5.3
death,2,1.54
democrat,2,5.18
suicide,2,1.3
systems,2,5.22
disaster,2,1.96
study,2,6.12
january,2,5.7
attention,2,5.8
whiskey,2,5.72
blame,2,2.82
casino,2,6.04
control,2,5.38
month,2,5.18
illinois,2,4.92
price,2,5.0
turn,2,5.2
ways,2,5.3
penn,2,5.42
free,2,7.96
uses,2,5.72
shot,2,2.5
rich,2,7.98
tom,2,5.42
hands,1,6.0
heroes,1,7.16
cash,1,7.42
digital,1,6.12
preparing,1,5.76
bells,1,6.5
yacht,1,6.16
styles,1,6.22
economics,1,4.76
affairs,1,4.7
fa,1,4.8
technology,1,6.74
screen,1,5.74
ease,1,6.52
premier,1,6.2
busy,1,4.58
vast,1,5.64
consumer,1,5.5
occasional,1,5.6
average,1,5.1
cooking,1,7.08
haircut,1,6.2
bob,1,5.44
appear,1,5.84
stephen,1,5.54
follow,1,5.66
quite,1,5.32
bomb,1,1.96
carol,1,5.52
variations,1,5.86
modern,1,6.48
array,1,5.55
saturday,1,7.42
performance,1,6.74
delivery,1,6.02
letter,1,5.94
anniversary,1,6.7
marks,1,5.1
speaks,1,5.68
acceptance,1,6.86
abortion,1,2.6
friendship,1,7.96
loved,1,7.96
messages,1,5.98
attempt,1,5.56
activity,1,6.32
warned,1,3.52
tennessee,1,5.82
giants,1,5.34
closely,1,5.64
social,1,6.22
worked,1,5.44
tweeted,1,5.44
overnight,1,5.58
bail,1,4.44
completely,1,6.34
mount,1,5.54
car,1,6.72
hair,1,6.04
run,1,5.48
mitchell,1,5.14
consists,1,5.58
jam,1,6.02
approved,1,7.2
hungry,1,3.38
cattle,1,6.1
feel,1,5.9
starting,1,6.5
highway,1,5.48
november,1,6.1
uncertainty,1,3.64
watched,1,5.46
shine,1,7.14
mack,1,4.9
sides,1,5.04
investing,1,6.12
conscious,1,6.14
stoned,1,4.56
dog,1,6.7
candle,1,6.71
jeep,1,5.96
regret,1,3.12
literally,1,5.32
protecting,1,6.3
description,1,5.8
competition,1,5.64
robot,1,6.12
tight,1,4.6
knife,1,4.08
contemporary,1,5.86
putting,1,5.4
depending,1,4.74
lauren,1,5.56
sister,1,6.76
toy,1,6.84
donald,1,5.48
ear,1,5.54
wrote,1,5.64
song,1,7.58
santa,1,6.8
meaning,1,6.0
roth,1,5.02
retirement,1,5.92
company,1,5.44
comic,1,7.08
reminded,1,5.6
bright,1,7.62
smiles,1,7.76
manuscript,1,5.75
grab,1,5.06
restaurant,1,7.06
launches,1,6.14
course,1,5.42
wasn,1,4.63
brutal,1,2.6
mile,1,5.04
moving,1,5.36
yankees,1,5.22
suspected,1,3.52
epic,1,6.3
lawsuits,1,3.04
odd,1,4.66
ship,1,5.96
fades,1,3.81
publishing,1,5.92
critic,1,3.36
hired,1,6.7
georgetown,1,5.36
words,1,6.04
secret,1,4.84
deep,1,5.74
held,1,5.28
earth,1,6.44
heaven,1,7.86
approach,1,5.94
reflects,1,5.62
remarks,1,4.88
orchestra,1,6.72
explode,1,4.18
cases,1,4.82
nation,1,6.06
pre,1,5.14
winds,1,5.72
patricia,1,5.5
chill,1,5.06
emily,1,5.54
outdoor,1,6.94
dreaming,1,7.26
stuck,1,3.66
watch,1,5.7
florida,1,6.7
garlic,1,6.12
christopher,1,5.56
warn,1,4.27
thinking,1,6.28
pie,1,6.78
paso,1,4.98
souls,1,5.98
trick,1,5.22
vest,1,5.36
battery,1,5.44
pairs,1,5.98
minute,1,5.5
films,1,7.22
communication,1,6.52
lake,1,6.74
begins,1,5.94
identify,1,5.58
literature,1,6.52
god,1,7.28
prove,1,5.74
effort,1,5.86
ears,1,5.72
beer,1,5.92
popular,1,6.6
dig,1,4.9
campus,1,6.04
remove,1,3.7
point,1,5.42
football,1,6.34
queens,1,6.38
customers,1,6.1
grip,1,5.47
edison,1,6.24
spreading,1,5.96
sovereignty,1,5.88
conservatives,1,4.08
teaching,1,6.44
grave,1,2.56
sell,1,5.48
broker,1,4.56
seasons,1,6.76
king,1,6.18
charles,1,5.22
pride,1,6.54
gift,1,7.72
transition,1,5.3
climbing,1,6.04
body,1,5.96
rapidly,1,5.58
suggest,1,5.52
chop,1,4.16
item,1,5.5
celebrated,1,7.8
orthodox,1,4.8
column,1,5.48
su,1,5.0
drawn,1,5.66
illustration,1,6.56
metropolitan,1,6.3
wood,1,6.06
book,1,7.24
departments,1,5.57
applications,1,5.88
strategies,1,6.14
sirens,1,3.58
bridge,1,5.86
fuel,1,5.4
beneath,1,4.54
puedes,1,4.84
estas,1,4.72
evidence,1,5.64
delight,1,7.78
sauce,1,6.04
soul,1,6.34
philadelphia,1,5.72
journalism,1,5.52
wayne,1,5.1
alex,1,5.46
strain,1,3.73
guess,1,5.64
experiences,1,6.32
palestinian,1,4.62
destroyed,1,2.04
official,1,5.38
operate,1,4.74
legacy,1,5.9
stuart,1,5.36
blew,1,4.52
basketball,1,6.14
suddenly,1,4.78
staten,1,5.16
brother,1,7.22
girl,1,7.0
cover,1,5.32
sent,1,5.46
collapse,1,2.9
whistle,1,6.31
sorry,1,3.66
truly,1,6.86
executive,1,5.58
thee,1,5.4
megan,1,5.46
prosecutors,1,4.2
emergency,1,3.06
picture,1,6.64
playoff,1,5.68
illness,1,2.0
single,1,5.12
church,1,5.48
nicholas,1,5.54
nova,1,5.3
chocolate,1,7.86
ready,1,6.58
reasons,1,5.26
safe,1,7.04
christ,1,6.16
conversation,1,6.24
buena,1,5.54
noche,1,5.44
scary,1,2.58
drinking,1,6.14
worst,1,2.1
share,1,6.78
ghosts,1,3.84
sundays,1,7.38
yu,1,4.74
dogs,1,6.78
neighbors,1,5.9
decide,1,5.84
swell,1,4.94
jingle,1,6.24
council,1,4.94
games,1,7.32
gains,1,6.82
fan,1,6.66
apps,1,5.58
card,1,5.72
credit,1,5.86
concert,1,6.94
spencer,1,5.42
entertainment,1,7.76
street,1,5.44
flowing,1,6.3
microsoft,1,5.62
worth,1,6.78
tweeting,1,5.36
lifted,1,6.2
kathleen,1,5.64
poet,1,6.52
tracks,1,5.28
elements,1,5.48
lesson,1,5.3
connecticut,1,5.56
piece,1,5.26
celebration,1,8.02
sheep,1,6.14
send,1,5.38
ruin,1,2.68
nice,1,7.38
writers,1,6.32
inspired,1,7.36
jeff,1,5.2
al,1,4.9
phone,1,6.44
camera,1,6.8
orders,1,4.24
sharing,1,7.06
haters,1,2.48
adults,1,6.06
army,1,4.48
gifts,1,7.56
carry,1,5.2
helping,1,7.18
works,1,5.5
research,1,6.46
albany,1,5.08
yay,1,6.1
sure,1,6.32
lie,1,2.6
agency,1,5.26
mess,1,3.94
increasingly,1,6.1
founder,1,5.88
olive,1,6.0
dick,1,4.62
latin,1,5.38
prepare,1,5.66
virginia,1,6.28
sunday,1,7.28
reaches,1,5.96
youtube,1,6.92
restaurants,1,6.62
suggestions,1,6.08
play,1,7.26
added,1,5.78
jennifer,1,5.86
weeks,1,5.06
forecast,1,5.92
filled,1,5.52
fever,1,2.78
disappeared,1,3.44
doctor,1,5.34
nyu,1,5.06
trustee,1,5.68
trouble,1,2.78
primary,1,5.88
signals,1,5.42
cities,1,5.58
largest,1,6.34
earn,1,7.5
visit,1,6.54
faith,1,7.08
reality,1,5.94
sophisticated,1,6.02
wedding,1,7.34
legislators,1,4.2
eyes,1,6.24
fresh,1,7.26
claims,1,4.72
fox,1,5.46
gaga,1,5.68
lady,1,6.6
rihanna,1,5.34
fight,1,2.7
neck,1,5.3
flag,1,6.26
flies,1,3.6
voters,1,5.58
victim,1,2.38
domestic,1,5.46
including,1,5.96
private,1,5.92
ownership,1,6.38
cats,1,6.54
allowed,1,5.96
memphis,1,5.42
summer,1,6.4
include,1,5.94
recession,1,2.48
strong,1,7.06
infection,1,2.84
cookie,1,7.1
james,1,5.28
fails,1,2.06
add,1,5.9
mets,1,5.14
visitors,1,6.32
counts,1,5.3
terror,1,1.76
grants,1,6.7
solve,1,6.58
father,1,7.06
common,1,4.92
pet,1,7.08
march,1,5.78
taught,1,5.96
farm,1,6.22
executives,1,5.0
answer,1,6.24
indirect,1,4.65
obama,1,5.94
troubles,1,3.42
tweets,1,5.42
playlist,1,6.18
immigration,1,5.2
dispute,1,3.54
salary,1,7.22
projects,1,5.46
raising,1,6.26
losses,1,2.46
potato,1,6.54
evil,1,1.9
message,1,6.08
bacon,1,5.96
thighs,1,5.58
breast,1,6.22
fries,1,6.52
talk,1,6.06
tells,1,5.32
religion,1,6.0
profit,1,7.66
sold,1,5.36
bleeding,1,2.76
bleed,1,2.69
gods,1,6.26
pas,1,5.12
bears,1,5.58
bankers,1,4.8
population,1,5.16
vote,1,5.8
medal,1,6.78
gold,1,7.56
till,1,5.22
fantasy,1,7.44
origin,1,5.63
girls,1,6.94
weighted,1,5.0
enemies,1,2.44
recognition,1,6.54
garden,1,7.22
madison,1,5.48
pasta,1,6.86
warm,1,6.72
joe,1,5.22
simply,1,6.42
witness,1,4.82
told,1,5.08
vegan,1,4.82
journey,1,7.14
wagner,1,5.44
carter,1,5.34
director,1,5.8
mike,1,5.3
feast,1,7.49
amsterdam,1,6.14
lawyer,1,3.84
plants,1,7.1
operations,1,4.36
foods,1,7.26
barry,1,5.18
affected,1,4.3
roughly,1,4.0
used,1,4.6
shelter,1,6.54
fiction,1,6.16
weary,1,4.08
expand,1,6.04
votes,1,6.08
kick,1,3.72
intervention,1,4.26
divine,1,7.26
feeds,1,6.2
rest,1,7.18
crimes,1,2.14
hug,1,7.58
senators,1,4.54
prize,1,7.62
tiene,1,5.06
bust,1,4.56
bonus,1,7.68
international,1,6.56
adam,1,5.54
reconstruction,1,5.8
placing,1,5.7
fund,1,6.04
assets,1,6.66
seized,1,3.44
ali,1,5.22
riot,1,2.92
capitol,1,5.36
thing,1,5.58
fellow,1,5.5
loc,1,4.7
tone,1,5.44
writer,1,5.96
crossword,1,5.84
forget,1,3.22
members,1,5.66
played,1,6.38
growth,1,6.6
famous,1,6.68
stays,1,5.28
museum,1,6.68
pies,1,6.8
crowd,1,4.14
feed,1,6.42
determined,1,6.5
shop,1,6.76
coffee,1,7.18
des,1,4.78
reaching,1,5.6
calls,1,5.42
somebody,1,5.3
wanna,1,5.5
houston,1,5.26
whitney,1,5.34
dealing,1,5.54
conscience,1,6.0
shipping,1,5.46
ballet,1,5.94
hearts,1,7.26
equality,1,7.08
gender,1,5.8
error,1,2.6
ron,1,5.0
cross,1,4.68
tortured,1,1.82
stolen,1,2.5
theater,1,6.96
pale,1,3.8
reading,1,6.78
journalists,1,5.2
user,1,5.48
obtained,1,6.36
mambo,1,5.96
received,1,6.34
officers,1,4.98
intelligence,1,7.3
award,1,7.86
oldest,1,4.68
navy,1,5.58
supply,1,5.76
rebellion,1,4.29
quiet,1,5.5
queen,1,6.24
grill,1,6.24
defined,1,5.78
laura,1,5.58
poland,1,5.88
meets,1,5.98
depths,1,5.22
rush,1,4.12
historic,1,5.92
writing,1,6.24
changing,1,5.8
wave,1,6.34
frog,1,5.26
minnesota,1,5.24
restrictions,1,3.32
released,1,6.34
losing,1,2.62
silence,1,5.14
hides,1,4.42
zone,1,5.32
hong,1,4.86
working,1,5.56
economic,1,5.36
brighter,1,7.14
problem,1,2.98
addressed,1,5.8
kong,1,5.44
movement,1,5.94
neglected,1,2.84
inspiration,1,7.02
learning,1,6.92
remaining,1,5.16
cracks,1,4.0
allies,1,6.5
bonds,1,5.2
shoulder,1,5.46
spare,1,5.74
personal,1,6.06
dread,1,3.2
annual,1,5.28
century,1,5.78
economy,1,4.38
stole,1,2.6
maker,1,5.82
congressional,1,4.58
attorney,1,4.12
independent,1,6.86
ruled,1,4.92
confusing,1,3.56
jersey,1,5.2
hottest,1,5.78
post,1,5.48
collective,1,6.23
lessons,1,5.98
racing,1,6.06
rocked,1,6.16
library,1,6.48
lift,1,5.78
bronx,1,5.04
broke,1,2.54
relationships,1,6.86
type,1,5.56
desperate,1,3.12
ski,1,5.84
global,1,6.0
couldn,1,4.49
revival,1,6.44
dropped,1,3.88
judges,1,4.88
paper,1,5.8
toilet,1,4.88
punk,1,4.66
sidney,1,5.66
guard,1,4.88
anxious,1,3.42
airline,1,5.62
wise,1,7.1
looks,1,5.98
lifetime,1,6.26
perfection,1,7.2
folk,1,5.98
canadian,1,5.84
ian,1,5.1
confirmed,1,6.72
threatened,1,2.62
arrest,1,2.42
unlikely,1,3.48
later,1,4.6
japanese,1,6.02
ambassador,1,5.78
fishing,1,6.18
fly,1,6.32
dave,1,5.3
plane,1,6.3
scientific,1,6.44
flew,1,5.88
jet,1,5.94
fighter,1,4.58
impressed,1,7.24
technique,1,5.94
guessing,1,4.72
neighborhoods,1,6.08
reputation,1,6.28
aims,1,6.27
resume,1,5.68
graphics,1,6.44
illustrated,1,6.34
ed,1,5.16
grows,1,6.49
concern,1,4.04
optimistic,1,7.5
cruise,1,6.7
gracias,1,5.96
decir,1,4.92
makeup,1,5.76
wearing,1,5.5
lives,1,6.22
indonesia,1,5.08
angeles,1,5.84
los,1,4.7
saw,1,5.44
widespread,1,4.8
service,1,6.0
announces,1,5.56
anymore,1,4.56
pool,1,6.78
boundary,1,5.3
daniel,1,5.54
cancer,1,1.54
form,1,5.28
jamie,1,5.38
finger,1,5.36
caused,1,4.54
politicians,1,3.34
giant,1,5.34
months,1,5.16
complaints,1,3.04
pointing,1,5.16
network,1,6.0
underground,1,5.08
cause,1,5.22
build,1,6.22
resolution,1,6.18
fast,1,6.44
palestinians,1,4.5
maybe,1,4.7
holmes,1,5.48
rubin,1,4.94
proposals,1,6.2
died,1,1.56
med,1,4.96
mission,1,5.68
erased,1,3.82
debt,1,2.9
medical,1,4.72
schedule,1,5.02
poetry,1,6.4
ago,1,4.88
education,1,6.88
broken,1,3.02
administration,1,4.84
choose,1,5.94
option,1,5.94
bedroom,1,6.8
wanted,1,5.08
parts,1,5.24
hiding,1,4.34
valley,1,6.26
strange,1,4.36
urine,1,3.47
selling,1,5.76
lasts,1,5.98
shift,1,5.26
talent,1,7.06
ohhh,1,5.08
sentence,1,5.22
gets,1,5.84
fled,1,3.98
action,1,5.98
rape,1,1.44
andrew,1,5.22
efforts,1,5.6
minor,1,4.66
environment,1,6.22
knowledge,1,7.24
kitchen,1,6.04
sends,1,5.92
diet,1,4.62
blues,1,4.56
gave,1,6.26
younger,1,6.4
meeting,1,5.46
seeds,1,6.39
creating,1,6.72
creature,1,5.3
avatar,1,6.0
image,1,5.94
hangover,1,2.92
bump,1,4.67
hit,1,4.58
statistics,1,5.04
plays,1,6.72
successful,1,8.16
argues,1,3.0
pour,1,5.18
gap,1,4.92
fills,1,5.51
size,1,5.04
lived,1,5.82
authors,1,6.22
farewell,1,3.86
georgia,1,5.44
routine,1,5.1
covering,1,5.36
recorded,1,5.58
preserved,1,6.1
cara,1,5.58
voted,1,6.12
ride,1,6.14
tyler,1,5.28
steven,1,5.5
perspective,1,6.04
details,1,5.74
soldier,1,5.12
tony,1,5.52
access,1,5.88
offers,1,6.48
tied,1,4.4
pot,1,5.58
limited,1,4.22
naked,1,5.9
roses,1,7.52
designated,1,5.64
russians,1,5.2
chess,1,6.3
competing,1,5.02
depression,1,1.98
grandfather,1,7.38
memorial,1,4.96
holocaust,1,2.22
account,1,5.5
brand,1,5.58
destroy,1,2.52
opportunity,1,7.14
marked,1,4.92
fun,1,7.96
restored,1,6.48
checks,1,5.84
continuing,1,5.76
rent,1,3.84
meet,1,6.38
soviet,1,4.64
birth,1,7.12
finish,1,6.72
migration,1,5.7
bird,1,6.64
began,1,5.98
affecting,1,5.31
slept,1,6.62
ate,1,6.18
decided,1,5.94
strict,1,4.13
ministers,1,5.4
dependence,1,4.67
mutual,1,6.14
taken,1,4.28
feet,1,5.58
match,1,5.96
perfect,1,7.42
someday,1,5.28
payments,1,5.76
suburban,1,5.58
abuse,1,1.88
reported,1,5.12
possible,1,6.24
marry,1,6.98
knew,1,5.94
harmony,1,7.0
sealed,1,5.1
arguments,1,3.04
breaking,1,3.98
birthday,1,7.78
late,1,3.46
loneliness,1,2.66
catherine,1,5.54
prince,1,6.44
towns,1,6.06
album,1,6.6
vienna,1,5.92
complex,1,5.04
pacific,1,6.16
promised,1,6.68
harbor,1,6.06
grammy,1,6.24
sky,1,7.76
tradition,1,6.4
ground,1,5.26
math,1,5.46
press,1,5.36
signed,1,5.72
critics,1,3.8
weak,1,2.84
philharmonic,1,5.88
happy,1,8.3
farms,1,6.36
reverse,1,4.5
wind,1,5.8
capital,1,5.92
massive,1,5.34
launch,1,6.4
enemy,1,2.64
stuff,1,5.58
row,1,4.94
cop,1,4.44
ended,1,3.84
rally,1,5.7
building,1,5.94
push,1,4.44
named,1,5.58
actor,1,6.2
band,1,6.42
tales,1,6.5
investigations,1,4.52
potentially,1,5.96
mourns,1,2.86
paintings,1,6.9
doubts,1,3.3
pro,1,5.88
given,1,5.74
fed,1,5.78
gym,1,5.96
storage,1,5.44
offices,1,5.0
shut,1,3.56
countries,1,5.68
dice,1,5.62
se,1,4.88
praise,1,7.52
partner,1,6.7
edge,1,4.98
heavily,1,4.74
ebay,1,5.78
nightmares,1,2.56
groups,1,5.66
embrace,1,6.22
endowment,1,5.82
tap,1,5.4
february,1,5.08
summit,1,5.52
supporting,1,6.48
database,1,5.68
stopped,1,3.86
fatal,1,1.8
francisco,1,5.6
attacked,1,2.52
college,1,6.94
lying,1,2.58
intimate,1,6.76
raw,1,4.24
rural,1,5.78
surviving,1,6.0
pressure,1,3.66
tool,1,5.26
blowing,1,5.18
muscle,1,6.06
mind,1,6.04
bull,1,4.62
broadway,1,6.36
amazon,1,6.8
pardon,1,5.8
ex,1,4.18
bak,1,4.76
lee,1,5.3
ties,1,5.24
difficulties,1,3.08
missed,1,3.68
tragic,1,2.34
eaten,1,6.5
floor,1,5.16
asking,1,5.26
think,1,6.2
imagine,1,7.18
smaller,1,4.74
recover,1,6.64
natural,1,6.56
virtual,1,5.62
cup,1,5.66
chasing,1,4.7
true,1,7.08
apartment,1,5.6
dreamed,1,6.87
reach,1,5.74
essence,1,6.1
afghanistan,1,3.56
striking,1,4.7
crying,1,2.04
sympathy,1,5.36
rev,1,5.1
twist,1,5.21
older,1,4.74
vulnerable,1,3.34
surrender,1,4.08
instructions,1,5.46
offering,1,6.32
fear,1,2.32
pioneer,1,6.28
layer,1,5.64
everyday,1,5.74
waking,1,5.72
mental,1,4.8
improve,1,6.44
arabia,1,5.4
offense,1,3.56
rights,1,6.48
es,1,4.8
angels,1,7.66
hall,1,5.36
terry,1,5.42
buses,1,5.02
golf,1,5.56
traveled,1,6.42
arrived,1,6.14
saved,1,6.88
boxing,1,4.56
snowed,1,5.62
extra,1,6.52
kennedy,1,5.58
offensive,1,3.02
shoes,1,6.06
por,1,4.76
wells,1,5.48
gain,1,6.4
patrick,1,5.52
alabama,1,5.48
boot,1,5.0
wear,1,5.94
marine,1,5.72
assumptions,1,4.82
question,1,4.98
viewers,1,5.86
letting,1,5.18
youth,1,6.62
resolve,1,6.32
mass,1,5.44
survivors,1,6.66
motive,1,5.35
charges,1,3.94
indicted,1,3.6
raised,1,6.56
banned,1,2.88
looking,1,5.94
symbol,1,5.64
richmond,1,5.46
harder,1,4.44
proved,1,6.26
zero,1,3.44
african,1,5.66
salt,1,5.68
nurse,1,6.2
wrap,1,5.72
electrical,1,5.54
reports,1,5.0
term,1,4.94
switch,1,5.02
produces,1,6.22
door,1,5.38
mourn,1,2.72
toast,1,6.86
virgin,1,6.0
magic,1,6.8
transportation,1,6.16
driven,1,5.96
aim,1,5.86
deserved,1,6.08
planet,1,6.52
treasure,1,7.4
tennis,1,6.4
comfortable,1,7.32
francis,1,5.32
ill,1,2.42
territory,1,5.12
enters,1,6.1
discuss,1,5.96
visits,1,6.4
albums,1,6.92
secretary,1,5.42
nerves,1,4.47
remote,1,5.48
boots,1,6.08
belief,1,6.08
maryland,1,5.84
massachusetts,1,5.58
oregon,1,6.0
cutting,1,4.08
cost,1,4.1
rates,1,4.84
prices,1,4.38
makes,1,5.56
problems,1,2.92
responsible,1,5.8
spread,1,5.48
netflix,1,5.96
providing,1,6.16
prayer,1,6.48
challenge,1,5.78
happiness,1,8.44
negative,1,2.42
jack,1,5.5
parent,1,7.04
cheap,1,5.48
airport,1,5.88
block,1,4.02
draws,1,6.18
require,1,4.44
worried,1,2.42
dim,1,3.9
positions,1,5.52
awful,1,2.92
requires,1,4.68
scheme,1,4.82
islands,1,6.58
dia,1,5.2
fail,1,1.96
au,1,4.92
fabulous,1,7.38
privacy,1,5.88
danger,1,2.82
cooked,1,6.54
beloved,1,7.34
gov,1,4.62
plot,1,5.26
rise,1,6.36
central,1,5.6
mayor,1,5.26
oakland,1,5.4
harry,1,5.24
trials,1,4.74
beans,1,6.0
worship,1,6.32
laurie,1,5.48
starring,1,6.06
gin,1,5.9
nuevo,1,5.68
literary,1,6.46
satellite,1,5.72
sending,1,5.8
theological,1,5.55
sons,1,6.78
sense,1,6.3
smiling,1,7.58
knows,1,6.12
tiny,1,4.9
glorious,1,7.74
stranger,1,4.16
nightmare,1,2.32
novelist,1,6.42
brazilian,1,6.06
silent,1,5.12
parties,1,7.42
agenda,1,4.94
bake,1,6.68
psychiatric,1,4.24
upper,1,5.82
opens,1,5.92
indian,1,6.26
liked,1,7.16
age,1,4.88
worse,1,2.7
governor,1,5.14
facts,1,6.06
michigan,1,5.32
property,1,5.86
soon,1,6.34
creation,1,6.78
adventure,1,7.3
copyright,1,5.14
remains,1,4.42
leadership,1,6.5
hospitals,1,3.54
light,1,6.4
frustration,1,2.34
crowded,1,3.71
bags,1,5.58
didn,1,4.8
blanket,1,6.54
considered,1,5.9
shed,1,5.22
ghost,1,3.64
leg,1,5.62
rain,1,6.36
pounds,1,5.3
river,1,6.68
proposal,1,6.6
pocket,1,5.7
shattered,1,3.6
cream,1,6.8
babies,1,7.46
trips,1,6.98
agreed,1,6.98
nations,1,6.0
exports,1,5.94
cozy,1,6.94
havoc,1,3.04
presents,1,7.2
abandoned,1,2.54
cheese,1,6.88
treasury,1,5.74
championship,1,7.32
drama,1,5.22
india,1,6.42
companion,1,7.24
cake,1,7.58
heat,1,4.16
