word,frequency
new,70
ukraine,44
year,34
christmas,31
day,30
dies,24
city,22
briefing,21
york,21
zelensky,19
russia,19
storm,18
russian,17
trump,17
china,17
says,16
life,16
holiday,16
air,15
jan,15
buffalo,15
review,15
know,14
putin,14
house,14
week,14
santos,14
covid,14
power,14
southwest,13
war,12
best,12
time,12
george,12
did,12
spelling,11
bee,11
crisis,11
washington,11
south,11
dead,11
friday,10
weekend,10
forum,10
dec,10
deaths,10
military,10
cold,10
great,9
ukrainian,9
workers,9
biden,9
man,9
good,9
big,9
corrections,9
travel,9
congress,9
notable,9
years,8
winter,8
water,8
sports,8
say,8
thousands,8
quotation,8
government,8
travelers,8
books,8
coming,8
homes,8
america,8
weather,8
eve,8
bankman,8
fried,8
evening,7
food,7
kyiv,7
killed,7
peace,7
home,7
way,7
white,7
times,7
california,7
stranded,7
world,7
takes,7
favorite,7
just,7
does,7
border,7
aid,7
hope,7
art,7
lost,7
isn,7
children,7
sam,7
president,7
work,7
court,6
path,6
final,6
making,6
black,6
climate,6
battle,6
tax,6
chief,6
weapons,6
update,6
end,6
face,6
little,6
american,6
attacks,6
need,6
energy,6
trip,6
residents,6
twitter,6
thursday,6
close,6
israel,6
support,6
drones,6
near,6
women,6
report,6
change,6
family,6
questions,6
make,6
la,6
don,6
officials,6
senate,6
fryer,6
moscow,5
woman,5
star,5
leader,5
jewish,5
needs,5
town,5
hours,5
spending,5
musk,5
bad,5
won,5
state,5
soccer,5
test,5
met,5
latest,5
attack,5
movies,5
stream,5
case,5
people,5
deal,5
road,5
drop,5
plan,5
long,5
million,5
high,5
welcome,5
game,5
right,5
prison,5
federal,5
role,5
flights,5
buy,5
temperatures,5
race,5
opera,5
western,5
shows,5
stories,5
hard,5
belarus,5
sale,5
public,5
inside,5
health,5
canada,5
going,5
judge,5
missiles,5
nearly,5
chicken,5
leave,5
newly,5
finds,5
police,5
delays,5
region,5
authorities,4
killings,4
recipes,4
far,4
away,4
victims,4
signs,4
team,4
democrats,4
went,4
tesla,4
days,4
charged,4
university,4
dinner,4
cook,4
ahead,4
major,4
market,4
talks,4
xi,4
law,4
dozens,4
cancellations,4
history,4
leaving,4
novel,4
tell,4
look,4
things,4
read,4
eye,4
union,4
joy,4
rules,4
campaign,4
shutdown,4
advice,4
blizzard,4
watching,4
story,4
arizona,4
love,4
better,4
line,4
music,4
strike,4
wants,4
tech,4
want,4
stand,4
iran,4
windfall,4
finding,4
community,4
red,4
committee,4
pandemic,4
wednesday,4
ask,4
chapter,4
raises,4
french,4
france,4
list,4
anxiety,4
north,4
party,4
dream,4
like,4
got,4
amid,4
guilty,4
moves,4
paris,4
east,4
parents,4
record,4
bucha,4
shooting,4
ice,4
really,4
comes,4
fears,4
germany,4
fall,4
conditions,4
changed,4
panel,4
avoid,4
suspect,3
murder,3
accuses,3
friends,3
opposition,3
head,3
child,3
dance,3
having,3
package,3
said,3
artists,3
battered,3
wins,3
readers,3
singer,3
chaos,3
app,3
issues,3
drug,3
key,3
returns,3
forces,3
human,3
kills,3
bid,3
giving,3
housing,3
closer,3
open,3
act,3
low,3
called,3
magazine,3
school,3
politics,3
feeling,3
highlights,3
netanyahu,3
square,3
bear,3
start,3
pictures,3
funding,3
brought,3
fashion,3
data,3
justice,3
sues,3
political,3
daughter,3
using,3
forever,3
electric,3
address,3
falsehoods,3
sanctions,3
missing,3
insists,3
station,3
area,3
passes,3
defense,3
manhattan,3
job,3
page,3
rule,3
strikes,3
marriage,3
place,3
needed,3
come,3
blood,3
john,3
past,3
dark,3
holidays,3
stop,3
special,3
grid,3
guide,3
predictions,3
serial,3
users,3
faces,3
artist,3
africa,3
hits,3
pop,3
lawmakers,3
signal,3
use,3
foreign,3
toll,3
conflict,3
reason,3
americans,3
staff,3
includes,3
scene,3
space,3
kherson,3
woes,3
korean,3
moments,3
chair,3
employees,3
published,3
snow,3
st,3
hopes,3
flight,3
tuesday,3
policy,3
stay,3
bans,3
recent,3
early,3
west,3
bond,3
rising,3
came,3
group,3
investigation,3
getting,3
set,3
ranks,3
base,3
lead,3
refugees,3
korea,3
britain,3
village,3
sound,3
navidad,3
dangerous,3
morning,3
brooklyn,3
shoppers,3
outages,3
shelling,3
leaves,3
ftx,3
iowa,3
reporter,3
freeze,3
spy,3
billion,3
mysterious,3
sydney,3
hobart,3
crew,3
science,3
babylon,3
ring,3
goes,3
extreme,3
pork,2
charity,2
supreme,2
learned,2
arrested,2
idaho,2
soaring,2
brings,2
juan,2
venezuela,2
historian,2
drone,2
nato,2
arms,2
turkish,2
resort,2
google,2
appeals,2
saudi,2
style,2
old,2
national,2
stocks,2
makers,2
iranian,2
player,2
return,2
try,2
ohio,2
title,2
runs,2
scandal,2
rick,2
sentenced,2
speaker,2
election,2
student,2
pardons,2
miami,2
celebrate,2
creative,2
increase,2
ticket,2
sales,2
trafficking,2
weekender,2
oil,2
eastern,2
sea,2
brazil,2
prepares,2
took,2
characters,2
clean,2
mall,2
turning,2
cinema,2
unmotivated,2
cowboys,2
beat,2
thrived,2
daily,2
draft,2
moment,2
media,2
freedom,2
steps,2
normal,2
puts,2
young,2
musicians,2
thank,2
japan,2
release,2
architect,2
ideas,2
stock,2
bargain,2
airlines,2
happened,2
charts,2
returning,2
paperbacks,2
continues,2
small,2
era,2
jew,2
monster,2
ball,2
midnight,2
view,2
beautiful,2
december,2
consequences,2
sexual,2
prep,2
likely,2
variety,2
news,2
quiz,2
tyson,2
expect,2
vivienne,2
westwood,2
pieces,2
transcripts,2
response,2
awards,2
deadly,2
provocative,2
gone,2
center,2
missile,2
barrage,2
staggers,2
defenses,2
canceled,2
egg,2
chinese,2
paul,2
condemns,2
pay,2
texas,2
live,2
vehicles,2
credits,2
rescue,2
park,2
democrat,2
victory,2
general,2
recommend,2
inquiry,2
sweet,2
savory,2
fedora,2
tale,2
expected,2
half,2
mix,2
pain,2
office,2
testing,2
death,2
princeton,2
suicide,2
january,2
penn,2
free,2
shot,2
uses,2
ways,2
crosswords,2
wordplay,2
rich,2
tom,2
turn,2
renew,2
systems,2
illinois,2
control,2
price,2
casino,2
blame,2
whiskey,2
debacle,2
disaster,2
study,2
attention,2
month,2
outside,2
poem,2
hodgman,2
chicago,2
tries,2
thai,2
hasidic,2
schools,2
museums,2
en,2
gives,2
saying,2
picks,2
visual,2
sights,2
growing,2
class,2
brush,2
men,2
sad,2
local,2
sex,2
tests,2
fans,2
european,2
queue,2
generation,2
republicans,2
step,2
waiting,2
cultural,2
invasion,2
supports,2
protests,2
machine,2
receives,2
kidnap,2
tree,2
london,2
cemetery,2
repeat,2
costs,2
pastry,2
sign,2
seeks,2
classical,2
listen,2
minister,2
laws,2
numbers,2
mystery,2
baltic,2
seabed,2
provides,2
ideal,2
crime,2
pope,2
retiring,2
disney,2
failed,2
soar,2
beginning,2
longer,2
mexico,2
scrambles,2
important,2
bigger,2
violence,2
falling,2
built,2
brace,2
drive,2
tips,2
plant,2
wild,2
celebrity,2
nature,2
sees,2
rejects,2
louis,2
camp,2
trying,2
fentanyl,2
guns,2
pound,2
butternut,2
squash,2
republican,2
coalition,2
heritage,2
nets,2
cut,2
department,2
corporate,2
taxes,2
migrant,2
cap,2
asian,2
musical,2
modernist,2
mothers,2
resent,2
help,2
mickey,2
bring,2
sleep,2
frank,2
celebrating,2
families,2
markets,2
minds,2
felt,2
lines,2
fleeing,2
mouse,2
eat,2
gunfire,2
boat,2
island,2
future,2
ok,2
kids,2
royal,2
kwanzaa,2
unit,2
started,2
film,2
worker,2
labor,2
soldiers,2
doesn,2
threat,2
citizen,2
spies,2
foiled,2
grand,2
taiwan,2
taliban,2
bar,2
female,2
complicate,2
racist,2
bakhmut,2
pizza,2
inflation,2
recruits,2
diary,2
hoped,2
appeal,2
goals,2
warns,2
boom,2
blue,2
states,2
detailed,2
aimed,2
target,2
son,2
strength,2
voting,2
pick,2
el,2
legal,2
finally,2
fighting,2
lights,2
defy,2
darkness,2
concerns,2
tv,2
honors,2
write,2
monday,2
yorkers,2
chance,2
injured,2
bus,2
crash,2
migrants,2
arrive,2
harris,2
jesus,2
green,2
pass,2
vacation,2
business,2
elon,2
speak,2
asks,2
pants,2
warming,2
brave,2
left,2
night,2
turned,2
staple,2
farmers,2
frigid,2
nashville,2
orlando,2
loss,2
guardia,2
performed,2
miracle,2
mother,2
adult,2
real,2
hospital,2
communities,2
homeless,2
atlanta,2
empire,2
anger,2
lonely,2
democracy,2
strategy,2
keeping,2
taylor,2
swift,2
means,2
breaks,2
bell,2
drops,2
living,2
baseball,2
struggling,2
jobs,2
freezing,2
academic,2
force,2
glass,2
spicy,2
owner,2
arctic,2
save,2
ban,2
pills,2
kentucky,2
drivers,2
bitter,2
facial,2
trillion,2
win,2
arts,2
stage,2
learn,2
songs,2
word,2
league,2
wish,2
unfulfilled,2
sought,2
safety,2
waves,2
walk,2
cathedral,2
tried,2
german,2
wait,2
eggs,2
season,2
pitch,2
narrative,2
comfort,2
positive,2
wall,2
subway,2
hero,2
flaw,2
exposed,2
guy,2
heart,2
caught,2
voice,2
die,2
patriot,2
influence,2
testimony,2
plans,2
rate,2
crypto,2
companies,2
festive,2
spirits,2
nuclear,2
hochul,2
talking,2
speech,2
oscar,2
killer,2
cargo,2
plead,2
fraud,2
actress,2
pot,1
braised,1
tied,1
offers,1
donors,1
access,1
justices,1
tony,1
vaccaro,1
photographed,1
soldier,1
perspective,1
recorded,1
steven,1
tyler,1
sexually,1
assaulting,1
ride,1
voted,1
cara,1
silva,1
preserved,1
defeats,1
swarm,1
bridgette,1
wimberly,1
playwright,1
librettist,1
dispatch,1
transforming,1
divulged,1
limited,1
details,1
naked,1
account,1
restored,1
fun,1
ronaldo,1
marked,1
opportunity,1
destroy,1
brand,1
mali,1
jailed,1
mercenaries,1
holocaust,1
monument,1
designated,1
memorial,1
plunged,1
doubling,1
johannesburg,1
grandfather,1
depression,1
competing,1
hijab,1
chess,1
battling,1
russians,1
roses,1
covering,1
cosmos,1
resetting,1
routine,1
workouts,1
georgia,1
seeds,1
librarians,1
meeting,1
younger,1
tiktok,1
pele,1
breakthrough,1
gave,1
mastermind,1
varsity,1
blues,1
devolve,1
criminology,1
diet,1
sends,1
goblin,1
eviscerate,1
kitchen,1
knowledge,1
environment,1
minor,1
offenses,1
sisterhood,1
efforts,1
operas,1
takeaways,1
shaping,1
andrew,1
tate,1
rape,1
romania,1
syria,1
action,1
creating,1
exiled,1
creature,1
avatar,1
tributes,1
pour,1
farewell,1
authors,1
lived,1
revises,1
protections,1
size,1
fills,1
gap,1
argues,1
fastest,1
undermine,1
image,1
successful,1
entrepreneur,1
giancarlo,1
esposito,1
plays,1
statistics,1
riveting,1
titans,1
hit,1
bump,1
hangover,1
checks,1
fled,1
continuing,1
murders,1
flees,1
meet,1
strongmen,1
weak,1
critics,1
signed,1
restrict,1
press,1
math,1
choreography,1
ground,1
meals,1
sky,1
album,1
nominated,1
grammy,1
sewer,1
harbor,1
teems,1
promised,1
homelessness,1
eviction,1
pacific,1
outcry,1
fukushima,1
wastewater,1
complex,1
vienna,1
philharmonic,1
tradition,1
happy,1
cop,1
coco,1
actor,1
named,1
mani,1
quebecer,1
exploring,1
quebec,1
antitrust,1
push,1
building,1
rally,1
ended,1
billionaires,1
row,1
clocks,1
scamming,1
yearbook,1
reverse,1
logistics,1
stuff,1
enemy,1
launch,1
massive,1
capital,1
wind,1
farms,1
towns,1
sedona,1
prince,1
catherine,1
statue,1
taken,1
odesa,1
mutual,1
dependence,1
ministers,1
strict,1
meter,1
decided,1
ate,1
slept,1
europeans,1
affecting,1
kiwi,1
began,1
bird,1
migration,1
finish,1
birth,1
soviet,1
illustrious,1
feet,1
match,1
perfect,1
harmony,1
offstage,1
loneliness,1
late,1
birthday,1
breaking,1
arguments,1
sealed,1
knew,1
someday,1
marry,1
possible,1
reported,1
abuse,1
prosecuted,1
suburban,1
payments,1
rent,1
myanmar,1
ousted,1
gets,1
sentence,1
acrostic,1
ohhh,1
ian,1
revered,1
canadian,1
folk,1
preventing,1
shorthand,1
perfection,1
lifetime,1
looks,1
witty,1
wise,1
unofficial,1
airline,1
meltdown,1
anxious,1
failures,1
surveillance,1
guard,1
sidney,1
punk,1
janitors,1
toilet,1
paper,1
outpace,1
seating,1
judges,1
confirmed,1
dept,1
amerisourcebergen,1
opioid,1
threatened,1
arrest,1
outbreak,1
scientific,1
guessing,1
scrambled,1
technique,1
impressed,1
kenji,1
alt,1
fighter,1
jet,1
flew,1
dangerously,1
plane,1
unlikely,1
parallels,1
momentous,1
dave,1
whitlock,1
fly,1
fishing,1
pelosi,1
ambassador,1
arata,1
isozaki,1
prolific,1
japanese,1
barbaric,1
downsides,1
later,1
dropped,1
bats,1
couldn,1
legally,1
recreational,1
cannabis,1
qualify,1
learning,1
fiasco,1
global,1
wildcat,1
rewild,1
weathering,1
recount,1
confirms,1
attorney,1
congressional,1
alzheimer,1
faults,1
maker,1
feasts,1
neglected,1
stole,1
superfans,1
economy,1
faring,1
century,1
fauci,1
annual,1
animation,1
whimsy,1
dread,1
personal,1
spare,1
shoulder,1
bonds,1
allies,1
algeria,1
cracks,1
remaining,1
independent,1
outlet,1
ruled,1
confusing,1
blighted,1
lift,1
ski,1
mecca,1
desperate,1
type,1
strengthen,1
relationships,1
broke,1
bronx,1
library,1
jersey,1
rocked,1
resting,1
racing,1
otto,1
hanks,1
learns,1
lessons,1
responds,1
collective,1
shrug,1
post,1
roe,1
hottest,1
neighborhoods,1
reputation,1
tatters,1
aims,1
resume,1
schedule,1
medical,1
debt,1
erased,1
africans,1
apartheid,1
bondage,1
spacex,1
mission,1
med,1
faraway,1
transforms,1
unforgettable,1
proposals,1
clutter,1
unstoppable,1
unsinkable,1
uninhibited,1
margo,1
build,1
rubin,1
sherlock,1
holmes,1
bourbon,1
mania,1
maybe,1
researcher,1
palestinians,1
fast,1
resolution,1
poetry,1
died,1
ago,1
silicon,1
valley,1
retrenches,1
talent,1
shift,1
accelerates,1
lasts,1
selling,1
urine,1
strange,1
rash,1
hiding,1
broken,1
parts,1
wanted,1
versatile,1
bedroom,1
option,1
choose,1
essaouira,1
morocco,1
threaten,1
administration,1
supplying,1
cambodian,1
reaped,1
education,1
lifting,1
cause,1
underground,1
network,1
los,1
angeles,1
indonesia,1
invade,1
lives,1
wearing,1
makeup,1
decir,1
gracias,1
cuatro,1
pasos,1
cruise,1
optimistic,1
concern,1
grows,1
withdraws,1
subpoena,1
seize,1
ed,1
illustrated,1
graphics,1
saw,1
widespread,1
service,1
interruptions,1
finger,1
pointing,1
complaints,1
subfreezing,1
crippled,1
months,1
giant,1
politicians,1
embellished,1
resumes,1
caused,1
jamie,1
raskin,1
announces,1
curable,1
form,1
cancer,1
daniel,1
boundary,1
defying,1
teenagers,1
pool,1
anymore,1
embraced,1
band,1
tales,1
investigations,1
dismay,1
virgin,1
islands,1
jpmorgan,1
epstein,1
scheme,1
requires,1
awful,1
milestone,1
whelan,1
detention,1
positions,1
dim,1
require,1
negative,1
titanic,1
parody,1
draws,1
exxon,1
mobil,1
block,1
airport,1
wirecutter,1
cheap,1
expectant,1
parent,1
doting,1
refugee,1
inquiries,1
spyware,1
investigates,1
jack,1
whitten,1
dia,1
beacon,1
rudy,1
gobert,1
worried,1
fail,1
central,1
worship,1
canned,1
beans,1
targeted,1
trials,1
harry,1
meghan,1
hackles,1
inauguration,1
oakland,1
mayor,1
rise,1
hmong,1
dazzle,1
fabulous,1
plot,1
gov,1
gretchen,1
whitmer,1
hardy,1
beloved,1
fixture,1
topples,1
cooked,1
danger,1
privacy,1
au,1
revoir,1
happiness,1
challenge,1
denmark,1
prayer,1
bolster,1
intergalactic,1
intergenerational,1
albums,1
visits,1
discuss,1
swaddling,1
luka,1
doncic,1
enters,1
uncharted,1
territory,1
illuminating,1
toni,1
morrison,1
manuscripts,1
criticize,1
listener,1
mailbag,1
easing,1
wartime,1
benedict,1
xvi,1
ill,1
francis,1
ashleigh,1
barty,1
comfortable,1
tennis,1
treasure,1
planet,1
odyssey,1
deserved,1
aim,1
rockets,1
driven,1
transportation,1
secretary,1
koreans,1
steely,1
nerves,1
shaken,1
remote,1
flock,1
airbnb,1
prices,1
providing,1
netflix,1
spread,1
misinformation,1
responsible,1
obscures,1
problems,1
lumberjack,1
disillusion,1
philosopher,1
makes,1
dumplings,1
vaccination,1
rates,1
boots,1
cost,1
cutting,1
mounts,1
nutrition,1
elinor,1
lipman,1
frothy,1
undertow,1
oregon,1
massachusetts,1
maryland,1
contingent,1
belief,1
laurie,1
lipton,1
magic,1
wilde,1
starring,1
cabeza,1
nuevo,1
pocket,1
almanac,1
proposal,1
cartoonist,1
pushes,1
maus,1
atmospheric,1
river,1
pounds,1
rain,1
leg,1
shed,1
light,1
considered,1
blanket,1
didn,1
bags,1
crowded,1
frustration,1
shattered,1
attendant,1
pleads,1
smuggle,1
ghost,1
loophole,1
chestnut,1
risotto,1
brest,1
cream,1
cheese,1
cake,1
mushroom,1
strata,1
deceived,1
tycoon,1
companion,1
india,1
gateway,1
drama,1
rekindle,1
championship,1
treasury,1
outlines,1
expulsion,1
abandoned,1
trips,1
presents,1
wreak,1
havoc,1
cozy,1
exports,1
nations,1
agreed,1
babies,1
aisle,1
overwhelmed,1
hospitals,1
leadership,1
remains,1
silent,1
brazilian,1
novelist,1
watt,1
quarterbacks,1
nightmare,1
tiktokers,1
reviewing,1
stranger,1
harassed,1
afterlife,1
discards,1
relics,1
glorious,1
tiny,1
knows,1
polished,1
smiling,1
guise,1
sense,1
congressman,1
grieve,1
sons,1
menahem,1
schmelzer,1
theological,1
seminary,1
librarian,1
dismantled,1
masculinity,1
meltdowns,1
sending,1
satellite,1
guided,1
literary,1
parties,1
agenda,1
iconic,1
bake,1
facts,1
copyright,1
adventure,1
creation,1
soon,1
property,1
plotting,1
michigan,1
governor,1
psychiatric,1
subdue,1
worse,1
age,1
bakery,1
sinatra,1
liked,1
pastries,1
kebab,1
aur,1
sharab,1
indian,1
opens,1
upper,1
gin,1
peppermint,1
cocktail,1
toast,1
crying,1
mourn,1
difficulties,1
reliant,1
lukashenko,1
affirm,1
ties,1
addressing,1
lee,1
myung,1
bak,1
ex,1
pardon,1
broadway,1
surviving,1
bull,1
mind,1
muscle,1
blowing,1
navalny,1
tool,1
pressure,1
missed,1
amazon,1
substations,1
tragic,1
cup,1
essence,1
argentine,1
expands,1
reach,1
dreamed,1
apartment,1
true,1
unexpected,1
spiegelman,1
chasing,1
virtual,1
floor,1
youngest,1
battlefront,1
natural,1
disasters,1
gaining,1
recover,1
smaller,1
hopping,1
grenadines,1
imagine,1
think,1
documentarian,1
travels,1
asking,1
eaten,1
podcasts,1
renaissance,1
rural,1
thrive,1
kendrick,1
lamar,1
raw,1
intimate,1
unconstrained,1
partner,1
praise,1
unfinished,1
basements,1
se,1
dice,1
webb,1
telescope,1
epidemics,1
weren,1
countries,1
shut,1
outbreaks,1
offices,1
vacant,1
storage,1
gym,1
retirees,1
fed,1
given,1
rebound,1
pro,1
doubts,1
paintings,1
mourns,1
edge,1
heavily,1
guarded,1
ebay,1
database,1
fingerprints,1
iris,1
scans,1
sheepish,1
utterance,1
admits,1
lying,1
college,1
attacked,1
discounts,1
escalation,1
francisco,1
elso,1
indelible,1
fatal,1
stabbings,1
spree,1
stopped,1
supporting,1
nightmares,1
menaces,1
proposes,1
summit,1
february,1
tap,1
endowment,1
embrace,1
groups,1
afghanistan,1
suspend,1
quarantine,1
incoming,1
potentially,1
striking,1
bahamas,1
lingering,1
sympathy,1
indicted,1
charges,1
motive,1
sibling,1
survivors,1
mass,1
resolve,1
letting,1
shelby,1
spenders,1
alabama,1
kindred,1
creator,1
viewers,1
question,1
assumptions,1
sikh,1
marine,1
wear,1
beards,1
boot,1
thorny,1
raised,1
charitable,1
roald,1
dahl,1
matilda,1
youth,1
revolt,1
turtles,1
fossil,1
banned,1
wordle,1
wrap,1
fanatic,1
nepal,1
revolving,1
door,1
produces,1
evacuate,1
switch,1
citizenship,1
term,1
reports,1
ukrainians,1
electrical,1
nurse,1
symbol,1
endurance,1
buoys,1
salt,1
african,1
fishermen,1
nord,1
holdouts,1
zero,1
proved,1
governance,1
harder,1
distillers,1
richmond,1
compelling,1
motorsports,1
looking,1
danica,1
patrick,1
harmful,1
bricklayer,1
rebuilds,1
gain,1
wells,1
arabia,1
improve,1
mental,1
waking,1
vu,1
everyday,1
layer,1
pioneer,1
fear,1
incursions,1
breach,1
triggering,1
alarms,1
offering,1
instructions,1
surrender,1
engels,1
casinos,1
vulnerable,1
clientele,1
older,1
gamblers,1
twist,1
rev,1
gigante,1
colorful,1
offense,1
rights,1
murky,1
confirmation,1
es,1
boxing,1
por,1
celebrarlo,1
shoes,1
offensive,1
kennedy,1
grader,1
chatbot,1
extra,1
snowed,1
saved,1
angels,1
upstate,1
freezes,1
arrived,1
epitome,1
precision,1
traveled,1
kathy,1
whitworth,1
holder,1
golf,1
buses,1
kamala,1
terry,1
hall,1
ska,1
revival,1
maya,1
ruiz,1
picasso,1
inspiration,1
memphis,1
phonics,1
movement,1
henri,1
matisse,1
body,1
climbing,1
transition,1
gift,1
pride,1
rescuers,1
rescuing,1
charles,1
king,1
seasons,1
broker,1
sell,1
bemoans,1
grave,1
famine,1
teaching,1
cursive,1
conservatives,1
rejecting,1
sovereignty,1
spreading,1
rapidly,1
suggest,1
rohingya,1
cue,1
chop,1
wood,1
lotus,1
bashed,1
bridge,1
raid,1
sirens,1
deploy,1
strategies,1
refill,1
applications,1
departments,1
lure,1
bonuses,1
book,1
metropolitan,1
item,1
illustration,1
drawn,1
humorista,1
recuerda,1
rara,1
su,1
familia,1
column,1
orthodox,1
celebrated,1
edison,1
customers,1
conserve,1
outdoor,1
vigil,1
queens,1
pairs,1
battery,1
powered,1
vest,1
trick,1
souls,1
paso,1
sanctuary,1
leek,1
za,1
atar,1
pie,1
thinking,1
warn,1
christopher,1
lowly,1
garlic,1
florida,1
chill,1
resonates,1
troubling,1
stuck,1
dreaming,1
minute,1
colossal,1
skate,1
films,1
communication,1
beckoned,1
beer,1
football,1
point,1
remove,1
confederate,1
monuments,1
campus,1
dig,1
unsuccessfully,1
chilly,1
popular,1
souvenir,1
ears,1
kari,1
lake,1
effort,1
overturn,1
recourse,1
ngos,1
threatening,1
worsen,1
prove,1
god,1
extremism,1
literature,1
identify,1
begins,1
fuel,1
tanker,1
wedged,1
beneath,1
overpass,1
explodes,1
puedes,1
adivinar,1
estas,1
unfit,1
drinking,1
indigenous,1
hardship,1
batters,1
uncomfortable,1
scary,1
noche,1
buena,1
dickens,1
haunts,1
conversation,1
christ,1
reasons,1
optimism,1
debilitating,1
illness,1
kris,1
wilkes,1
ready,1
syrian,1
rebuilt,1
chocolate,1
nova,1
scotia,1
fueling,1
fealty,1
nicholas,1
church,1
single,1
worst,1
averted,1
safe,1
analyzing,1
handbags,1
share,1
games,1
concert,1
credit,1
card,1
betting,1
apps,1
fan,1
gains,1
council,1
auctioneer,1
spends,1
sundays,1
jingle,1
swell,1
decide,1
shooter,1
neighbors,1
leash,1
dogs,1
yu,1
adrift,1
ghosts,1
playoff,1
picture,1
trivia,1
extravaganza,1
emergency,1
operate,1
official,1
reeling,1
destroyed,1
palestinian,1
brady,1
experiences,1
guess,1
strain,1
responders,1
alex,1
ovechkin,1
wayne,1
gretzky,1
nirvana,1
huddle,1
journalism,1
thom,1
philadelphia,1
soul,1
shakshuka,1
feta,1
crispy,1
pepperoni,1
kung,1
pao,1
cauliflower,1
noodles,1
shrimp,1
mustard,1
sauce,1
delight,1
thermometer,1
evidence,1
accountability,1
legacy,1
stuart,1
namm,1
blew,1
whistle,1
prosecutors,1
tory,1
lanez,1
megan,1
thee,1
stallion,1
alameda,1
executive,1
truly,1
sorry,1
collapse,1
basketball,1
sent,1
cover,1
girl,1
brother,1
staten,1
eyeballs,1
suddenly,1
grip,1
jdams,1
emily,1
sister,1
patricia,1
daly,1
giants,1
social,1
tennessee,1
endure,1
blackouts,1
warned,1
activity,1
attempt,1
divert,1
tshala,1
muana,1
congolese,1
danceable,1
messages,1
whiteout,1
loved,1
friendship,1
plainly,1
abortion,1
englanders,1
greeted,1
seasoned,1
acceptance,1
lawmaker,1
speaks,1
transgender,1
marks,1
anniversary,1
performance,1
worked,1
tweeted,1
overnight,1
jam,1
snowy,1
highway,1
ambivalence,1
advent,1
starting,1
feel,1
squeezed,1
cattle,1
contend,1
hungry,1
herds,1
approved,1
consists,1
thankfully,1
bail,1
charlene,1
mitchell,1
run,1
hair,1
clears,1
averting,1
realizing,1
car,1
mount,1
completely,1
letter,1
delivery,1
average,1
saturday,1
luxuries,1
fa,1
laing,1
caroler,1
hands,1
bells,1
venmo,1
cash,1
digital,1
wallets,1
loom,1
preparing,1
snowfall,1
alberto,1
zamperla,1
amusement,1
impresario,1
yacht,1
formidable,1
navigate,1
styles,1
economics,1
affairs,1
technology,1
screen,1
ease,1
hare,1
adjustments,1
horrors,1
heroes,1
disrupts,1
busy,1
flooding,1
vast,1
array,1
moods,1
mimi,1
kilgore,1
patron,1
kooning,1
muse,1
modern,1
variations,1
carol,1
deliberate,1
bomb,1
cyclone,1
premier,1
quite,1
follow,1
angela,1
lansbury,1
stephen,1
sondheim,1
appear,1
onion,1
californians,1
counterparts,1
panther,1
sequel,1
bob,1
haircut,1
zoey,1
deutch,1
enjoys,1
cooking,1
occasional,1
tracksuit,1
consumer,1
cooled,1
november,1
closely,1
watched,1
gauge,1
slowed,1
manuscript,1
publishing,1
fades,1
sailors,1
ship,1
scrutinized,1
odd,1
debts,1
lawsuits,1
epic,1
gunman,1
suspected,1
yankees,1
moving,1
mile,1
brutal,1
wasn,1
reversing,1
course,1
launches,1
ballistic,1
restaurant,1
critic,1
adnan,1
syed,1
freed,1
hired,1
georgetown,1
remarks,1
baseless,1
winds,1
freezer,1
pre,1
pummels,1
nation,1
cases,1
explode,1
convinces,1
orchestra,1
reflects,1
aftermath,1
words,1
approach,1
heaven,1
earth,1
held,1
deep,1
secret,1
grab,1
onesie,1
partying,1
breeding,1
smiles,1
shine,1
bright,1
budgets,1
tight,1
robot,1
competition,1
bubbles,1
desperately,1
fixes,1
description,1
protecting,1
literally,1
regret,1
uncertainty,1
jeep,1
imperils,1
candle,1
dog,1
stoned,1
christmastime,1
dollywood,1
reads,1
blackrock,1
socially,1
conscious,1
investing,1
antagonizes,1
sides,1
mack,1
knife,1
masterpiece,1
contemporary,1
putting,1
santa,1
reminded,1
comic,1
company,1
retirement,1
twists,1
roth,1
meaning,1
song,1
depending,1
wrote,1
ear,1
donald,1
disgraced,1
toy,1
lauren,1
spencer,1
disability,1
influencer,1
watch,1
defiantly,1
predicts,1
street,1
bankers,1
bonus,1
bust,1
tiene,1
descanso,1
crises,1
sweepstakes,1
prize,1
spurred,1
senators,1
cemented,1
helmet,1
hug,1
rest,1
weary,1
feeds,1
penguins,1
doorbell,1
divine,1
intervention,1
kick,1
votes,1
expand,1
prosecute,1
international,1
crimes,1
adam,1
schiff,1
fellow,1
members,1
forget,1
congressmen,1
cryptic,1
crossword,1
writer,1
tone,1
loc,1
thing,1
placing,1
capitol,1
riot,1
arbitrator,1
reinstates,1
trevor,1
bauer,1
defuse,1
squabbles,1
negotiator,1
ali,1
ahmed,1
aslam,1
credited,1
inventing,1
tikka,1
masala,1
seized,1
oligarchs,1
assets,1
fund,1
reconstruction,1
fiction,1
outreach,1
intensifies,1
shelter,1
used,1
joe,1
lieberman,1
kyrsten,1
sinema,1
warm,1
spaghetti,1
assassina,1
singed,1
tomato,1
pasta,1
buoyed,1
madison,1
garden,1
recognition,1
enemies,1
recalls,1
weighted,1
blankets,1
girls,1
witcher,1
origin,1
fantasy,1
prequel,1
emmett,1
till,1
gold,1
medal,1
vote,1
simply,1
prolonging,1
juilliard,1
misconduct,1
witness,1
told,1
lawyer,1
roughly,1
affected,1
adjust,1
abandon,1
struggled,1
revealing,1
barry,1
feinstein,1
foods,1
suspends,1
operations,1
meatpacking,1
plants,1
amsterdam,1
vegan,1
cashmere,1
feast,1
supercharge,1
snowstorms,1
sabotaging,1
mike,1
hodges,1
director,1
acclaimed,1
carter,1
delivering,1
wagner,1
journey,1
guitarist,1
bandmate,1
played,1
gigs,1
population,1
ticks,1
growth,1
stays,1
historic,1
lows,1
rush,1
initiatives,1
audit,1
depths,1
meets,1
staunch,1
ally,1
poland,1
shayok,1
misha,1
chowdhury,1
laura,1
grill,1
jaye,1
relentless,1
award,1
corsage,1
queen,1
quiet,1
rebellion,1
immigrant,1
youths,1
imposes,1
supply,1
navy,1
oldest,1
dims,1
writing,1
defined,1
changing,1
hong,1
kong,1
bipartisan,1
addressed,1
solves,1
problem,1
boozing,1
snorting,1
entertainment,1
brighter,1
economic,1
stoke,1
hikes,1
working,1
utmost,1
urgency,1
zone,1
zaporizhzhia,1
taps,1
latino,1
frog,1
hides,1
predators,1
silence,1
losing,1
inhibition,1
released,1
restrictions,1
minnesota,1
wave,1
intelligence,1
officers,1
received,1
dealing,1
whitney,1
houston,1
wanna,1
somebody,1
calls,1
reaching,1
destinations,1
des,1
moines,1
coffee,1
shop,1
determined,1
feed,1
crowd,1
pies,1
diner,1
muscarella,1
museum,1
conscience,1
shipping,1
choreographer,1
alexei,1
ratmansky,1
ballet,1
theater,1
millennium,1
mambo,1
lush,1
taipei,1
timeless,1
veggie,1
sandwiches,1
ingredient,1
bytedance,1
obtained,1
user,1
journalists,1
reading,1
erotica,1
pale,1
stolen,1
hearts,1
tortured,1
cross,1
ron,1
desantis,1
devastating,1
error,1
joyride,1
irresponsible,1
gender,1
equality,1
famous,1
bears,1
critiques,1
documentaries,1
wedding,1
faux,1
pas,1
play,1
suggestions,1
waiter,1
restaurants,1
scramble,1
brexit,1
avert,1
frostbite,1
hypothermia,1
youtube,1
reaches,1
sunday,1
prepare,1
agency,1
lucio,1
fontana,1
sculptor,1
perverse,1
latin,1
innovation,1
groucho,1
marx,1
dick,1
cavett,1
olive,1
sweatshirt,1
frontline,1
founder,1
increasingly,1
mess,1
omicron,1
added,1
mayhem,1
lifts,1
virginia,1
jennifer,1
mcclellan,1
primary,1
faith,1
emphatic,1
visit,1
provokes,1
outrage,1
ridicule,1
earn,1
largest,1
cities,1
oversight,1
peru,1
signals,1
trouble,1
forecast,1
trustee,1
prioritize,1
nyu,1
favors,1
doctor,1
disappeared,1
tripledemic,1
rages,1
fever,1
filled,1
weeks,1
lie,1
censors,1
sure,1
yippee,1
ki,1
yay,1
ruin,1
send,1
sheep,1
celebration,1
resilience,1
piece,1
connecticut,1
lesson,1
knuckles,1
braving,1
elements,1
iceland,1
polar,1
vortex,1
candyland,1
tracks,1
inspires,1
poet,1
kathleen,1
glasgow,1
lifted,1
tweeting,1
worth,1
microsoft,1
gambles,1
nice,1
activision,1
megadeal,1
writers,1
franco,1
inspired,1
army,1
albany,1
research,1
works,1
helping,1
carry,1
abilities,1
nikola,1
jokic,1
gifts,1
unborn,1
izh,1
adults,1
wilco,1
jeff,1
tweedy,1
haters,1
sharing,1
nepali,1
orders,1
camera,1
traced,1
phone,1
aliens,1
al,1
estilo,1
bollywod,1
convey,1
reality,1
flowing,1
sophisticated,1
legislators,1
salary,1
dispute,1
immigration,1
bollywood,1
playlist,1
tweets,1
aggravate,1
troubles,1
transcript,1
indirect,1
agrees,1
dismantle,1
containers,1
common,1
answer,1
executives,1
farm,1
taught,1
humility,1
taunts,1
march,1
steer,1
pet,1
projects,1
atrocity,1
routinely,1
audited,1
obama,1
raising,1
tells,1
lengthy,1
looms,1
anxiously,1
gods,1
bleed,1
bleeding,1
skipping,1
sold,1
profit,1
americanization,1
religion,1
talk,1
potato,1
fries,1
breast,1
thighs,1
bacon,1
chops,1
declaring,1
aggressor,1
message,1
evil,1
flags,1
losses,1
father,1
fusion,1
solve,1
grants,1
clemency,1
including,1
domestic,1
victim,1
mislead,1
voters,1
descent,1
flies,1
flag,1
enduring,1
defiance,1
neck,1
concedes,1
failings,1
fight,1
sonya,1
eddy,1
brink,1
rihanna,1
lady,1
gaga,1
shortlist,1
hannity,1
fox,1
doubted,1
claims,1
armour,1
hires,1
fresh,1
eyes,1
marriott,1
outlawing,1
private,1
ownership,1
cats,1
james,1
terror,1
counts,1
encourages,1
visitors,1
mets,1
add,1
fails,1
cookie,1
allowed,1
infection,1
oscars,1
strong,1
recession,1
looming,1
include,1
triathlon,1
summer,1
heat,1
disruptions,1
