pub_date,headline
2022-12-31 00:00:00,One-Pot Braised Pork Ragù
2022-12-30 23:49:48,A Charity Tied to the Supreme Court Offers Donors Access to the Justices
2022-12-30 23:16:12,"Tony Vaccaro, 100, Dies; Photographed War From a Soldier’s Perspective"
2022-12-30 23:05:16,Here’s what we learned from the authorities after a suspect was arrested in the Idaho killings.
2022-12-30 22:47:43,Moscow had not recorded a murder in seven years.
2022-12-30 22:36:17,Woman Accuses Steven Tyler of Sexually Assaulting Her in the 1970s
2022-12-30 22:27:17,A Soaring N.B.A. Star Brings His Friends Along for the Ride
2022-12-30 21:55:29,Juan Guaidó Is Voted Out as Leader of Venezuela’s Opposition
2022-12-30 21:54:07,Your Friday Evening Briefing
2022-12-30 21:47:50,"Cara De Silva, Food Historian Who Preserved Jewish Recipes, Dies at 83"
2022-12-30 21:34:04,"Ukraine Defeats Russian Drone Swarm, as NATO Head Says Kyiv Needs More Arms"
2022-12-30 21:33:45,"Bridgette Wimberly, Playwright and Librettist, Dies at 68"
2022-12-30 21:30:02,"Dispatch: Though far away, the war is transforming a Turkish resort town."
2022-12-30 20:58:58,The authorities have divulged limited details of the killings.
2022-12-30 20:51:13,Her Child’s Naked Dance Killed Her Google Account. New Appeals Path Restored It.
2022-12-30 20:35:22,"In the hours before they were killed, the four victims were out having fun."
2022-12-30 20:24:55,Ronaldo Signs With a Saudi Team
2022-12-30 20:18:46,"For Democrats, Spending Package Marked One Final Opportunity"
2022-12-30 20:11:23,Here’s what we know about the victims.
2022-12-30 20:09:49,"How to Destroy a Brand, Musk Style"
2022-12-30 20:07:55,They Said They Went to Mali to Keep the Peace. Now They’re Jailed as Mercenaries.
2022-12-30 20:05:29,61-Year-Old Holocaust Monument Designated a National Memorial
2022-12-30 20:04:43,"In a Bad Year for Stocks, Tesla Plunged 65%"
2022-12-30 20:00:09,Artists and Makers Are Doubling Down on Johannesburg
2022-12-30 20:00:08,My Great-Grandfather’s Life in the Great Depression
2022-12-30 19:58:18,"After Competing Without a Hijab, a Top Iranian Chess Player Won’t Return Home"
2022-12-30 19:33:10,"In a battered Ukrainian city, workers are battling winter, not the Russians."
2022-12-30 19:32:03,Days of Wins and Roses: Covering Pelé’s Cosmos
2022-12-30 19:26:59,Resetting Your Routine
2022-12-30 19:21:46,12 Workouts to Try in 2023
2022-12-30 19:16:51,Georgia and Ohio State Know All About No. 4 Seeds Making Title Runs
2022-12-30 19:07:51,Librarians Are Meeting Younger Readers Where They Are: TikTok
2022-12-30 18:30:32,Pele’s Breakthrough Gave Soccer a Black Star
2022-12-30 18:19:11,"Mastermind of Varsity Blues Scandal, Rick Singer, to Be Sentenced"
2022-12-30 18:15:28,How the Speaker’s Election Could Devolve Into Chaos
2022-12-30 18:06:23,Criminology Student Is Charged in 4 University of Idaho Killings
2022-12-30 17:33:05,This Diet App Sends a Goblin to Eviscerate Your Kitchen
2022-12-30 17:27:58,Test Your Knowledge of New York City's Climate and Environment
2022-12-30 17:26:06,"Biden Issues Six Pardons, Most for Minor Drug Offenses"
2022-12-30 17:14:02,"In Miami, a Dinner to Celebrate Creative Sisterhood"
2022-12-30 16:54:38,The Met’s Efforts to Increase Ticket Sales for Operas
2022-12-30 16:43:37,"In Battered Ukrainian City, the Latest Battle is Against Winter"
2022-12-30 16:38:56,Key Takeaways From Trump’s Tax Returns
2022-12-30 16:31:09,The Forces Shaping 2023
2022-12-30 16:28:00,Andrew Tate Is Charged With Human Trafficking and Rape in Romania
2022-12-30 16:10:59,The Weekender
2022-12-30 16:03:33,Attack on Oil Workers in Eastern Syria Kills at Least 10
2022-12-30 16:00:07,Five Action Movies to Stream Now
2022-12-30 16:00:06,Creating the Exiled Sea Creature of ‘Avatar: The Way of Water’
2022-12-30 16:00:04,What to Cook This Weekend
2022-12-30 15:46:35,Tributes Pour In as Brazil Prepares to Bid Pelé Farewell
2022-12-30 15:31:54,When Pelé Took New York by Storm
2022-12-30 15:00:30,Do You Know Where These Authors (and Their Characters) Have Lived?
2022-12-30 15:00:09,"Ahead of Major Court Case, E.P.A. Revises Clean-Water Protections"
2022-12-30 14:54:33,"Thick Mall, a Market for ‘Size L and Up,’ Fills the Gap"
2022-12-30 14:26:09,NATO’s chief argues that giving more weapons to Ukraine is the fastest path to peace talks.
2022-12-30 14:05:07,Trump Tax Returns Undermine His Image as a Successful Entrepreneur
2022-12-30 14:00:12,Giancarlo Esposito Plays Other People So He Can Know Himself
2022-12-30 14:00:12,Turning Sports Statistics Into Riveting Cinema
2022-12-30 13:26:13,Unmotivated Cowboys Beat Unmotivated Titans
2022-12-30 12:39:07,"Deal-Making Thrived, Then Hit a Road Bump"
2022-12-30 12:29:10,A Housing Market Hangover
2022-12-30 11:41:09,‘The Daily’ checks in with a Russian man who fled the draft.
2022-12-30 11:29:22,A Continuing Drop in Murders
2022-12-30 11:00:07,One Man Flees Putin’s Draft: An Update
2022-12-30 10:44:34,"Xi and Putin Meet Again, Two Strongmen in a Weak Moment"
2022-12-30 10:42:33,Critics say a new media law signed by Zelensky could restrict press freedom in Ukraine.
2022-12-30 10:40:32,"With Only Dozens of Cancellations on Friday, Southwest Steps Closer to Normal"
2022-12-30 10:01:31,Have I Been Good or Bad This Year? Here’s Some New Math.
2022-12-30 10:00:38,The Choreography on the Ground That Puts Meals in the Sky
2022-12-30 10:00:25,These Young Musicians Made an Album. Now It’s Nominated for a Grammy.
2022-12-30 10:00:22,"Once an Open Sewer, New York Harbor Now Teems With Life. Thank the Clean Water Act."
2022-12-30 10:00:22,They Were Promised an End to Homelessness. Now They Face Eviction.
2022-12-30 10:00:19,"In the Pacific, Outcry Over Japan’s Plan to Release Fukushima Wastewater"
2022-12-30 10:00:19,The Complex History Behind a Vienna Philharmonic Tradition
2022-12-30 10:00:16,Happy Low-Key New Year!
2022-12-30 10:00:15,"A Cop Called Coco, an Actor Named Mani, a Quebecer Exploring Quebec"
2022-12-30 10:00:15,An Architect of Biden’s Antitrust Push Is Leaving the White House
2022-12-30 10:00:15,She’s Building a Little Jewish Magazine on Big Ideas
2022-12-30 10:00:15,The Year the Long Stock Market Rally Ended
2022-12-30 10:00:14,A ‘Bargain’ on Billionaires’ Row Still Clocks in at $50 Million
2022-12-30 10:00:13,The Airlines Know They Are Scamming Us
2022-12-30 10:00:10,What a 1985 Novel Can Tell Us About Life in the 2020s: Almost Everything
2022-12-30 10:00:05,"What Happened in 2022? A Look at the Year, in Charts."
2022-12-30 10:00:05,The 2022 High School Yearbook of American Politics
2022-12-30 10:00:01,5 Things to Do This Weekend
2022-12-30 10:00:01,The ‘Reverse Logistics’ of Returning Stuff
2022-12-30 10:00:01,6 New Paperbacks to Read This Week
2022-12-30 09:52:21,‘The enemy continues to launch massive air attacks on Ukraine’s capital city.’
2022-12-30 08:00:11,The U.S. Will Need Thousands of Wind Farms. Will Small Towns Go Along?
2022-12-30 08:00:08,Sedona Prince Has a Good Feeling About the Next Era
2022-12-30 08:00:04,Spelling Bee Forum
2022-12-30 06:06:13,A Catherine the Great statue is taken down in Odesa.
2022-12-30 06:06:13,A call between Xi and Putin highlights their mutual dependence.
2022-12-30 06:00:06,Netanyahu’s New Ministers Have Very Strict Ideas About Who Is a Jew
2022-12-30 06:00:06,"The Monster in My Home Was a Meter, and It Decided Whether I Ate and Slept"
2022-12-30 06:00:05,"Europeans, How Is the Energy Crisis Affecting You?"
2022-12-30 05:58:35,"Welcome to Little Kiwi, N.Y.C."
2022-12-30 05:56:48,When the Times Square Ball Drop Began at Midnight
2022-12-30 05:29:56,A Bird’s (and Bear’s) Eye View of Migration
2022-12-30 05:29:39,Where You Start and Where You Finish
2022-12-30 05:19:54,Your Friday Briefing
2022-12-30 05:01:50,"100 Years Since the Birth of the Soviet Union, in Pictures"
2022-12-30 05:01:01,"Corrections: Dec. 30, 2022"
2022-12-30 05:01:00,"Quotation of the Day: The Beautiful Game’s Illustrious Face, With the Feet to Match"
2022-12-30 05:00:11,Two Musicians Find the Perfect Harmony On and Offstage
2022-12-30 05:00:06,Day 30: The Loneliness and Joy of a Late-December Birthday
2022-12-30 05:00:06,When Breaking the Rules Has the Best Consequences
2022-12-30 05:00:06,A Trip (Without Arguments) That Sealed the Deal
2022-12-30 05:00:06,"At 16, He Knew They Would Someday Marry. He Was Right."
2022-12-30 05:00:06,Is Something This Good Even Possible?
2022-12-30 04:57:42,Reported Sexual Abuse at California Prep School Won’t Be Prosecuted
2022-12-30 03:41:58,"Santos, a Suburban House and $11,000 in Campaign Payments for ‘Rent’"
2022-12-30 03:16:06,"Myanmar’s Ousted Leader Gets 33 Years in Prison, a Likely Life Sentence"
2022-12-30 03:02:02,Variety: Acrostic
2022-12-30 03:00:05,Ohhh …
2022-12-30 02:25:16,The Great News Quiz of 2022
2022-12-30 02:12:23,"Ian Tyson, Revered Canadian Folk Singer, Dies at 89"
2022-12-30 01:55:41,"Biden Signs Government Funding Bill, Preventing Shutdown"
2022-12-30 01:25:07,What Can Stranded Travelers Expect From Southwest?
2022-12-30 01:07:56,"Pelé, a Name That Became Shorthand for Perfection"
2022-12-30 01:07:10,"Vivienne Westwood, a Lifetime of Looks"
2022-12-30 01:00:04,20 Witty and Wise Pieces of Advice for 2023
2022-12-30 00:44:12,Southwest Is California’s ‘Unofficial Airline.’ The Meltdown Has Residents Anxious.
2022-12-30 00:05:24,Jan. 6 Transcripts Detail Failures in Surveillance and National Guard Response
2022-12-30 00:00:08,The Sidney Awards
2022-12-29 23:54:47,How the Buffalo Blizzard Became So Deadly
2022-12-29 23:29:28,"Vivienne Westwood, 81, Dies; Brought Provocative Punk Style to High Fashion"
2022-12-29 22:57:59,"What’s Gone at Twitter? A Data Center, Janitors, Some Toilet Paper."
2022-12-29 22:56:49,"Democrats Outpace Trump in Seating Federal Judges, With 97 Confirmed"
2022-12-29 22:45:35,Russian Missile Barrage Staggers Ukraine’s Air Defenses
2022-12-29 22:45:01,Your Thursday Evening Briefing
2022-12-29 22:37:00,Justice Dept. Sues AmerisourceBergen Over Role in Opioid Crisis
2022-12-29 22:35:58,"Their Flights Canceled, Southwest Travelers Were Threatened With Arrest"
2022-12-29 22:33:43,How Bad Is China’s Covid Outbreak? It’s a Scientific Guessing Game.
2022-12-29 22:16:31,The Scrambled Egg Technique That Impressed J. Kenji López-Alt
2022-12-29 21:49:46,U.S. Says Chinese Fighter Jet Flew Dangerously Close to American Plane
2022-12-29 21:34:05,Unlikely Parallels in a Year of Momentous Deaths
2022-12-29 21:02:22,Your Friday Briefing: Israel’s New Government
2022-12-29 20:49:52,"Dave Whitlock, a Star of the Fly-Fishing World, Dies at 88"
2022-12-29 20:23:48,Advice From a Political Daughter: ‘Every Woman Needs a Paul Pelosi’
2022-12-29 20:23:21,Pelé Was Brazil’s Ambassador to the World
2022-12-29 20:14:38,"Arata Isozaki, Prolific Japanese Architect, Dies at 91"
2022-12-29 20:08:29,How Much Watching Time Do You Have This Weekend?
2022-12-29 19:57:09,Washington condemns the latest Russian attacks in Ukraine as ‘barbaric.’
2022-12-29 19:54:20,"The Downsides of Using ‘Buy Now, Pay Later’"
2022-12-29 19:46:53,"When Temperatures Dropped in Texas, the Bats Couldn’t Take It"
2022-12-29 19:45:07,Pelé Will Live Forever
2022-12-29 19:40:55,Now You Can Legally Buy Recreational Cannabis in New York
2022-12-29 19:29:51,"Pelé, the Story in Pictures"
2022-12-29 19:25:37,Which Electric Vehicles Qualify for Federal Tax Credits?
2022-12-29 19:19:29,What Can the House Do to Address George Santos’s Falsehoods?
2022-12-29 19:11:08,Learning From the Southwest Airlines Fiasco
2022-12-29 19:03:31,"Pelé, the Global Face of Soccer, Dies at 82"
2022-12-29 19:02:53,‘Wildcat’ Review: Rescue and Rewild
2022-12-29 18:30:50,"At a park in Kyiv, residents tell of weathering attacks and making the most of the time in between."
2022-12-29 18:26:34,Recount Confirms Democrat’s Victory in Arizona’s Attorney General Race
2022-12-29 18:00:12,9 New Books We Recommend This Week
2022-12-29 18:00:10,Congressional Inquiry into Alzheimer’s Drug Faults Its Maker and F.D.A.
2022-12-29 18:00:04,Sweet and Savory Feasts
2022-12-29 17:51:43,"Met Opera Takes On ‘Fedora,’ Neglected Tale of Murder and Love"
2022-12-29 17:51:31,Southwest Stole Christmas. It Still Has Superfans.
2022-12-29 17:31:55,"For now, Russia’s economy is faring better than expected under Western sanctions."
2022-12-29 17:30:04,"After Half a Century, Fauci Prepares for Life After Government"
2022-12-29 17:29:50,‘Annual Animation Show of Shows’ Review: A Mix of Whimsy and Dread
2022-12-29 17:23:06,Personal Stories About Coming Out
2022-12-29 17:13:47,How to Spare Yourself From Shoulder Pain
2022-12-29 17:00:00,"Israel’s Hard-Line Government Takes Office, Testing Bonds With Allies"
2022-12-29 16:57:52,Algeria Cracks Down on Last Remaining Independent Media Outlet
2022-12-29 16:17:11,Death of Missing Princeton Student Ruled a Suicide
2022-12-29 16:11:38,Tax Credits for Electric Vehicles Are About to Get Confusing
2022-12-29 16:00:14,10 New Books Coming in January
2022-12-29 15:44:01,Why New York State Insists That the Penn Station Area Is ‘Blighted’
2022-12-29 15:42:07,"Free Lift Passes, Anyone? Japan’s Ski Mecca Is Desperate for Workers."
2022-12-29 15:13:57,"Belarus says it shot down a Ukrainian missile, the type Ukraine uses for air defense."
2022-12-29 15:04:12,6 Ways to Strengthen Your Relationships in 2023
2022-12-29 14:00:12,Two Crosswords That Almost Broke Wordplay
2022-12-29 14:00:10,Homes for Sale in Manhattan and the Bronx
2022-12-29 14:00:10,A Music Historian Takes a Top Job at the New York Public Library
2022-12-29 14:00:09,Homes for Sale in New York and New Jersey
2022-12-29 14:00:09,A Spelling Bee That Rocked the Forum
2022-12-29 14:00:08,T Magazine’s Favorite Homes of 2022
2022-12-29 14:00:04,Wordplay’s Favorite Crosswords of 2022
2022-12-29 12:20:48,Turning the Page on 2022
2022-12-29 12:00:11,"Rich Strike Is Resting, but He’s Not Done Racing"
2022-12-29 12:00:06,‘A Man Called Otto’ Review: Tom Hanks Learns Life Lessons
2022-12-29 12:00:06,‘Turn Every Page’ Review: It’s Not Done Yet
2022-12-29 11:51:26,Pictures of the Year
2022-12-29 11:39:07,China Responds to U.S. Covid Testing Rule With a Collective Shrug
2022-12-29 11:15:35,The latest Russian strikes are likely to renew Ukrainian appeals for air defense systems.
2022-12-29 11:00:12,A Post-Roe America: An Update
2022-12-29 11:00:06,Are These New York City’s Hottest Neighborhoods for 2023?
2022-12-29 10:34:43,"Its Reputation in Tatters, Southwest Aims to Resume Normal Schedule on Friday"
2022-12-29 10:30:10,Medical Debt Is Being Erased in Ohio and Illinois. Is Your Town Next?
2022-12-29 10:00:35,"For Black South Africans, Apartheid Was a ‘House of Bondage’"
2022-12-29 10:00:31,31 Hours Inside SpaceX Mission Control
2022-12-29 10:00:26,Moscow on the Med: A Faraway War Transforms a Turkish Resort Town
2022-12-29 10:00:24,10 Unforgettable Marriage Proposals
2022-12-29 10:00:23,Clutter Is Good for You
2022-12-29 10:00:23,"The Unstoppable, Unsinkable, Uninhibited Margo Price"
2022-12-29 10:00:22,Where’s the Best Place to Build a Casino in New York City?
2022-12-29 10:00:20,Rick Rubin Wants You to Read Sherlock Holmes Before You’re 21
2022-12-29 10:00:20,Where Did All the Bargain Bourbon Go? Blame the Whiskey Mania.
2022-12-29 10:00:19,Maybe the Southwest Debacle Is the Disaster We Needed
2022-12-29 10:00:19,The 2022 Good Tech Awards
2022-12-29 10:00:19,"As a Researcher, I Study the Health of Palestinians. It’s Time to Pay Attention."
2022-12-29 10:00:18,Do You Want to Buy a House in Canada? Not So Fast.
2022-12-29 10:00:18,One Resolution You Might Just Keep
2022-12-29 10:00:17,Poetry Died 100 Years Ago This Month
2022-12-29 10:00:17,"As Silicon Valley Retrenches, a Tech Talent Shift Accelerates"
2022-12-29 10:00:15,The Next House Speaker Should Come From Outside the House
2022-12-29 10:00:15,Support That Lasts
2022-12-29 10:00:14,Does Best-Selling Advice Stand the Test of Time?
2022-12-29 10:00:07,He Had Blood in His Urine and a Strange Rash. What Was Going On?
2022-12-29 10:00:07,Poem: 01.05.16
2022-12-29 10:00:05,Judge John Hodgman on Hiding the Broken Parts of Our Past
2022-12-29 10:00:02,"They Wanted a Versatile One-Bedroom in Chicago for About $200,000. Which Option Did They Choose?"
2022-12-29 10:00:01,"36 Hours in Essaouira, Morocco"
2022-12-29 09:33:11,Russia’s strikes threaten to keep Ukraine in the dark for the New Year holidays.
2022-12-29 08:53:55,The Biden administration tries to stop Iran from supplying Russia with drones.
2022-12-29 08:28:27,Fire at Cambodian Casino Near Thai Border Kills at Least 19
2022-12-29 08:01:51,A Year of Being the Most
2022-12-29 08:00:34,How Hasidic Schools Reaped a Windfall of Special Education Funding
2022-12-29 08:00:16,Will Lifting Title 42 Cause a Border Crisis? It’s Already Here.
2022-12-29 08:00:15,Inside an Underground Network of Los Angeles Museums
2022-12-29 08:00:13,Finding Community in Indonesia’s Disaster Once More
2022-12-29 08:00:11,The Tech That Will Invade Our Lives in 2023
2022-12-29 08:00:07,Spelling Bee Forum
2022-12-29 08:00:07,Why Are So Many Women Wearing Red Eye Makeup?
2022-12-29 08:00:05,Día 29: Cómo decir ‘Gracias’ en cuatro pasos
2022-12-29 07:53:12,Russia’s barrage of cruise missiles and drones staggers Ukraine’s air defenses.
2022-12-29 07:06:43,The One-Week Marriage That’s a Back Story to the Opera ‘Fedora’
2022-12-29 05:58:26,"Ukraine gives an optimistic update on its power grid, but concern grows about coming holidays."
2022-12-29 05:31:37,Your Thursday Briefing
2022-12-29 05:03:05,Jan. 6 Committee Withdraws Its Subpoena of Trump
2022-12-29 05:01:01,"Corrections: Dec. 29, 2022"
2022-12-29 05:01:01,Quotation of the Day: Hasidic Schools Seize on Special Ed Windfall
2022-12-29 05:00:09,Day 29: An Illustrated Guide to Saying Thank You
2022-12-29 05:00:08,N.F.L. Week 17 Predictions: Our Picks for Each Game
2022-12-29 03:30:40,2022: The Year in Visual Stories and Graphics
2022-12-29 03:03:27,Suspect in California Serial Killings Is Charged With 4 More
2022-12-29 03:00:07,Saw the Sights
2022-12-29 02:08:25,Twitter Users Report Widespread Service Interruptions
2022-12-29 01:25:03,"In Buffalo, Finger-Pointing and Growing Complaints Over Storm Response"
2022-12-29 00:26:02,"In Much of the South, Subfreezing Weather Crippled Water Systems"
2022-12-28 23:52:40,"10 Months Into Job, Southwest’s C.E.O. Faces a Giant Crisis"
2022-12-28 23:45:42,"George Santos Is in a Class of His Own. But Other Politicians Have Embellished Their Resumes, Too."
2022-12-28 23:32:54,What Caused the Chaos at Southwest
2022-12-28 23:28:56,Jamie Raskin Announces He Has a ‘Serious but Curable’ Form of Cancer
2022-12-28 23:24:06,"Daniel Brush, Boundary-Defying Artist, Is Dead at 75"
2022-12-28 23:10:40,White Men Charged in Attack on Black Teenagers at Pool in South Africa
2022-12-28 23:10:21,‘This Is Not About the Pandemic Anymore’: Public Health Law Is Embraced as Border Band-Aid
2022-12-28 23:09:26,The Sad Tales of George Santos
2022-12-28 22:41:27,"George Santos Faces Federal and Local Investigations, and Public Dismay"
2022-12-28 22:38:18,U.S. Virgin Islands Sues JPMorgan Over Epstein Sex-Trafficking Scheme
2022-12-28 22:14:51,Your Wednesday Evening Briefing
2022-12-28 21:10:59,Your Thursday Briefing: The U.S. Requires Covid Tests for Travelers From China
2022-12-28 20:38:57,‘An awful milestone’: Paul Whelan’s detention in Russia hits four years.
2022-12-28 20:35:44,Hard-Line Positions by Russia and Ukraine Dim Hope for Peace Talks
2022-12-28 20:25:04,U.S. to Require Negative Covid Tests for Travelers Coming From China
2022-12-28 20:17:20,"A ‘Titanic’ Parody Show That Draws Fans Near, Far, Wherever They Are"
2022-12-28 20:09:40,Exxon Mobil sues to try to block a European windfall tax.
2022-12-28 20:08:53,What’s in Our Queue? Art Pop and More
2022-12-28 19:46:15,You’re Stranded at the Airport. Now What?
2022-12-28 19:09:30,A ‘Once in a Generation’ Storm. What’s the Role of Climate Change?
2022-12-28 19:00:00,Ask Wirecutter: Cheap New Year’s Eve
2022-12-28 18:38:29,"The Storm’s Victims: An Expectant Parent, a Doting Daughter, a Refugee"
2022-12-28 18:20:25,Lawmakers Signal Inquiries Into U.S. Government’s Use of Foreign Spyware
2022-12-28 18:08:08,Republicans Step Up Attacks on F.B.I. as It Investigates Trump
2022-12-28 17:47:22,"Jack Whitten’s ‘Lost Chapter,’ Now at Dia:Beacon"
2022-12-28 17:39:30,Rudy Gobert Isn’t Worried About the People Waiting for Him to Fail
2022-12-28 17:35:21,The cultural toll of Russia’s invasion shows how central it is to the conflict.
2022-12-28 17:25:43,Here’s Yet Another Reason to Worship Canned Beans
2022-12-28 17:17:15,Iranian Soccer Great’s Family Is Targeted After He Supports Protests
2022-12-28 17:12:50,The Trials of Harry and Meghan
2022-12-28 17:09:05,Israel’s New Hard-Line Government Raises Hackles Ahead of Inauguration
2022-12-28 17:04:50,Oakland’s Next Mayor Highlights Political Rise of Hmong Americans
2022-12-28 16:55:16,Machine Dazzle: How Many Ways Can You Say Fabulous?
2022-12-28 16:47:48,Man Receives Nearly 20 Years in Prison for Plot to Kidnap Gov. Gretchen Whitmer
2022-12-28 16:45:49,"The Hardy Tree, a Beloved Fixture of a London Cemetery, Topples Over"
2022-12-28 16:16:58,13 Recipes Our Food Staff Cooked on Repeat in 2022
2022-12-28 16:00:10,The Signal App and the Danger of Privacy at All Costs
2022-12-28 16:00:03,Say Au Revoir to 2022 With a French Pastry
2022-12-28 15:56:57,What to Know About the Times Square Ball Drop on New Year’s Eve
2022-12-28 15:40:28,Sign Up for Well’s 7-Day Happiness Challenge
2022-12-28 15:18:18,Denmark May End Great Prayer Day Holiday as It Seeks to Bolster Military
2022-12-28 15:00:16,Making Intergalactic and Intergenerational Art
2022-12-28 15:00:06,5 Classical Music Albums You Can Listen to Right Now
2022-12-28 14:37:39,France’s defense minister visits Kyiv to discuss further military support.
2022-12-28 14:35:24,This 2022 ‘Best of’ List Includes Swaddling a Chicken
2022-12-28 14:16:57,60-21-10: Luka Doncic Enters Uncharted Territory
2022-12-28 14:00:07,Illuminating Toni Morrison’s Manuscripts at Princeton
2022-12-28 14:00:03,How Can I Be Closer to My In-Laws When They Criticize Me Behind My Back?
2022-12-28 13:52:54,"Year-End Listener Mailbag: Your 2022 Questions, Part 1"
2022-12-28 12:52:01,The Numbers in the News
2022-12-28 12:40:38,"China’s Easing of Travel Rules Met With Joy, and Some Anxiety"
2022-12-28 12:16:27,"In a wartime mystery, the Baltic seabed provides a nearly ideal crime scene."
2022-12-28 12:03:16,"Former Pope Benedict XVI Is ‘Very Ill,’ Francis Says"
2022-12-28 12:00:09,"After Retiring at 25, Ashleigh Barty Is Comfortable in a Life Outside Tennis"
2022-12-28 12:00:07,‘Treasure Planet’ at 20: Disney’s Failed Space Odyssey Deserved to Soar
2022-12-28 11:31:57,China’s New Covid Chapter
2022-12-28 11:02:26,Moscow takes aim at Kherson City with missiles and rockets.
2022-12-28 11:00:10,A View of the Beginning of Time: An Update
2022-12-28 10:38:22,"Southwest’s Woes No Longer ‘Weather-Driven,’ Transportation Secretary Says"
2022-12-28 10:26:40,South Koreans’ Steely Nerves Are Shaken by North Korean Drones
2022-12-28 10:00:31,"As Remote Workers Flock to Mexico City, Airbnb and Housing Prices Soar"
2022-12-28 10:00:23,U.S. Scrambles to Stop Iran From Providing Drones for Russia
2022-12-28 10:00:22,Stream These 7 Movies and Shows Before They Leave Netflix in January
2022-12-28 10:00:22,"As Covid-19 Continues to Spread, So Does Misinformation About It"
2022-12-28 10:00:21,Eight Important Moments in Responsible Fashion This Year
2022-12-28 10:00:21,Race for G.O.P. Chair Obscures the Party’s Bigger Problems
2022-12-28 10:00:21,What Does It Take to Become the No. 1 Lumberjack?
2022-12-28 10:00:18,Use Your Disillusion: A Philosopher Makes the Case
2022-12-28 10:00:18,Call This Violence What It Is
2022-12-28 10:00:18,How Do You Make Your New Year Even Better? Dumplings.
2022-12-28 10:00:18,Covid Isn’t the Only Reason Children’s Vaccination Rates Are Falling
2022-12-28 10:00:17,What Do Your Dream Boots Look Like?
2022-12-28 10:00:14,How the House of Trump Was Built
2022-12-28 10:00:14,Google Employees Brace for a Cost-Cutting Drive as Anxiety Mounts
2022-12-28 10:00:13,9 Nutrition Tips for the New Year
2022-12-28 10:00:09,Elinor Lipman’s Frothy New Novel Has Serious Undertow
2022-12-28 10:00:05,"$2.8 Million Homes in Oregon, Massachusetts and Maryland"
2022-12-28 10:00:04,Sam Bankman-Fried’s Power Was Contingent on Belief
2022-12-28 10:00:00,"Newly Published Visual Books, From Laurie Lipton to Plant Magic"
2022-12-28 08:00:15,"Wild and Wilde: At Celebrity Cemetery, Nature Takes on Starring Role"
2022-12-28 08:00:03,Spelling Bee Forum
2022-12-28 08:00:03,Día 28: Cómo perdí la cabeza la víspera de Año Nuevo
2022-12-28 06:15:59,The Pocket Chinese Almanac Sees Some Hope for 2023
2022-12-28 06:03:18,Russia rejects a new Ukrainian proposal for peace talks.
2022-12-28 06:00:05,European Cinema Has Still Got It
2022-12-28 05:23:48,Your Wednesday Briefing
2022-12-28 05:01:02,"Corrections: Dec. 28, 2022"
2022-12-28 05:01:01,Quotation of the Day: Cartoonist Pushes on Amid the ‘Maus’ Chaos
2022-12-28 05:00:08,Day 28: How I Lost My Head on New Year’s Eve
2022-12-28 04:43:16,5 Dead as ‘Atmospheric River’ Pounds Western U.S. With Rain and Snow
2022-12-28 03:11:04,Get a Leg Up
2022-12-28 02:58:24,Jan. 6 Transcripts Shed New Light on How Trump Considered Blanket Pardons
2022-12-28 02:28:43,"You Didn’t Make It to St. Louis, but Your Bags Did. Here’s What to Do."
2022-12-28 02:03:34,"At a Crowded Border Camp in Mexico, Frustration and Shattered Hopes"
2022-12-28 00:41:50,Flight Attendant Pleads Guilty to Trying to Smuggle Fentanyl
2022-12-28 00:08:36,A.T.F. Moves to Close ‘Ghost Guns’ Loophole in Federal Rule
2022-12-28 00:00:00,Chestnut Risotto
2022-12-28 00:00:00,Paris-Brest
2022-12-28 00:00:00,Cream Cheese Pound Cake
2022-12-28 00:00:00,Mushroom-Butternut Squash Strata
2022-12-27 23:54:29,Republican Jewish Coalition Says Santos ‘Deceived Us’ About His Heritage
2022-12-27 23:48:52,Your Tuesday Evening Briefing
2022-12-27 23:41:29,A Russian tycoon and his travel companion are found dead in India.
2022-12-27 23:33:22,Ukraine and Russia Battle for a Gateway City in the East
2022-12-27 22:58:34,Nets Cut the Drama and Rekindle Championship Hopes
2022-12-27 22:58:06,Treasury Department Outlines Rules for New Corporate Taxes
2022-12-27 21:31:24,"Migrant Expulsion Policy Must Stay in Place for Now, Supreme Court Says"
2022-12-27 21:19:37,"Abandoned Trips, Lost Presents: Southwest Cancellations Wreak Holiday Havoc"
2022-12-27 21:00:03,Finding That Cozy Feeling
2022-12-27 20:55:20,Putin bans oil exports to nations that agreed to a Western price cap.
2022-12-27 20:39:50,Babies in First Class: Which Side of the Aisle Are You On?
2022-12-27 20:34:29,Your Wednesday Briefing: China’s Overwhelmed Hospitals
2022-12-27 20:32:05,G.O.P. Leadership Remains Silent Over George Santos’s Falsehoods
2022-12-27 20:25:46,"Nélida Piñon, Provocative Brazilian Novelist, Is Dead at 85"
2022-12-27 20:24:20,"J.J. Watt, Quarterbacks’ Nightmare, Is Retiring From the N.F.L."
2022-12-27 20:06:02,"TikTokers Were Reviewing In-N-Out, Until a Stranger Harassed Them for Being Asian"
2022-12-27 20:00:12,The Afterlife of Your Holiday Discards
2022-12-27 19:38:23,"In Penn Station, Relics of a Glorious Past"
2022-12-27 19:30:10,Tiny Love Stories: ‘He Knows Better by Now’
2022-12-27 19:09:47,"A Musical Modernist’s Newly Polished, Smiling Guise"
2022-12-27 18:58:03,Did the Tesla Story Ever Make Sense?
2022-12-27 18:55:09,
2022-12-27 18:55:06,
2022-12-27 18:55:04,
2022-12-27 18:53:32,George Santos: What We Know and Don’t Know About the New Congressman
2022-12-27 18:48:26,"In a city a few hours from Moscow, mothers grieve their sons but don’t resent Putin’s war."
2022-12-27 18:41:36,"Menahem Schmelzer, Jewish Theological Seminary Librarian, Dies at 88"
2022-12-27 18:39:14,The Year Pop’s Men Dismantled Their Masculinity
2022-12-27 18:34:02,Well’s Favorite Health Tips of the Year
2022-12-27 17:50:42,Travel Meltdowns in Recent History
2022-12-27 17:06:00,The U.S. is sending satellite-guided weapons to Kyiv. How will they help?
2022-12-27 17:00:12,A Literary Scene Where Parties Are Part of the Agenda
2022-12-27 16:59:43,The Iconic French Pastry You Should Bake for a New Year’s Party
2022-12-27 16:57:00,"George Santos, the Falsehoods and the Facts"
2022-12-27 16:38:47,Thousands Will Live Here One Day (as Long as They Can Find Water)
2022-12-27 16:29:53,Mickey’s Copyright Adventure: Early Disney Creation Will Soon Be Public Property
2022-12-27 16:21:09,Man Sentenced to 16 Years in Prison for Plotting to Kidnap Michigan’s Governor
2022-12-27 16:00:09,"Parents Often Bring Children to Psychiatric E.R.s to Subdue Them, Study Finds"
2022-12-27 16:00:08,Why Does My Sleep Become Worse as I Age?
2022-12-27 15:33:15,The New York Bakery Where Frank Sinatra Liked to Buy Pastries
2022-12-27 15:21:02,"Kebab aur Sharab, Celebrating Indian Food, Opens on the Upper West Side"
2022-12-27 15:17:54,A Gin and Peppermint Cocktail to Toast 2023
2022-12-27 15:10:07,‘It Was Just a Crying Day’: Families Mourn Those Killed in the Storm
2022-12-27 14:49:14,Ukraine’s difficulties on the bond markets leave it more reliant on foreign aid.
2022-12-27 14:26:54,Lukashenko and Putin Affirm Close Ties Without Addressing Ukraine
2022-12-27 13:51:23,"Lee Myung-bak, South Korean Ex-President, Receives Pardon"
2022-12-27 13:00:06,‘Broadway Rising’ Review: Surviving the Pandemic
2022-12-27 12:24:35,The Bull-and-Bear Case for 2023
2022-12-27 12:00:07,Some Days It’s Mind Over Muscle. Other Days It’s Blowing Minds.
2022-12-27 11:58:43,Navalny accuses the prison authorities of using his health as a tool to put pressure on him.
2022-12-27 11:20:54,Stories You Might Have Missed in 2022
2022-12-27 11:00:04,How Two Friends Beat Amazon and Built a Union: An Update
2022-12-27 10:46:09,"Southwest’s Debacle, Which Stranded Thousands, to Be Felt for Days"
2022-12-27 10:29:31,"Attacks on 4 Washington Substations Cut Power to Thousands, Officials Say"
2022-12-27 10:17:13,‘Tragic Battle’: On the Front Lines of China’s Covid Crisis
2022-12-27 10:00:43,"Far From the World Cup, the Essence of Argentine Soccer Expands Its Reach"
2022-12-27 10:00:37,"They Dreamed of a Bigger Apartment. Little by Little, It Came True."
2022-12-27 10:00:37,"In Record Numbers, an Unexpected Migrant Group Is Fleeing to the U.S."
2022-12-27 10:00:35,Art Spiegelman on Life With a ‘500-Pound Mouse Chasing Me’
2022-12-27 10:00:33,"Finding Community, and Freedom, on the Virtual Dance Floor"
2022-12-27 10:00:30,How Will We Eat in 2023? Here Are 10 Predictions.
2022-12-27 10:00:29,"149 Shot, 16 Dead: Gunfire’s Rising Toll on New York City’s Youngest."
2022-12-27 10:00:25,When Cultural Heritage Becomes a Battlefront
2022-12-27 10:00:24,Battered by Natural Disasters and Gaining the Support to Recover
2022-12-27 10:00:22,You’re Going to Need a Smaller Boat: Island Hopping in the Grenadines
2022-12-27 10:00:22,Is A.I. the Future of Test Prep?
2022-12-27 10:00:20,‘I Can’t Imagine Who Would Think It’s OK to Take Food Away From Kids’
2022-12-27 10:00:20,A Documentarian Travels the World Asking: ‘Have You Eaten Yet?’
2022-12-27 10:00:18,5 Podcasts About the Royal Family
2022-12-27 10:00:16,A Policy Renaissance Is Needed for Rural America to Thrive
2022-12-27 10:00:16,"Kendrick Lamar’s New Chapter: Raw, Intimate and Unconstrained"
2022-12-27 10:00:08,My Partner’s Parents Stay With Us Every Weekend. Do I Get a Say?
2022-12-27 10:00:08,In Praise of Unfinished Basements
2022-12-27 09:00:02,Día 27: ¿Qué se dice de Kwanzaa?
2022-12-27 08:04:18,"A Russian military unit killed dozens in Bucha, a Times investigation shows."
2022-12-27 08:00:18,The Webb Telescope Is Just Getting Started
2022-12-27 08:00:14,Epidemics That Weren’t: How Countries Shut Down Recent Outbreaks
2022-12-27 08:00:13,What Would It Take to Turn More Offices Into Housing?
2022-12-27 08:00:13,"Getting Creative With Vacant Office Space: Storage, Gym, Film Set"
2022-12-27 08:00:11,Retirees Are One Reason the Fed Has Given Up on a Big Worker Rebound
2022-12-27 08:00:09,‘Most Pro-Union President’ Runs Into Doubts in Labor Ranks
2022-12-27 08:00:04,Spelling Bee Forum
2022-12-27 06:59:23,"No Corrections: Dec. 27, 2022"
2022-12-27 06:25:30,2 Paintings at the Met Ask Us to Look at America
2022-12-27 05:09:31,"Russian City Mourns Its Lost Soldiers, but Doesn’t Resent Putin’s War"
2022-12-27 05:07:20,Ukrainian forces edge closer to a heavily guarded city in the east.
2022-12-27 05:02:03,Your Tuesday Briefing
2022-12-27 05:01:08,For Sale on eBay: A Military Database of Fingerprints and Iris Scans
2022-12-27 05:00:07,Day 27: What Are Kids Saying About Kwanzaa?
2022-12-27 03:00:05,Sheepish Utterance
2022-12-26 23:48:35,George Santos Admits to Lying About College and Work History
2022-12-26 23:01:11,"Russian Air Base Is Attacked, as Ukraine Discounts Escalation Threat"
2022-12-26 22:51:39,Juan Francisco Elso’s Indelible Art of América
2022-12-26 22:25:10,Man Arrested in 2 Fatal Stabbings During 4-Day Spree in Manhattan
2022-12-26 21:33:42,Soccer Star Says His Family Stopped From Leaving Iran for Supporting Protests
2022-12-26 21:30:05,How citizen spies foiled Putin’s grand plan for one Ukrainian city.
2022-12-26 21:22:50,Thousands of Canceled Flights Cap Holiday Weekend of Travel Nightmares
2022-12-26 20:56:49,Your Tuesday Briefing: China Menaces Taiwan
2022-12-26 20:04:26,Ukraine’s foreign minister proposes peace summit for February.
2022-12-26 20:00:12,Pandemic Woes Lead Met Opera to Tap Endowment and Embrace New Work
2022-12-26 19:44:43,Aid Groups in Afghanistan Suspend Work After Taliban Bar Female Staff
2022-12-26 19:33:48,China to Drop Covid Quarantine for Incoming Travelers
2022-12-26 19:10:55,Attacks inside Russia potentially complicate Moscow’s campaign of striking Ukraine’s energy grid.
2022-12-26 18:45:28,"In the Bahamas, a Lingering Sympathy for Sam Bankman-Fried"
2022-12-26 18:43:38,Paris Shooting Suspect Indicted on Charges of Murder With Racist Motive
2022-12-26 18:32:46,Bakhmut’s final food stand finds a way to keep the pizza coming.
2022-12-26 17:58:46,"For Sibling Survivors of a Mass Shooting, Christmas Is an Act of Resolve"
2022-12-26 17:55:27,Is the Inflation Storm Letting Up?
2022-12-26 17:15:08,"Shelby, One of the Senate’s Last Big Spenders, ‘Got Everything’ for Alabama"
2022-12-26 16:43:31,‘Kindred’ Creator Wants Viewers to ‘Question Their Assumptions’
2022-12-26 16:42:01,Court Rules Sikh Marine Recruits Can Wear Beards at Boot Camp
2022-12-26 16:00:05,The Thorny Questions Raised by Charitable Giving
2022-12-26 16:00:03,What to Cook Right Now
2022-12-26 15:32:31,28 Dead in ‘Once in a Generation’ Blizzard in Western New York
2022-12-26 15:08:49,‘Roald Dahl’s Matilda the Musical’ Review: Youth in Revolt
2022-12-26 14:04:33,It’s Turtles All the Way Down in the Fossil Record
2022-12-26 14:00:06,When Books for Children Are Banned
2022-12-26 14:00:04,Wordle Wrap-Up: Dec. 19 to 25
2022-12-26 14:00:03,Diary of a Spelling Bee Fanatic
2022-12-26 13:35:38,Nepal’s Revolving Door Produces a New Leader but No Hoped-For Change
2022-12-26 12:32:51,"After a deadly weekend attack, the authorities in Kherson renew their appeal for people to evacuate."
2022-12-26 12:00:07,"After a Switch in Citizenship, a Return to Long-Term Goals"
2022-12-26 11:32:56,What You Read
2022-12-26 11:29:55,‘The Daily’ reports from the road with Ukraine’s refugees.
2022-12-26 11:00:09,On the Road With Ukraine’s Refugees: An Update
2022-12-26 10:20:39,Zelensky warns Ukrainians that Russia might strike the electrical grid before New Year’s Eve.
2022-12-26 10:00:35,The I.C.U. Nurse: A Symbol of Endurance
2022-12-26 10:00:26,"Nets, Buoys, Salt, Ice. For West African Fishermen, ‘Everything’ Is Going Up."
2022-12-26 10:00:25,"In Nord Stream Mystery, Baltic Seabed Provides a Nearly Ideal Crime Scene"
2022-12-26 10:00:22,The Last Holdouts
2022-12-26 10:00:21,"With ‘Zero Covid,’ China Proved It’s Good at Control. Governance Is Harder."
2022-12-26 10:00:21,These Women Distillers Are Rising With the American Whiskey Boom
2022-12-26 10:00:20,"For Richmond, a Compelling New Chapter"
2022-12-26 10:00:18,Motorsports Is Looking for the Next Danica Patrick. And the One After That.
2022-12-26 10:00:18,"Blue States Want Red States to Face Consequences, but Travel Bans Are Harmful"
2022-12-26 10:00:18,A Bricklayer Rebuilds His Life
2022-12-26 10:00:16,"I’ve Had Enough of My Parents’ ‘No Pain, No Gain’"
2022-12-26 10:00:16,"Arizona Is in a Race to the Bottom of Its Water Wells, With Saudi Arabia’s Help"
2022-12-26 10:00:15,Small Steps to Improve Your Mental Health in 2023
2022-12-26 10:00:11,Waking Up From the American Dream
2022-12-26 10:00:10,Welcome to the Winter of Our Déjà Vu
2022-12-26 10:00:09,$4 Million Homes in California
2022-12-26 10:00:04,What’s the Best Everyday Base Layer?
2022-12-26 10:00:01,An A.I. Pioneer on What We Should Really Fear
2022-12-26 09:52:35,"With Record Military Incursions, China Warns Taiwan and the U.S."
2022-12-26 09:50:31,"North Korean Drones Breach Border, Triggering Alarms in South"
2022-12-26 08:23:45,Ukraine is offering Russian soldiers detailed instructions on how to surrender to its drones.
2022-12-26 08:18:25,The drone attack is the second aimed at Engels air base this month.
2022-12-26 08:00:19,Casinos Target a Vulnerable Clientele: Older Asian Gamblers
2022-12-26 08:00:16,One Final Twist in the Rev. Louis Gigante’s Colorful Life: A Son
2022-12-26 08:00:15,"Democrats, Feeling New Strength, Plan to Go on Offense on Voting Rights"
2022-12-26 08:00:10,Biden’s Pick to Lead F.A.A. Faces Murky Road to Confirmation
2022-12-26 08:00:05,Día 26: ¿Qué es el ‘Boxing Day’ y por qué deberíamos celebrarlo?
2022-12-26 08:00:03,Spelling Bee Forum
2022-12-26 08:00:01,"For Trump, the Legal Shoes Finally Drop"
2022-12-26 07:01:16,There was no holiday from fighting on the eastern front line.
2022-12-26 07:00:19,"In Ukraine, Christmas lights defy the darkness of war."
2022-12-26 07:00:05,The president of Belarus is in Russia amid concerns of a new offensive in Ukraine.
2022-12-26 06:00:06,What’s on TV This Week: Kennedy Center Honors and New Year’s Eve
2022-12-26 05:02:54,Did a Fourth Grader Write This? Or the New Chatbot?
2022-12-26 05:02:03,Your Monday Briefing
2022-12-26 05:00:03,Day 26: Who Doesn’t Need an Extra Holiday?
2022-12-26 04:49:48,"No Corrections: Dec. 26, 2022"
2022-12-26 04:46:53,"Quotation of the Day: Stranded, Snowed In and Saved by Angels as Upstate Freezes Over"
2022-12-26 01:47:43,"For Newly Arrived New Yorkers, a Chance to Celebrate"
2022-12-25 23:09:54,4 Dead and Dozens Injured in Bus Crash in Canada on Christmas Eve
2022-12-25 23:00:05,Epitome of Precision
2022-12-25 22:31:23,They Traveled From South Korea. They Got Stranded Near Buffalo.
2022-12-25 22:05:30,"Kathy Whitworth, Record-Holder for U.S. Golf Wins, Dies at 83"
2022-12-25 21:00:02,Your Monday Briefing
2022-12-25 20:58:59,Buses of Migrants Arrive at Kamala Harris’s Home on Christmas Eve
2022-12-25 20:38:55,"Terry Hall, a Face of Britain’s Ska Revival, Is Dead at 63"
2022-12-25 19:27:25,"Maya Ruiz-Picasso, Artist’s Daughter and Inspiration, Dies at 87"
2022-12-25 17:13:38,"In Memphis, the Phonics Movement Comes to High School"
2022-12-25 16:00:09,How Henri Matisse (and I) Got a ‘Beautiful Body’
2022-12-25 16:00:09,"Ice Climbing Is Having Its Moment, but How Much Longer Will the Ice Be Around?"
2022-12-25 16:00:08,"Having a Hard Christmas? Jesus Did, Too"
2022-12-25 16:00:08,This Year Was the Beginning of a Green Transition
2022-12-25 16:00:07,My Christmas Gift to Myself: Pride
2022-12-25 16:00:03,What to Cook This Week
2022-12-25 15:26:28,"In Buffalo, Even the Rescuers Needed Rescuing"
2022-12-25 15:10:08,Charles Charts a Path as a King for All Holiday Seasons
2022-12-25 15:00:05,‘Broker’ Review: It Takes a Village to Sell a Child
2022-12-25 14:59:12,"In Christmas Address, Pope Bemoans ‘Grave Famine of Peace’"
2022-12-25 14:30:07,Teaching Cursive Is Passé. Should It Be?
2022-12-25 14:26:01,Conservatives in Western Canada Pass Law Rejecting Federal Sovereignty
2022-12-25 12:51:12,"Covid Is Spreading Rapidly in China, New Signs Suggest"
2022-12-25 12:02:09,Times Past
2022-12-25 12:00:09,They Came Out of Nowhere. Then They Went Everywhere.
2022-12-25 11:11:30,U.N. Fears 180 Rohingya Refugees in Stranded Boat Are Dead
2022-12-25 10:00:18,How Citizen Spies Foiled Putin’s Grand Plan for One Ukrainian City
2022-12-25 10:00:18,Germany’s Energy Crisis Is a Cue to Chop Wood and Stock Up
2022-12-25 10:00:10,Is It Time for a ‘White Lotus’ Vacation?
2022-12-25 10:00:05,The Week in Business: Who Comes After Elon Musk?
2022-12-25 09:56:07,"Another Day, Another Crash: Life by Britain’s Most Bashed Bridge"
2022-12-25 09:05:38,"Putin Insists He Is Open to Talks, as Air-Raid Sirens Sound Across Ukraine"
2022-12-25 09:02:30,Quotation of the Day: Police Deploy New Strategies to Refill Ranks
2022-12-25 08:00:14,"In Ukraine, Christmas Lights Defy Darkness of War, and Children Ask for Peace"
2022-12-25 08:00:14,"As Applications Fall, Police Departments Lure Recruits With Bonuses and Attention"
2022-12-25 08:00:10,Welcome to The Times. Did You Sign the Book?
2022-12-25 08:00:07,The Best Metropolitan Diary Item of 2022: The Readers Speak
2022-12-25 08:00:06,The Joy of Illustration
2022-12-25 08:00:06,Spelling Bee Forum
2022-12-25 08:00:06,"Drawn Away, but Not to a Close"
2022-12-25 08:00:06,Día 25: Un humorista recuerda la rara Navidad judía de su familia
2022-12-25 08:00:03,A Local Column With Fans Around the World
2022-12-25 07:06:48,"Corrections: Dec. 25, 2022"
2022-12-25 05:00:10,Day 25: That Time an Orthodox Jew Celebrated Christmas
2022-12-25 02:07:15,Con Edison asks New York City customers to conserve energy.
2022-12-25 01:24:50,"For an outdoor vigil, one Queens man hoped four pairs of pants and a battery-powered warming vest would do the trick."
2022-12-25 00:56:48,"Even in dangerous conditions, a few brave souls in Buffalo are out."
2022-12-25 00:22:03,"In El Paso, migrants find sanctuary at a bus station."
2022-12-25 00:00:00,"Butternut Squash, Leek and Za’atar Pie"
2022-12-24 23:08:31,He left work on Friday morning and still has not made it home.
2022-12-24 23:00:06,Novel Thinking
2022-12-24 22:57:28,What We Learned From Week 16 in the N.F.L.
2022-12-24 22:00:49,"Officials in Buffalo warn of a cold, dangerous night ahead."
2022-12-24 21:43:08,"Don Christopher, Who Turned Lowly Garlic Into a Staple, Dies at 88"
2022-12-24 21:42:32,"For farmers in Florida, the chill resonates in a troubling way."
2022-12-24 20:52:13,"Stuck in Brooklyn, dreaming of a Buffalo Christmas."
2022-12-24 20:32:10,"In New York City, last-minute shoppers brave the frigid weather."
2022-12-24 20:27:10,"Even for Buffalo, this storm is colossal."
2022-12-24 20:00:08,Making Skate Films Into Art
2022-12-24 19:45:57,Communication issues leave residents in the dark amid Nashville power outages.
2022-12-24 19:29:02,"In the Buffalo area, a community comes to life, beckoned by beer and football."
2022-12-24 19:14:11,West Point to Remove Confederate Monuments From Its Campus
2022-12-24 18:55:01,"In Buffalo, residents are trying to dig out — unsuccessfully."
2022-12-24 18:33:29,"In chilly Orlando, the most popular souvenir isn’t Mickey Mouse ears."
2022-12-24 18:13:45,Arizona Judge Rejects Kari Lake’s Effort to Overturn Her Election Loss
2022-12-24 17:00:37,La Guardia flight delays and cancellations leave travelers with little recourse.
2022-12-24 16:04:46,"Taliban Bar Women From NGOs, Threatening to Worsen Crisis"
2022-12-24 16:00:09,How Would You Prove That God Performed a Miracle?
2022-12-24 16:00:09,How Americans Can Stand Against Extremism
2022-12-24 16:00:08,Did the Mother of Young Adult Literature Identify as a Man?
2022-12-24 16:00:08,The Jan. 6 Report Is Out. Now the Real Work Begins.
2022-12-24 16:00:08,This Was the Year Everything Changed in Germany
2022-12-24 15:59:37,Fuel Tanker Wedged Beneath Overpass Explodes Near Hospital in South Africa
2022-12-24 15:58:55,Día 24: ¿Puedes adivinar estas 12 películas navideñas?
2022-12-24 15:49:28,"With Unfit Drinking Water, Indigenous Communities in Canada Bear Hardship"
2022-12-24 15:39:27,"Storm Batters Canada, Leaving Thousands Without Power"
2022-12-24 15:35:45,"For a homeless woman near Atlanta, the cold isn’t just uncomfortable. It’s also scary."
2022-12-24 15:32:19,"In Nashville, power outages complicate the holiday."
2022-12-24 15:07:37,"In Buffalo, it was ‘a very, very bad night in our community.’"
2022-12-24 14:40:51,It’s Noche Buena
2022-12-24 14:00:07,Why Dickens Haunts Us
2022-12-24 14:00:06,A Christmas Conversation About Christ
2022-12-24 13:00:03,Reasons for Optimism in 2023
2022-12-24 12:00:08,"Back From a Debilitating Illness, Kris Wilkes Is Ready for His Chance"
2022-12-24 11:18:41,Your Favorite Things of 2022
2022-12-24 11:00:03,The Syrian Family That Rebuilt a Chocolate Empire in Nova Scotia
2022-12-24 10:34:50,"At Least 10 Killed in Kherson Shelling, Fueling Anger Over Christmas Strikes"
2022-12-24 10:00:51,"Putin Wants Fealty, and He’s Found It in Africa"
2022-12-24 10:00:32,St. Nicholas (the Church) Has Come to Town
2022-12-24 10:00:31,"Lonely, Single and Over 50? China Has a Game Show for That."
2022-12-24 10:00:30,How the Worst Fears for Democracy Were Averted in 2022
2022-12-24 10:00:28,A High-Tech Strategy for Keeping Drug Users Safe: Analyzing Their Fentanyl
2022-12-24 10:00:27,What’s the Big Deal About Handbags?
2022-12-24 10:00:26,Readers Share Their Favorite Books of 2022
2022-12-24 10:00:25,N.B.A. Christmas Day Games: What to Know
2022-12-24 10:00:25,When a Taylor Swift Concert Means Getting Your First Credit Card
2022-12-24 10:00:25,Betting Apps Can Make Anyone a Sports Fan. Even Me.
2022-12-24 10:00:24,"G.O.P. Gains Strength on N.Y. City Council, as a Democrat Breaks Ranks"
2022-12-24 10:00:23,How a Celebrity Auctioneer Spends His Sundays
2022-12-24 10:00:15,Jingle Bell Time Is a Swell Time to Decide About a 2024 Campaign
2022-12-24 10:00:13,The Shooter Drops By for Dinner
2022-12-24 10:00:11,My Neighbors Won’t Leash Their Dogs. What Can I Do?
2022-12-24 10:00:08,"For An Yu, the Living Are More Adrift Than the Ghosts"
2022-12-24 10:00:07,Week 16 N.F.L. Playoff Picture: A Team-by-Team Guide
2022-12-24 10:00:05,The 2022 Baseball Trivia Extravaganza
2022-12-24 09:52:50,"Emergency workers in the Buffalo area are struggling to operate in blizzard conditions, an official says."
2022-12-24 08:00:23,Winter Storm Leaves Buffalo and Its Region Reeling
2022-12-24 08:00:16,A Christmas Tree Brings Life to a Destroyed Palestinian Village
2022-12-24 08:00:04,Spelling Bee Forum
2022-12-24 08:00:03,The Tom Brady of Other Jobs
2022-12-24 06:37:49,Gunfire at Mall of America Leaves One Dead and Shoppers Fleeing
2022-12-24 05:41:26,"Corrections: Dec. 24, 2022"
2022-12-24 05:33:13,Quotation of the Day: ‘Just Part of Life’: Experiences With Egg Freezing
2022-12-24 05:12:32,Listen. Can You Guess These 12 Christmas Movies?
2022-12-24 05:00:15,Britain’s Soaring Energy Costs Strain Crisis Responders
2022-12-24 03:14:26,Alex Ovechkin Has 802 Goals. Wayne Gretzky Is Next in His Sights.
2022-12-24 03:00:05,Step Toward Nirvana
2022-12-24 02:46:37,University of California Academic Workers End Strike
2022-12-24 00:47:30,"In Buffalo, families huddle in dark, cold homes."
2022-12-24 00:30:06,‘Snow Fall’ at 10: How It Changed Journalism
2022-12-24 00:23:53,"Thom Bell, a Force Behind the Philadelphia Soul Sound, Dies at 79"
2022-12-24 00:00:00,Shakshuka With Feta
2022-12-24 00:00:00,Crispy Pepperoni Chicken
2022-12-24 00:00:00,Kung Pao Cauliflower
2022-12-24 00:00:00,Glass Noodles With Shrimp and Spicy Mustard Sauce
2022-12-23 23:58:24,A mix of anxiety and delight as the thermometer drops in Orlando.
2022-12-23 23:40:28,"With Detailed Evidence and a Call for Accountability, Jan. 6 Panel Seeks a Legacy"
2022-12-23 23:40:08,"Stuart Namm, 89, Dies; Judge Blew Whistle on Police and Prosecutors"
2022-12-23 23:27:51,Tory Lanez Found Guilty of Shooting Megan Thee Stallion
2022-12-23 23:14:34,Alameda Executive Says She Is ‘Truly Sorry’ for Her Role in FTX Collapse
2022-12-23 23:08:06,An OK Basketball Player Hopes to Be a Great N.B.A. Team Owner
2022-12-23 23:00:11,Your Friday Evening Briefing
2022-12-23 22:51:05,An Iowa Sports Reporter Was Sent to Cover the Weather. He Did Not Like It.
2022-12-23 22:43:41,"Girl, 5, and Brother, 6, Are Killed in a Staten Island House Fire"
2022-12-23 22:26:10,Can eyeballs really freeze? People suddenly in the grip of Arctic temperatures want to know.
2022-12-23 22:24:28,Jan. 6 Report Leaves Questions About What Happened in Trump’s S.U.V.
2022-12-23 22:22:33,What Are JDAMs? And What Will They Do For Ukraine?
2022-12-23 22:06:52,Emily Is Still in Paris. Why Are We Still Watching?
2022-12-23 21:32:19,"Sister Patricia Daly, 66, Dies; Took On Corporate Giants on Social Justice"
2022-12-23 21:25:33,Tennessee Residents Endure Blackouts and Are Warned to Save Power
2022-12-23 21:19:45,Ukraine’s spy chief says Russian activity in Belarus is an attempt to divert Ukraine’s forces.
2022-12-23 21:13:57,"Tshala Muana, Congolese Singer With Danceable Messages, Dies at 64"
2022-12-23 21:11:01,"In Buffalo, whiteout conditions and frigid temperatures force a travel ban."
2022-12-23 21:04:18,Why Jesus Loved Friendship
2022-12-23 20:55:54,"Threat of Invasion From Belarus Low, Says Ukraine Spy Chief"
2022-12-23 20:37:42,The F.D.A. Now Says It Plainly: Morning-After Pills Are Not Abortion Pills
2022-12-23 20:37:40,Many New Englanders greeted the storm with a seasoned acceptance.
2022-12-23 20:33:50,Kentucky Lawmaker Speaks Out About Transgender Son’s Suicide
2022-12-23 20:20:39,A Christmas staple from Ukraine marks the 100th anniversary of its first American performance.
2022-12-23 20:15:25,She Worked for Twitter. Then She Tweeted at Elon Musk.
2022-12-23 20:14:12,Drivers were stranded overnight in a jam on a snowy Kentucky highway.
2022-12-23 20:00:08,The Ambivalence of Advent
2022-12-23 20:00:08,Russia Is Starting to Feel Squeezed by Sanctions
2022-12-23 20:00:07,Cattle farmers in Iowa contend with bitter cold and hungry herds.
2022-12-23 19:55:24,The nearly $50 billion Congress approved for Ukraine consists mostly of military support.
2022-12-23 19:35:47,"Temperatures are falling in Atlanta. The snow, thankfully, isn’t."
2022-12-23 19:29:18,How Did Sam Bankman-Fried Make His $250 Million Bail?
2022-12-23 19:24:45,"Charlene Mitchell, 92, Dies; First Black Woman to Run for President"
2022-12-23 19:22:10,‘I’ve never felt my facial hair freeze before.’
2022-12-23 19:06:26,"House Clears $1.7 Trillion Spending Package, Averting Shutdown"
2022-12-23 18:57:35,Americans Are Realizing Tesla Isn’t the Only Electric Car
2022-12-23 18:49:31,Is Israel on ‘a Dangerous Path’ as Netanyahu Takes Power?
2022-12-23 18:14:52,"As cancellations mount, La Guardia is ‘completely out of flights.’"
2022-12-23 18:14:33,Love Letter: A Mysterious Delivery
2022-12-23 18:13:35,The Weekender
2022-12-23 18:03:24,Russian shelling hits Ukraine’s south and east as Zelensky returns to Kyiv.
2022-12-23 18:01:22,More than half of the U.S. will have below-average temperatures on Saturday morning.
2022-12-23 18:00:05,Little Luxuries
2022-12-23 17:57:41,"After 40 Years of Fa-La-Laing, a New York Caroler Hands In His Bells"
2022-12-23 17:46:49,"I.R.S. Delays Tax Change for Users of Venmo, Cash App and Other Digital Wallets"
2022-12-23 17:30:59,"As Power Outages Loom, Some Are Preparing Christmas Dinner Early"
2022-12-23 17:30:32,Why can a warming climate increase snowfall?
2022-12-23 17:21:05,"Alberto Zamperla, Amusement Park Impresario, Is Dead at 71"
2022-12-23 17:14:18,"In a Long Race Like the Sydney Hobart, How Does the Crew Sleep?"
2022-12-23 17:11:38,"At the Sydney Hobart Yacht Race, a Female Crew of Two"
2022-12-23 17:08:06,Notable Deaths of 2022
2022-12-23 17:08:00,The Sydney Hobart Is a Dream to Win and Formidable to Navigate
2022-12-23 17:07:21,Notable Deaths of 2022: Arts and Styles
2022-12-23 17:07:01,Notable Deaths of 2022: Books
2022-12-23 17:06:23,Notable Deaths of 2022: Business and Economics
2022-12-23 17:05:55,Notable Deaths of 2022: Music
2022-12-23 17:05:34,Notable Deaths of 2022: Politics and Public Affairs
2022-12-23 17:04:48,Notable Deaths of 2022: Science and Technology
2022-12-23 17:04:26,Notable Deaths of 2022: Sports
2022-12-23 17:03:20,Notable Deaths of 2022: Stage and Screen
2022-12-23 17:02:20,"Long lines ease at Chicago O’Hare, as travelers hope to avoid flight delays."
2022-12-23 16:49:19,"Christmas is still coming to Ukraine, with a few adjustments."
2022-12-23 16:37:44,"In Museums About Horrors, Children Learn of the Heroes"
2022-12-23 16:36:30,Winter Storm Disrupts Thousands of Flights on a Busy Holiday Travel Day
2022-12-23 16:28:05,"Arctic air hits New York State, along with some flooding."
2022-12-23 16:26:53,12 New Christmas Songs for a Vast Array of Holiday Moods
2022-12-23 16:13:44,"Mimi Kilgore, Arts Patron and de Kooning Muse, Dies at 87"
2022-12-23 16:00:03,What to Cook This Weekend
2022-12-23 16:00:03,How Well Do You Know Modern Variations of “A Christmas Carol”?
2022-12-23 15:52:03,Word of the Day: deliberate
2022-12-23 15:30:38,What Is a ‘Bomb Cyclone’?
2022-12-23 15:30:02,"The Premier League Is Back, With Quite an Act to Follow"
2022-12-23 15:30:00,6 Paperbacks to Read This Week
2022-12-23 15:09:50,Zelensky’s wish list of weapons went mostly unfulfilled on his trip to Washington.
2022-12-23 15:00:06,How Angela Lansbury and Stephen Sondheim Came to Appear in ‘Glass Onion’
2022-12-23 14:00:22,How Californians Are Celebrating the Holidays
2022-12-23 14:00:07,‘Babylon’: A Guide to the Characters and Their Real-Life Counterparts
2022-12-23 14:00:07,The ‘Black Panther’ Sequel That Never Was
2022-12-23 14:00:06,‘Babylon’ and the Case of the Missing Bob Haircut
2022-12-23 14:00:06,Zoey Deutch Enjoys ‘The Joy of Cooking’ and the Occasional Tracksuit
2022-12-23 13:41:36,Consumer Spending Cooled in November as Closely Watched Inflation Gauge Slowed
2022-12-23 13:00:13,The Most Sought After Manuscript in Publishing? The Jan. 6 Report.
2022-12-23 13:00:02,"As Hope Fades for Missing Thai Sailors, Ship’s Safety Is Scrutinized"
2022-12-23 13:00:00,How Well Do You Know Your Holiday Movies?
2022-12-23 12:56:32,"George Santos’s Early Life: Odd Jobs, Bad Debts and Lawsuits"
2022-12-23 12:21:34,Bankman-Fried’s ‘Epic’ Legal Battle
2022-12-23 12:15:41,Gunman Kills at Least 3 in Paris in Suspected Racist Attack
2022-12-23 12:00:06,"With the Big Pieces in Place, the Yankees Still Have Needs"
2022-12-23 12:00:04,"Newly Published, From Worker Justice to Sound Waves"
2022-12-23 11:55:13,"With a Monster Storm Moving In, He Set Out on a 1,100-mile Drive"
2022-12-23 11:51:08,A Brutal Storm
2022-12-23 11:41:40,"When Putin called the conflict a ‘war,’ he wasn’t reversing course."
2022-12-23 11:17:30,North Korea Launches Two Ballistic Missiles: What to Know
2022-12-23 11:00:08,A Restaurant Critic (Ours) on the Year that Changed Him Forever
2022-12-23 10:58:24,"Adnan Syed of ‘Serial,’ Newly Freed, Is Hired by Georgetown University"
2022-12-23 10:52:27,Iran condemns Zelensky’s remarks to Congress as ‘baseless.’
2022-12-23 10:31:42,High winds and bitter cold: A region-by-region look at what to expect on Friday.
2022-12-23 10:31:39,Like a Walk-In Freezer: Pre-Holiday Storm Pummels the Nation
2022-12-23 10:22:37,"As Cases Explode, China’s Low Covid Death Toll Convinces No One"
2022-12-23 10:02:53,An Orchestra Reflects on War and Its Aftermath
2022-12-23 10:01:14,"The Artists We Lost in 2022, in Their Words"
2022-12-23 10:01:03,"A Cathedral Tried to Approach Heaven, but the Earth Held a Deep Secret"
2022-12-23 10:00:55,It’s 9 A.M. Time to Grab Your Christmas Onesie and Start Partying.
2022-12-23 10:00:50,‘They Better Start Breeding Cowboys’
2022-12-23 10:00:49,"At German Christmas Markets, Smiles Shine Bright but Budgets Are Tight"
2022-12-23 10:00:44,Human Artists Take on Their New Robot Competition
2022-12-23 10:00:40,Bubbles (What Else?) to Ring In the New Year
2022-12-23 10:00:39,Here Are the Sports Moments We Can’t Wait to See in 2023
2022-12-23 10:00:38,"France Desperately Needs Workers, but the Fixes Could Anger Left and Right"
2022-12-23 10:00:36,His Job Description? Protecting German Democracy. Literally.
2022-12-23 10:00:36,"Hope, Regret, Uncertainty: 7 Women on Freezing Their Eggs"
2022-12-23 10:00:36,"Jeep Plant Shutdown Imperils Illinois Town and 1,350 Workers"
2022-12-23 10:00:36,Why Is There a Candle for Everything?
2022-12-23 10:00:36,"This Party Season, You Don’t Have to R.S.V.P., Just Test"
2022-12-23 10:00:34,"Wait, Is My Dog Stoned?"
2022-12-23 10:00:33,"Christmastime at Dollywood, and More: The Week in Reporter Reads"
2022-12-23 10:00:33,BlackRock’s Pitch for Socially Conscious Investing Antagonizes All Sides
2022-12-23 10:00:33,"In This Show, Mack the Knife Is a Woman"
2022-12-23 10:00:33,"A French Modernist Masterpiece, Lost and Found"
2022-12-23 10:00:27,An Opera House Gives Contemporary Art a Major Role
2022-12-23 10:00:25,How to Travel the World While Putting Nature First
2022-12-23 10:00:25,It’s Boom Times for Santa
2022-12-23 10:00:22,Inside the Jan. 6 Committee
2022-12-23 10:00:20,7 Things That Reminded New Yorkers of Who They Really Are
2022-12-23 10:00:20,America Needs Its Own Comic Opera Company
2022-12-23 10:00:20,New Retirement Law Would Bring Twists to Roth I.R.A.s and 401(k)s
2022-12-23 10:00:19,Does the Meaning of a Song Change Depending on Who Wrote It?
2022-12-23 10:00:15,"The Power of a Good Narrative, in Your Ear or Otherwise"
2022-12-23 10:00:14,Donald Trump Is Now Forever Disgraced
2022-12-23 10:00:13,"It Was My Favorite Toy to Give to New Parents, Until It Went Away"
2022-12-23 10:00:13,The Best Way to Comfort Someone When They’re Sad
2022-12-23 10:00:12,What to Know Before You Freeze Your Eggs
2022-12-23 10:00:12,Lauren Spencer Is a Sex-Positive Disability Influencer
2022-12-23 10:00:02,5 Things to Do This Weekend
2022-12-23 10:00:02,Sports to Watch This Holiday Weekend
2022-12-23 09:29:45,Ukraine’s president defiantly predicts victory after trip to Washington.
2022-12-23 08:19:00,The Senate passes a spending bill that includes nearly $50 billion in aid for Ukraine.
2022-12-23 08:00:10,"For Many Wall Street Bankers, This Year’s Bonus Season Is a Bust"
2022-12-23 08:00:08,"Día 23: En Navidad, él no tiene descanso"
2022-12-23 08:00:08,America as More Than Its Crises
2022-12-23 08:00:04,Spelling Bee Forum
2022-12-23 05:37:30,A Subway Rescue Hero Wins a Sweepstakes Prize
2022-12-23 05:35:52,Quotation of the Day: Voting Flaw Exposed by Jan. 6 Spurred Senators
2022-12-23 05:34:06,"Corrections: Dec. 23, 2022"
2022-12-23 05:07:04,Your Friday Briefing
2022-12-23 05:00:11,Their Mothers Brought Them Together. Loss Cemented Their Bond.
2022-12-23 05:00:09,A Helmet and a Hug Won Her Over
2022-12-23 05:00:09,"Day 23: On Christmas Day, No Rest for the Weary. (Or the Guy Who Feeds the Penguins.)"
2022-12-23 05:00:09,When a Doorbell’s Ring Means Hope
2022-12-23 05:00:08,"Marriage Was Not in His Plan, Divine Intervention Changed That"
2022-12-23 05:00:08,She Kick-Started His Heart
2022-12-23 04:51:38,Congress Votes to Expand U.S. Power to Prosecute International War Crimes
2022-12-23 03:06:34,Adam Schiff: My Fellow Members of the Jan. 6 Committee and I Don’t Want You to Forget About ‘the Republican Congressmen’
2022-12-23 03:02:02,Variety: Cryptic Crossword
2022-12-23 03:00:06,Co-Writer of Tone Loc’s ‘Wild Thing’
2022-12-23 02:54:15,"Jan. 6 Panel Issues Final Report, Placing Blame for Capitol Riot on ‘One Man’"
2022-12-23 01:14:32,Arbitrator Reinstates Trevor Bauer to Major League Baseball
2022-12-23 01:00:06,Need to Defuse Family Squabbles? Learn From an F.B.I. Crisis Negotiator.
2022-12-23 00:56:11,"Ali Ahmed Aslam, 77, Dies; Credited With Inventing Chicken Tikka Masala"
2022-12-23 00:42:52,The Senate supports using seized oligarchs’ assets to fund Ukraine’s reconstruction.
2022-12-23 00:05:56,Five Science Fiction Movies to Stream Now
2022-12-23 00:00:49,Outreach intensifies to find shelter for homeless people caught in the path of the storm.
2022-12-23 00:00:09,Biden’s America Finds Its Voice
2022-12-23 00:00:06,China’s Future Isn’t What It Used to Be
2022-12-23 00:00:05,"Joe Lieberman to Kyrsten Sinema: Come on In, the Water’s Warm"
2022-12-23 00:00:00,Spaghetti all'Assassina (Spicy Singed Tomato Pasta)
2022-12-22 23:49:09,Ukraine Buoyed by Hero’s Welcome for Zelensky in Washington
2022-12-22 23:40:53,Madison Square Garden Uses Facial Recognition to Ban Its Owner’s Enemies
2022-12-22 23:28:33,"Target Recalls Over 200,000 Children’s Weighted Blankets After 2 Girls Die"
2022-12-22 23:24:41,‘The Witcher: Blood Origin’ Is TV’s Latest Big Fantasy Prequel
2022-12-22 23:13:04,Zelensky’s Weapons Wish List Goes Mostly Unfulfilled on Trip to Washington
2022-12-22 23:12:03,Where do I report a positive home test?
2022-12-22 23:10:55,Congress Honors Emmett Till and His Mother With Gold Medal Vote
2022-12-22 23:05:10,Putin says giving Patriot missiles to Kyiv ‘is simply prolonging the conflict.’
2022-12-22 22:55:52,Former Juilliard Chair Goes on Leave Amid Sexual Misconduct Investigation
2022-12-22 22:50:35,Your Thursday Evening Briefing
2022-12-22 22:37:14,Jan. 6 Witness Told Panel That Lawyer Tried to Influence Her Testimony
2022-12-22 22:26:00,"With roughly 10,000 flights affected by weather, travelers adjust or abandon their holiday plans."
2022-12-22 22:22:26,Twitter Is Said to Have Struggled Over Revealing U.S. Influence Campaign
2022-12-22 22:20:57,"Barry Feinstein, Once a Labor Union Power in New York, Dies at 87"
2022-12-22 22:07:48,Our Best Air-Fryer Recipes
2022-12-22 22:02:53,"Guaidó, the Face of Opposition in Venezuela, May Be on His Way Out"
2022-12-22 21:58:18,Tyson Foods suspends operations at some meatpacking plants.
2022-12-22 21:25:09,"In Amsterdam, a Mostly Vegan, All Cashmere Feast"
2022-12-22 21:15:35,How Climate Change Can Supercharge Snowstorms
2022-12-22 21:13:59,How to Stop Work Anxiety From Sabotaging Your Vacation
2022-12-22 21:11:09,"Mike Hodges, Director Acclaimed for ‘Get Carter,’ Dies at 90"
2022-12-22 21:07:17,Your Friday Briefing: A Times Investigation Into Bucha
2022-12-22 21:06:18,How Much Watching Time Do You Have This Weekend?
2022-12-22 21:01:39,Washington says North Korea is delivering arms to the Wagner Group for Russia’s use in Ukraine.
2022-12-22 20:57:15,Journey Guitarist to Bandmate Who Played for Trump: No Political Gigs
2022-12-22 20:42:18,"U.S. Population Ticks Up, but the Rate of Growth Stays Near Historic Lows"
2022-12-22 20:37:31,A Rush of Far-Right Initiatives by Israel’s New Government Raises Concerns
2022-12-22 20:17:29,Trump Audit Shows Depths of I.R.S. Funding Woes
2022-12-22 20:11:47,"Returning from Washington, Zelensky meets with another staunch ally: Poland’s president."
2022-12-22 20:03:56,"Even After FTX, S.E.C. Chair Sees No Need for New Crypto Laws"
2022-12-22 20:00:08,Shayok Misha Chowdhury and Laura Grill Jaye Win 2022 Relentless Award
2022-12-22 19:59:30,‘Corsage’ Review: A Queen in Quiet Rebellion
2022-12-22 19:47:07,Congress Has Once Again Failed Immigrant Youths
2022-12-22 19:36:29,The U.S. imposes new sanctions on companies that supply the Russian Navy.
2022-12-22 19:25:33,"At France’s Oldest Christmas Market, Energy Crisis Dims Festive Spirits"
2022-12-22 19:25:20,"Xi Xi, Whose Writing Defined a Changing Hong Kong, Dies at 85"
2022-12-22 19:20:54,How a Bipartisan Senate Group Addressed a Flaw Exposed by Jan. 6
2022-12-22 19:19:18,Cathedral of St. John Finally Solves a 100-Year-Old Problem
2022-12-22 19:17:37,Will You Have a White Christmas This Year?
2022-12-22 19:16:03,‘Babylon’ Review: Boozing. Snorting. That’s Entertainment!?
2022-12-22 19:15:34,Stocks Fall as Brighter Economic Data Stoke Fears of More Rate Hikes
2022-12-22 19:07:51,The U.N. nuclear chief says he is working with ‘utmost urgency’ to get a nuclear safety zone at Zaporizhzhia.
2022-12-22 19:02:45,Hochul Taps First Latino Judge to Head New York’s Top Court
2022-12-22 19:00:11,How a See-Through Frog Hides Its Red Blood From Predators
2022-12-22 18:58:13,George Santos Breaks Silence: ‘I Have My Story to Tell.’ (Next Week.)
2022-12-22 18:54:17,‘Living’ Review: Losing His Inhibition
2022-12-22 18:52:29,Sam Bankman-Fried Released on $250 Million Bond With Restrictions
2022-12-22 18:40:53,"In Minnesota, residents brush off the first wave but brace for blizzard conditions."
2022-12-22 18:28:20,‘Women Talking’ Review: The Power of Speech
2022-12-22 18:26:46,Germany accuses one of its intelligence officers of being a Russian spy.
2022-12-22 18:24:46,What Was the Best Advice You Received in 2022?
2022-12-22 18:15:48,How Are You Dealing With the Extreme Cold? Tell Us.
2022-12-22 18:09:23,‘Whitney Houston: I Wanna Dance With Somebody’ Review: Her Lonely Heart Calls
2022-12-22 18:08:52,Drivers set on reaching their destinations find comfort at a Des Moines coffee shop determined to stay open.
2022-12-22 18:00:03,Feed a Crowd With These Festive Savory Pies
2022-12-22 17:59:02,What’s in Our Queue? ‘Midnight Diner’ and More
2022-12-22 17:50:49,Zelensky’s Appeal for More U.S. Support
2022-12-22 17:43:34,"Oscar White Muscarella, Museum ‘Voice of Conscience,’ Dies at 91"
2022-12-22 17:40:55,"New Year’s Eve in New York City: What to Do, See and Eat"
2022-12-22 17:37:45,Holiday Shoppers and Shipping Companies Are Keeping a Close Eye on the Storm
2022-12-22 17:10:06,The Choreographer Alexei Ratmansky Is Leaving American Ballet Theater
2022-12-22 17:09:26,"‘Millennium Mambo’: A Lush, Mysterious Tale From Taipei"
2022-12-22 17:05:29,California’s Timeless Veggie Sandwiches Have One Key Ingredient
2022-12-22 17:04:17,ByteDance Inquiry Finds Employees Obtained User Data of 2 Journalists
2022-12-22 17:00:10,Reading Erotica Anywhere and Everywhere
2022-12-22 17:00:09,‘The Pale Blue Eye’ Review: Stolen Hearts and Tortured Minds
2022-12-22 17:00:04,Do Not Cross Ron DeSantis
2022-12-22 16:58:12,"In Texas, officials hope to avoid a repeat of the devastating 2021 winter storm."
2022-12-22 16:33:05,This page was published in error.
2022-12-22 16:25:07,Winter Storm Raises Fears and Scrambles Plans as It Moves South
2022-12-22 16:15:03,9 New Books We Recommend This Week
2022-12-22 16:09:47,‘Joyride’ Review: Irresponsible Adult
2022-12-22 16:00:15,Finding Gender Equality in the World’s Most Famous Waves
2022-12-22 15:51:57,‘No Bears’ Review: A Film That Critiques Itself
2022-12-22 15:30:06,Stream These Three Great Documentaries
2022-12-22 15:26:37,How to Avoid Making a Wedding Faux Pas
2022-12-22 15:20:13,Germany and France welcome Zelensky’s trip to Washington.
2022-12-22 15:01:55,Belarus’s leader tries to play down suggestions that recent military moves were aimed at Ukraine.
2022-12-22 14:41:01,Where’s My Waiter? U.K. Restaurants Scramble for Staff After Brexit.
2022-12-22 14:34:04,"Senate Passes $1.7 Trillion Spending Bill, in Bid to Avert Government Shutdown"
2022-12-22 14:28:54,How to avoid frostbite and hypothermia in extreme cold weather.
2022-12-22 14:26:51,YouTube Reaches Deal for N.F.L. Sunday Ticket
2022-12-22 14:13:40,How to Prepare Your House for Extreme Weather
2022-12-22 14:11:04,Will University of California Academic Workers End the Strike?
2022-12-22 14:08:48,"The former chief of Russia’s space agency is injured in shelling in Ukraine’s east, Russian officials say."
2022-12-22 14:00:14,"Lucio Fontana, a Sculptor but So Perverse"
2022-12-22 14:00:11,"In 2022, Latin Pop Thrived on Innovation. Again."
2022-12-22 14:00:08,The One About When Groucho Marx and Dick Cavett Became Great Friends
2022-12-22 14:00:07,T Magazine’s Favorite Food Stories of 2022
2022-12-22 13:46:38,The Olive Green Sweatshirt Goes to Congress
2022-12-22 13:36:15,Frontline City’s Final Food Stand Finds a Way to Keep the Pizza Coming
2022-12-22 13:18:27,"Sam Bankman-Fried, FTX’s Co-Founder, Is Increasingly Alone"
2022-12-22 13:13:55,"Holiday travel is a mess. Last year, Omicron added to the mayhem."
2022-12-22 13:00:19,Zelensky’s U.S. trip lifts spirits during a cold winter for Ukraine.
2022-12-22 12:15:59,Democrats in Virginia Pick Jennifer McClellan in Special House Primary
2022-12-22 12:14:39,Faith Communities
2022-12-22 12:12:24,Word of the Day: emphatic
2022-12-22 12:01:15,"In Russia, Zelensky’s visit to Washington provokes outrage and ridicule."
2022-12-22 12:00:08,What You Need to Earn to Buy a Home in the Largest U.S. Cities
2022-12-22 11:49:32,Trump Oversight
2022-12-22 11:00:08,A Crisis in Peru Signals Trouble for South America
2022-12-22 10:30:06,‘It’s going to be very cold’: A region-by-region forecast.
2022-12-22 10:00:47,How Miami Does Christmas
2022-12-22 10:00:38,"‘Major Trustee, Please Prioritize’: How NYU’s E.R. Favors the Rich"
2022-12-22 10:00:34,The Mysterious Case of the Doctor Who Disappeared at Sea
2022-12-22 10:00:29,‘Tripledemic’ Rages On: Fever-Filled Weeks Lie Ahead
2022-12-22 10:00:28,"Without a Covid Narrative, China’s Censors Are Not Sure What to Do"
2022-12-22 10:00:28,Yippee Ki Yay: ‘Die Hard’ Comes to the Christmas Stage
2022-12-22 10:00:27,"To Save a Ruin, Send in the Sheep"
2022-12-22 10:00:26,"For Zelensky, a Celebration of Resilience and a Sales Pitch for Support"
2022-12-22 10:00:25,"In the Village, Another Piece of the City’s History Is Coming Down"
2022-12-22 10:00:22,Homes for Sale in New York and Connecticut
2022-12-22 10:00:21,Homes for Sale in Brooklyn and Manhattan
2022-12-22 10:00:20,The Last Lesson of the Jan. 6 Committee
2022-12-22 10:00:20,Black Ice and White Knuckles: Braving the Elements on Iceland’s Ring Road
2022-12-22 10:00:19,What Is the Polar Vortex? And Other Cold-Weather Climate Questions.
2022-12-22 10:00:19,Lost in Candyland
2022-12-22 10:00:19,Best Classical Music Tracks of 2022
2022-12-22 10:00:19,What Inspires a Poet to Write a Novel? Ask Kathleen Glasgow.
2022-12-22 10:00:19,Musk Lifted Bans for Thousands on Twitter. Here’s What They’re Tweeting.
2022-12-22 10:00:18,"May I Speak to a Human, Please?"
2022-12-22 10:00:18,21 Sports Highlights From 2022 Worth Watching Again
2022-12-22 10:00:17,Microsoft Gambles on ‘Nice Guy’ Strategy to Close Activision Megadeal
2022-12-22 10:00:17,The Dinner Party Writers Dream Of
2022-12-22 10:00:17,The Day Franco Harris Performed a Miracle and Inspired an Army
2022-12-22 10:00:16,"$32,000 Raises: What Brought N.Y. Lawmakers Back to Albany in December"
2022-12-22 10:00:15,George Santos and How Opposition Research Really Works
2022-12-22 10:00:15,"Helping a Family Carry On, After a Child’s Abilities ‘Just Turned Off’"
2022-12-22 10:00:14,How Is Nikola Jokic This Good Again?
2022-12-22 10:00:10,Judge John Hodgman on Christmas Gifts for the Unborn
2022-12-22 10:00:10,Poem: Dootł’izh
2022-12-22 10:00:10,Where Have All the Adults in Children’s Books Gone?
2022-12-22 10:00:07,"Wilco’s Jeff Tweedy on Haters, List Makers and Sharing Art You Love"
2022-12-22 10:00:02,Quiz: You Can’t Say That! (Or Can You?)
2022-12-22 10:00:01,36 Hours in London
2022-12-22 09:47:06,Nepali Court Orders Release of French Killer From Prison
2022-12-22 09:06:25,"Caught on Camera, Traced by Phone: The Russian Military Unit That Killed Dozens in Bucha"
2022-12-22 08:00:12,Sports and Fashion Won Big Together This Year
2022-12-22 08:00:08,A Science Reporter Asks: ‘Where Are the Aliens?’
2022-12-22 08:00:04,Spelling Bee Forum
2022-12-22 08:00:02,Día 22: Navidad al estilo Bollywod
2022-12-22 06:40:19,The Ukrainian leader sought to convey the reality of the war to Washington.
2022-12-22 06:40:18,The U.S. military aid flowing to Ukraine now includes very sophisticated weapons.
2022-12-22 06:18:51,"$142,000 a Year: State Legislators’ Expected New Salary"
2022-12-22 05:18:28,Your Thursday Briefing
2022-12-22 05:16:51,A dispute over immigration policy delays a bid to pass Ukraine aid in the Senate.
2022-12-22 05:01:09,N.F.L. Week 16 Predictions: Our Picks for Each Game
2022-12-22 05:00:07,Day 22: A Very Bollywood Christmas Playlist
2022-12-22 03:46:16,Quotation of the Day: Musk’s Tweets Only Aggravate Tesla’s Troubles
2022-12-22 03:00:30,Full Transcript of Zelensky’s Speech Before Congress
2022-12-22 03:00:08,Indirect Path
2022-12-22 02:43:44,Why the battle for Bakhmut is so important.
2022-12-22 02:37:36,Arizona Agrees to Dismantle Border Wall Made From Cargo Containers
2022-12-22 02:23:38,A Common Answer to Jan. 6 Panel Questions: The Fifth
2022-12-22 01:58:42,Two Executives in Sam Bankman-Fried’s Crypto Empire Plead Guilty to Fraud
2022-12-22 01:09:00,What Growing Up on a Farm Taught Me About Humility
2022-12-22 01:03:11,"Corrections: Dec. 22, 2022"
2022-12-22 01:00:41,A Serial Killer Who Taunts the Police: ‘I’m Going to Do It Again’
2022-12-22 00:58:02,Women Are on the March
2022-12-22 00:52:35,Lawmakers Steer Home More Than $15 Billion in Pet Projects
2022-12-22 00:44:20,Their Final Moments: Victims of a Russian Atrocity in Bucha
2022-12-22 00:42:54,"I.R.S. Routinely Audited Obama and Biden, Raising Questions Over Delays for Trump"
2022-12-22 00:33:12,"U.S. Aid Is ‘Not Charity,’ Zelensky Tells Congress as a Lengthy War Looms"
2022-12-22 00:32:20,"Along the Border, Waiting Anxiously for the End of a Pandemic-Era Rule"
2022-12-22 00:20:06,Gods Don’t Bleed. Trump Is Bleeding.
2022-12-22 00:18:39,Some Republicans are skipping Zelensky’s address.
2022-12-22 00:17:30,"Iowa Police Chief Sold Department’s Machine Guns for Profit, Officials Say"
2022-12-22 00:00:06,The Americanization of Religion
2022-12-22 00:00:04,Why No One in Politics Wants to Talk About the Sam Bankman-Fried Scandal
2022-12-22 00:00:00,Air-Fryer Sweet Potato Fries
2022-12-22 00:00:00,Air-Fryer Chicken Breast
2022-12-22 00:00:00,Air-Fryer Chicken Thighs
2022-12-22 00:00:00,Air-Fryer Bacon
2022-12-22 00:00:00,Air-Fryer Pork Chops
2022-12-21 23:56:56,Biden officials are talking to Congress about declaring Russia an ‘aggressor state.’
2022-12-21 23:42:36,Zelensky’s Message: Ukraine Is Fighting for Good Over Evil
2022-12-21 23:39:08,"Trump’s Taxes: Red Flags, Big Losses and a Windfall From His Father"
2022-12-21 23:30:04,Could Fusion Arrive in Time to Solve Climate Change?
2022-12-21 23:10:40,"Hochul Grants Clemency to 13, Including a Domestic Violence Victim"
2022-12-21 23:05:58,Did George Santos Also Mislead Voters About His Jewish Descent?
2022-12-21 22:40:14,Your Wednesday Evening Briefing
2022-12-21 22:39:35,Zelensky flies the flag of Ukraine’s enduring defiance with a crew neck and cargo pants.
2022-12-21 22:12:38,"Putin Concedes Military Failings, but Insists Russia Will Fight On"
2022-12-21 22:01:38,"Sonya Eddy, ‘General Hospital’ Actress, Dies at 55"
2022-12-21 21:56:25,Coalition Deal Puts Netanyahu on Brink of Power in Israel
2022-12-21 21:38:19,"Songs from Rihanna, Taylor Swift and Lady Gaga Make the Oscar Shortlist"
2022-12-21 21:38:16,"In Testimony, Hannity and Other Fox Employees Said They Doubted Trump’s Fraud Claims"
2022-12-21 21:15:03,Struggling Under Armour Hires ‘Fresh Eyes’ From Marriott to Lead It
2022-12-21 21:12:22,President Biden Signs Bill Outlawing Private Ownership of Big Cats
2022-12-21 21:08:56,Frank James to Plead Guilty to Terror Counts in Brooklyn Subway Shooting
2022-12-21 21:06:13,Your Thursday Briefing: Zelensky at the White House
2022-12-21 20:54:10,An Artist Who Encourages Visitors to Walk Over His Work
2022-12-21 20:46:03,Why Did the Mets Add Yet Another Star? Because They Could.
2022-12-21 20:37:48,"If Twitter Fails, They’ll Be Free"
2022-12-21 20:19:50,Our 20 Best Christmas Cookie Recipes
2022-12-21 20:13:41,What am I allowed to do after Day 5 of a Covid infection?
2022-12-21 20:02:21,Inside the Oscars’ Best-Actress Battle Royal
2022-12-21 20:00:05,A Strong Signal That Recession Is Looming
2022-12-21 19:51:18,The latest U.S. package of weapons for Kyiv will include Patriot missiles.
2022-12-21 19:49:02,New York City Triathlon Moves to the Fall After Summer Heat Disruptions
